[
  {
    "key": "Me <br>",
    "original": "Me <br>",
    "translation": "我 <br>",
    "stage": 1
  },
  {
    "key": "It's late I should go to sleep.",
    "original": "It's late I should go to sleep.",
    "translation": "太晚了，我该去睡觉了",
    "stage": 1
  },
  {
    "key": "\\C[20]Auntie Daisy\\C[0] <br>",
    "original": "\\C[20]Auntie Daisy\\C[0] <br>",
    "translation": "\\C[20]黛西阿姨\\C[0] <br>",
    "stage": 1
  },
  {
    "key": "Alright, alright! You win.",
    "original": "Alright, alright! You win.",
    "translation": "行吧行吧！你赢了！",
    "stage": 1
  },
  {
    "key": "You can leave now.",
    "original": "You can leave now.",
    "translation": "你可以走了。",
    "stage": 1
  },
  {
    "key": "He-he. Victory is mine!",
    "original": "He-he. Victory is mine!",
    "translation": "嘿嘿，我会赢的！",
    "stage": 1
  },
  {
    "key": "<c:0,120,0>How dare you!",
    "original": "<c:0,120,0>How dare you!",
    "translation": "<c:0,120,0>你好大的胆子！",
    "stage": 1
  },
  {
    "key": "<c:0,120,0>Get over here!",
    "original": "<c:0,120,0>Get over here!",
    "translation": "<c:0,120,0>过来这里！",
    "stage": 1
  },
  {
    "key": "Come here!",
    "original": "Come here!",
    "translation": "快过来！",
    "stage": 1
  },
  {
    "key": "Such a beautiful slice of meat,  I can't wait to know how it tastes.",
    "original": "Such a beautiful slice of meat,  I can't wait to know how it tastes.",
    "translation": "真是条小鲜肉，馋得我都流口水了。",
    "stage": 1
  },
  {
    "key": "I'm screwed! I don't know what she would do to me. Better get out before it's too late.",
    "original": "I'm screwed! I don't know what she would do to me. Better get out before it's too late.",
    "translation": "吓坏我了！天知道她会对我做什么，赶快开溜！",
    "stage": 1
  },
  {
    "key": "What is this? She's too strong!",
    "original": "What is this? She's too strong!",
    "translation": "怎么搞的？她怎么这么强！",
    "stage": 1
  },
  {
    "key": "Ugh... Her tough is a bit cold.",
    "original": "Ugh... Her tough is a bit cold.",
    "translation": "呃……她身体好冰……",
    "stage": 1
  },
  {
    "key": "This slippery and... cold... It's so good...",
    "original": "This slippery and... cold... It's so good...",
    "translation": "湿湿滑滑的……好舒服……",
    "stage": 1
  },
  {
    "key": "Looks like the dish is ready. Let's see how it tastes. ",
    "original": "Looks like the dish is ready. Let's see how it tastes. ",
    "translation": "让我看看你美不美味。",
    "stage": 1
  },
  {
    "key": "Ahh... Her mouth is so cold.",
    "original": "Ahh... Her mouth is so cold.",
    "translation": "啊……她嘴巴好冷……",
    "stage": 1
  },
  {
    "key": "My dick is so numb... I can feel my strength is leaking out.",
    "original": "My dick is so numb... I can feel my strength is leaking out.",
    "translation": "我小鸡鸡好麻……感觉力气都被吸走了……",
    "stage": 1
  },
  {
    "key": "This is bad! I should struggle and get out of here before I couldn't hold it anymore.",
    "original": "This is bad! I should struggle and get out of here before I couldn't hold it anymore.",
    "translation": "不好，我得赶快想办法离开这儿",
    "stage": 1
  },
  {
    "key": "Press \\c[1]Left Arrow\\c[0] or \\c[1]Right Arrow\\c[0] to struggle.",
    "original": "Press \\c[1]Left Arrow\\c[0] or \\c[1]Right Arrow\\c[0] to struggle.",
    "translation": "按\\c[1]左箭头\\c[0]与\\c[1]右箭头\\c[0]挣扎",
    "stage": 1
  },
  {
    "key": "It's so good, I'm cumming!!!",
    "original": "It's so good, I'm cumming!!!",
    "translation": "太舒服了，我要射了！",
    "stage": 1
  },
  {
    "key": "I'm too tired...",
    "original": "I'm too tired...",
    "translation": "我好累……",
    "stage": 1
  },
  {
    "key": "Delicious.",
    "original": "Delicious.",
    "translation": "美味。",
    "stage": 1
  },
  {
    "key": "I will keep you as my food supply.",
    "original": "I will keep you as my food supply.",
    "translation": "你以后就是我的口粮了。",
    "stage": 1
  },
  {
    "key": "You will be staying here forever.",
    "original": "You will be staying here forever.",
    "translation": "永远呆在这儿吧。",
    "stage": 1
  },
  {
    "key": "Retry",
    "original": "Retry",
    "translation": "重试",
    "stage": 1
  },
  {
    "key": "No",
    "original": "No",
    "translation": "不要",
    "stage": 1
  },
  {
    "key": "Man, such a weird dream...",
    "original": "Man, such a weird dream...",
    "translation": "我去，什么怪梦……",
    "stage": 1
  },
  {
    "key": "I better prepare myself, as there is school today!",
    "original": "I better prepare myself, as there is school today!",
    "translation": "赶快收拾收拾，该去学校了！",
    "stage": 1
  },
  {
    "key": "Let's go!",
    "original": "Let's go!",
    "translation": "走吧！",
    "stage": 1
  },
  {
    "key": "Used for hoeing or destroying seeds. <br>",
    "original": "Used for hoeing or destroying seeds. <br>",
    "translation": "用来开垦或除掉种子 <br>",
    "stage": 1
  },
  {
    "key": "\\c[10]-3\\c[0] \\c[1]Stamina\\c[0]",
    "original": "\\c[10]-3\\c[0] \\c[1]Stamina\\c[0]",
    "translation": "\\c[10]-3\\c[0] \\c[1]耐力\\c[0]",
    "stage": 1
  },
  {
    "key": "Used for removing grasses or crops. <br>",
    "original": "Used for removing grasses or crops. <br>",
    "translation": "用来除掉杂草或收割庄稼 <br>",
    "stage": 1
  },
  {
    "key": "Used for planting seeds or harvesting. <br>",
    "original": "Used for planting seeds or harvesting. <br>",
    "translation": "用来种下种子或收菜 <br>",
    "stage": 1
  },
  {
    "key": "Used for watering crops. <br>",
    "original": "Used for watering crops. <br>",
    "translation": "用来给植物浇水 <br>",
    "stage": 1
  },
  {
    "key": "Water Left: \\c[1]\\v[205]/16\\c[0] <br>",
    "original": "Water Left: \\c[1]\\v[205]/16\\c[0] <br>",
    "translation": "剩余水量：\\c[1]\\v[205]/16\\c[0] <br>",
    "stage": 1
  },
  {
    "key": "I can't use my \\i[244]\\c[1]Phone\\c[0] here.",
    "original": "I can't use my \\i[244]\\c[1]Phone\\c[0] here.",
    "translation": "我在这儿没法用\\i[244]\\c[1]手机\\c[0]",
    "stage": 1
  },
  {
    "key": "Spend Time",
    "original": "Spend Time",
    "translation": "消磨时间",
    "stage": 1
  },
  {
    "key": "Change day",
    "original": "Change day",
    "translation": "修改日期",
    "stage": 1
  },
  {
    "key": "Teleport",
    "original": "Teleport",
    "translation": "传送",
    "stage": 1
  },
  {
    "key": "Use Phone",
    "original": "Use Phone",
    "translation": "使用手机",
    "stage": 1
  },
  {
    "key": "Back",
    "original": "Back",
    "translation": "返回",
    "stage": 1
  },
  {
    "key": "Only 24 hours a day!",
    "original": "Only 24 hours a day!",
    "translation": "一天只有24小时！",
    "stage": 1
  },
  {
    "key": "\\c[12]Sleep after you change the day. \\c[2]Bug free if you don't.",
    "original": "\\c[12]Sleep after you change the day. \\c[2]Bug free if you don't.",
    "translation": "\\c[12]修改日期后记得睡一觉。\\c[2]不然可能出bug。",
    "stage": 1
  },
  {
    "key": "\\c[12]Monday - \\c[14]\\v[11]",
    "original": "\\c[12]Monday - \\c[14]\\v[11]",
    "translation": "\\c[12]周一 - \\c[14]\\v[11]",
    "stage": 1
  },
  {
    "key": "\\c[12]Tuesday - \\c[14]\\v[11]",
    "original": "\\c[12]Tuesday - \\c[14]\\v[11]",
    "translation": "\\c[12]周二 - \\c[14]\\v[11]",
    "stage": 1
  },
  {
    "key": "\\c[12]Wednesday - \\c[14]\\v[11]",
    "original": "\\c[12]Wednesday - \\c[14]\\v[11]",
    "translation": "\\c[12]周三 - \\c[14]\\v[11]",
    "stage": 1
  },
  {
    "key": "\\c[12]Thursday - \\c[14]\\v[11]",
    "original": "\\c[12]Thursday - \\c[14]\\v[11]",
    "translation": "\\c[12]周四 - \\c[14]\\v[11]",
    "stage": 1
  },
  {
    "key": "\\c[12]Friday - \\c[14]\\v[11]",
    "original": "\\c[12]Friday - \\c[14]\\v[11]",
    "translation": "\\c[12]周五 - \\c[14]\\v[11]",
    "stage": 1
  },
  {
    "key": "\\c[2]Saturday - \\c[14]\\v[11]",
    "original": "\\c[2]Saturday - \\c[14]\\v[11]",
    "translation": "\\c[12]周六 - \\c[14]\\v[11]",
    "stage": 1
  },
  {
    "key": "\\c[2]Sunday - \\c[14]\\v[11]",
    "original": "\\c[2]Sunday - \\c[14]\\v[11]",
    "translation": "\\c[12]周日 - \\c[14]\\v[11]",
    "stage": 1
  },
  {
    "key": "\\c[14]\\v[11]",
    "original": "\\c[14]\\v[11]",
    "translation": "\\c[14]\\v[11]",
    "stage": 1
  },
  {
    "key": "Only 30 days a month!",
    "original": "Only 30 days a month!",
    "translation": "一个月只有30天！",
    "stage": 1
  },
  {
    "key": "I have a picnic tomorrow.",
    "original": "I have a picnic tomorrow.",
    "translation": "我明天要去野营",
    "stage": 1
  },
  {
    "key": "Can only use this cheat after the First School Day event.",
    "original": "Can only use this cheat after the First School Day event.",
    "translation": "只有在去过学校后才能使用作弊功能",
    "stage": 1
  },
  {
    "key": "I need to change back to my casual clothes before leaving.",
    "original": "I need to change back to my casual clothes before leaving.",
    "translation": "走之前我得先换回日常穿着",
    "stage": 1
  },
  {
    "key": "School",
    "original": "School",
    "translation": "学校",
    "stage": 1
  },
  {
    "key": "Daisy's Farm",
    "original": "Daisy's Farm",
    "translation": "黛西的农场",
    "stage": 1
  },
  {
    "key": "Neighbourhood",
    "original": "Neighbourhood",
    "translation": "邻居",
    "stage": 1
  },
  {
    "key": "Forest",
    "original": "Forest",
    "translation": "森林",
    "stage": 1
  },
  {
    "key": "Shop",
    "original": "Shop",
    "translation": "商店",
    "stage": 1
  },
  {
    "key": "Entrance",
    "original": "Entrance",
    "translation": "入口",
    "stage": 1
  },
  {
    "key": "1st Floor",
    "original": "1st Floor",
    "translation": "一楼",
    "stage": 1
  },
  {
    "key": "2nd Floor",
    "original": "2nd Floor",
    "translation": "二楼",
    "stage": 1
  },
  {
    "key": "3rd Floor",
    "original": "3rd Floor",
    "translation": "三楼",
    "stage": 1
  },
  {
    "key": "Terrace",
    "original": "Terrace",
    "translation": "天台",
    "stage": 1
  },
  {
    "key": "Courtyard",
    "original": "Courtyard",
    "translation": "庭院",
    "stage": 1
  },
  {
    "key": "\\c[14]Location is under construction. ",
    "original": "\\c[14]Location is under construction. ",
    "translation": "\\c[14]尚未完工",
    "stage": 1
  },
  {
    "key": "Swimming Pool",
    "original": "Swimming Pool",
    "translation": "泳池",
    "stage": 1
  },
  {
    "key": "Today is \\c[2]Christmas Day\\c[0].",
    "original": "Today is \\c[2]Christmas Day\\c[0].",
    "translation": "今天是\\c[2]圣诞节\\c[0]",
    "stage": 1
  },
  {
    "key": "\\c[14]This location hasn't been unlocked yet!",
    "original": "\\c[14]This location hasn't been unlocked yet!",
    "translation": "\\c[14]尚未解锁",
    "stage": 1
  },
  {
    "key": "Outside",
    "original": "Outside",
    "translation": "外面",
    "stage": 1
  },
  {
    "key": "Douie's Farm",
    "original": "Douie's Farm",
    "translation": "杜伊的农场",
    "stage": 1
  },
  {
    "key": "Blacksmith",
    "original": "Blacksmith",
    "translation": "铁匠铺",
    "stage": 1
  },
  {
    "key": "Ek's House",
    "original": "Ek's House",
    "translation": "埃克的房子",
    "stage": 1
  },
  {
    "key": "Lost Woods",
    "original": "Lost Woods",
    "translation": "迷失森林",
    "stage": 1
  },
  {
    "key": "River",
    "original": "River",
    "translation": "河流",
    "stage": 1
  },
  {
    "key": "Lost Woods Passageway",
    "original": "Lost Woods Passageway",
    "translation": "迷失森林小道",
    "stage": 1
  },
  {
    "key": "Deep Woods",
    "original": "Deep Woods",
    "translation": "森林深处",
    "stage": 1
  },
  {
    "key": "Elphaba's House",
    "original": "Elphaba's House",
    "translation": "埃尔珐芭的房子",
    "stage": 1
  },
  {
    "key": "Convenience Store",
    "original": "Convenience Store",
    "translation": "便利店",
    "stage": 1
  },
  {
    "key": "Clothing Store",
    "original": "Clothing Store",
    "translation": "服装店",
    "stage": 1
  },
  {
    "key": "It's already midnight. I should probably go to bed.",
    "original": "It's already midnight. I should probably go to bed.",
    "translation": "已经午夜了，我该去睡觉了",
    "stage": 1
  },
  {
    "key": "Do you think I can time travel?",
    "original": "Do you think I can time travel?",
    "translation": "你是想时间旅行吗？",
    "stage": 1
  },
  {
    "key": "\\^",
    "original": "\\^",
    "translation": "\\^",
    "stage": 1
  },
  {
    "key": "500\\i[172] and a piece of candy!",
    "original": "500\\i[172] and a piece of candy!",
    "translation": "500\\i[172]，还有一块糖！",
    "stage": 1
  },
  {
    "key": "No need to guess who they are!",
    "original": "No need to guess who they are!",
    "translation": "不用猜都知道是谁放的！",
    "stage": 1
  },
  {
    "key": "How did they sneak into my room?",
    "original": "How did they sneak into my room?",
    "translation": "他们什么时候溜进我房间的？",
    "stage": 1
  },
  {
    "key": "WOO!!! It's \\c[2]Christmas\\c[0]!",
    "original": "WOO!!! It's \\c[2]Christmas\\c[0]!",
    "translation": "噢耶！到\\c[2]圣诞节\\c[0]了！",
    "stage": 1
  },
  {
    "key": "WOO!!! It's \\c[30]Halloween\\c[0]!",
    "original": "WOO!!! It's \\c[30]Halloween\\c[0]!",
    "translation": "噢耶！到\\c[30]万圣节\\c[0]了！",
    "stage": 1
  },
  {
    "key": "What should I wear today? ",
    "original": "What should I wear today? ",
    "translation": "我今天穿什么好呢？",
    "stage": 1
  },
  {
    "key": "A mail?",
    "original": "A mail?",
    "translation": "一封信？",
    "stage": 1
  },
  {
    "key": "\\c[13]Leto's Shop\\c[0] <br>",
    "original": "\\c[13]Leto's Shop\\c[0] <br>",
    "translation": "\\c[13]勒托商店\\c[0] <br>",
    "stage": 1
  },
  {
    "key": "Our treat for this \\c[30]Halloween\\c[0] is \\c[10]25% OFF\\c[0], ONLY UNTIL MIDNIGHT!",
    "original": "Our treat for this \\c[30]Halloween\\c[0] is \\c[10]25% OFF\\c[0], ONLY UNTIL MIDNIGHT!",
    "translation": "\\c[30]万圣节\\c[0]全场\\c[10]2.5折\\c[0]！仅限今晚！",
    "stage": 1
  },
  {
    "key": "I've saved their number anyway. Not hurt to make a call.",
    "original": "I've saved their number anyway. Not hurt to make a call.",
    "translation": "先记下号码好了，有空再打电话",
    "stage": 1
  },
  {
    "key": "I wonder what they sell.",
    "original": "I wonder what they sell.",
    "translation": "我挺好奇他们会卖什么",
    "stage": 1
  },
  {
    "key": "That dream again. ",
    "original": "That dream again. ",
    "translation": "又是那个梦",
    "stage": 1
  },
  {
    "key": "It always stops at the scene where \\C[20]Mae\\C[0] takes me to watch her parents have sex and then she plays with my dick.",
    "original": "It always stops at the scene where \\C[20]Mae\\C[0] takes me to watch her parents have sex and then she plays with my dick.",
    "translation": "每次都梦到\\C[20]小梅\\C[0]带我去看她父母做爱，然后她开始玩我的小鸡鸡",
    "stage": 1
  },
  {
    "key": "I feel like I forgot a lot of things since I left here to go to the city with my mom.",
    "original": "I feel like I forgot a lot of things since I left here to go to the city with my mom.",
    "translation": "感觉从我和妈妈离开这里去城里住后忘掉了好多东西",
    "stage": 1
  },
  {
    "key": "Man, \\C[25]Aunt Douie\\C[0] is so hot. I would love to see them live action again.",
    "original": "Man, \\C[25]Aunt Douie\\C[0] is so hot. I would love to see them live action again.",
    "translation": "说真的，\\C[25]杜伊阿姨\\C[0]身材真辣啊。真想再看看他们做爱的样子。",
    "stage": 1
  },
  {
    "key": "They do it very loudly and can hear it from several miles away.",
    "original": "They do it very loudly and can hear it from several miles away.",
    "translation": "他们每次做爱动静都特别大，隔老远都听得到",
    "stage": 1
  },
  {
    "key": "Fortunately, their house is far from residential areas.",
    "original": "Fortunately, their house is far from residential areas.",
    "translation": "还好周围没住什么人",
    "stage": 1
  },
  {
    "key": "I wonder if they will do that tonight.",
    "original": "I wonder if they will do that tonight.",
    "translation": "不知道他们今晚会不会做",
    "stage": 1
  },
  {
    "key": "They always do it every night, I and \\C[20]Mae\\C[0] sometimes watch them do it back then.",
    "original": "They always do it every night, I and \\C[20]Mae\\C[0] sometimes watch them do it back then.",
    "translation": "他们每晚都做，\\C[20]小梅\\C[0]有时会看个正着。",
    "stage": 1
  },
  {
    "key": "I should go there at \\c[20]10 PM\\c[0].",
    "original": "I should go there at \\c[20]10 PM\\c[0].",
    "translation": "我应该\\c[20]晚上10点\\c[0]过去看看",
    "stage": 1
  },
  {
    "key": "Gulps...",
    "original": "Gulps...",
    "translation": "*咽口水**",
    "stage": 1
  },
  {
    "key": "Such a wild memory...",
    "original": "Such a wild memory...",
    "translation": "好狂野的回忆……",
    "stage": 1
  },
  {
    "key": "I don't think I've fuck \\C[20]Mae\\C[0] back then.",
    "original": "I don't think I've fuck \\C[20]Mae\\C[0] back then.",
    "translation": "我可不记得那时候有和\\C[20]小梅\\C[0]做爱过",
    "stage": 1
  },
  {
    "key": "It was amazing.",
    "original": "It was amazing.",
    "translation": "真奇妙",
    "stage": 1
  },
  {
    "key": "We did a few times after that.",
    "original": "We did a few times after that.",
    "translation": "之后我们又做了好几次",
    "stage": 1
  },
  {
    "key": "Her dad/\\C[2]Mr. Carter\\C[0] didn't let us play together anymore because we were too close.",
    "original": "Her dad/\\C[2]Mr. Carter\\C[0] didn't let us play together anymore because we were too close.",
    "translation": "他爸\\C[2]卡特先生\\C[0]感觉我们走得太近，之后都不怎么让我们一起玩了",
    "stage": 1
  },
  {
    "key": "If he knew what we did. Maybe it wasn't that simple.",
    "original": "If he knew what we did. Maybe it wasn't that simple.",
    "translation": "要是他知道我们干了什么，恐怕就不止这么简单了",
    "stage": 1
  },
  {
    "key": "Shit! A wet dream.",
    "original": "Shit! A wet dream.",
    "translation": "我去，梦遗了！",
    "stage": 1
  },
  {
    "key": "Damn! I must clean it quickly.",
    "original": "Damn! I must clean it quickly.",
    "translation": "我得快点儿收拾干净",
    "stage": 1
  },
  {
    "key": "\\C[20]Mae\\C[0]: \\C[3]+5\\C[0] <br>",
    "original": "\\C[20]Mae\\C[0]: \\C[3]+5\\C[0] <br>",
    "translation": "\\C[20]梅\\C[0]: \\C[3]+5\\C[0] <br>",
    "stage": 1
  },
  {
    "key": "\\C[20]Mae\\C[0]: \\v[37]",
    "original": "\\C[20]Mae\\C[0]: \\v[37]",
    "translation": "\\C[20]梅\\C[0]: \\v[37]",
    "stage": 1
  },
  {
    "key": "Damn... <br>",
    "original": "Damn... <br>",
    "translation": "我去…… <br>",
    "stage": 1
  },
  {
    "key": "Now I know why \\C[20]Mae\\C[0] always makes fun of me.",
    "original": "Now I know why \\C[20]Mae\\C[0] always makes fun of me.",
    "translation": "现在我知道为什么\\C[20]小梅\\C[0]老是捉弄我了",
    "stage": 1
  },
  {
    "key": "Mom is probably in the city right now. <br>",
    "original": "Mom is probably in the city right now. <br>",
    "translation": "妈妈现在大概已经进城了吧",
    "stage": 1
  },
  {
    "key": "She left and I didn't even notice.",
    "original": "She left and I didn't even notice.",
    "translation": "我都没注意到她走了",
    "stage": 1
  },
  {
    "key": "\\C[21]Joyce\\C[0]: \\C[3]+3\\C[0] <br>",
    "original": "\\C[21]Joyce\\C[0]: \\C[3]+3\\C[0] <br>",
    "translation": "\\C[21]乔伊丝\\C[0]: \\C[3]+3\\C[0] <br>",
    "stage": 1
  },
  {
    "key": "\\C[21]Joyce\\C[0]: \\v[27]",
    "original": "\\C[21]Joyce\\C[0]: \\v[27]",
    "translation": "\\C[21]乔伊丝\\C[0]: \\v[27]",
    "stage": 1
  },
  {
    "key": "Urghhh...",
    "original": "Urghhh...",
    "translation": "呃……",
    "stage": 1
  },
  {
    "key": "Maaaannn... How am I still so tired!? <br>",
    "original": "Maaaannn... How am I still so tired!? <br>",
    "translation": "老天……我怎么还是这么累？！ <br>",
    "stage": 1
  },
  {
    "key": "I feel like I just ran ten laps around the school.",
    "original": "I feel like I just ran ten laps around the school.",
    "translation": "感觉刚跑了一千米似的",
    "stage": 1
  },
  {
    "key": "I've heard that people sometimes move around while dreaming...",
    "original": "I've heard that people sometimes move around while dreaming...",
    "translation": "我好像听见有人在走来走去……",
    "stage": 1
  },
  {
    "key": "What the heck!? <br>",
    "original": "What the heck!? <br>",
    "translation": "什么鬼？！<br>",
    "stage": 1
  },
  {
    "key": "What are these stains!!?",
    "original": "What are these stains!!?",
    "translation": "这些污渍是什么？！",
    "stage": 1
  },
  {
    "key": "Did I... no...",
    "original": "Did I... no...",
    "translation": "是我？……",
    "stage": 1
  },
  {
    "key": "Something weird is going on... <br>",
    "original": "Something weird is going on... <br>",
    "translation": "真是奇怪……<br>",
    "stage": 1
  },
  {
    "key": "Especially since I don't think I've had any wet dreams for 7 days now",
    "original": "Especially since I don't think I've had any wet dreams for 7 days now",
    "translation": "我可是一周都没梦遗过了",
    "stage": 1
  },
  {
    "key": "I'm gonna keep watch tonight, and figure this out.",
    "original": "I'm gonna keep watch tonight, and figure this out.",
    "translation": "今晚不睡了，看看到底是什么情况",
    "stage": 1
  },
  {
    "key": "I know! <br>",
    "original": "I know! <br>",
    "translation": "这样吧！<br>",
    "stage": 1
  },
  {
    "key": "I'll buy a \\c[14]Coffee\\c[0]\\i[238] to make sure I stay awake!",
    "original": "I'll buy a \\c[14]Coffee\\c[0]\\i[238] to make sure I stay awake!",
    "translation": "我得去买杯\\c[14]咖啡\\c[0]\\i[238]，这样就不会睡着了",
    "stage": 1
  },
  {
    "key": "I need to go to the \\c[1]Convenience Store\\c[0]!",
    "original": "I need to go to the \\c[1]Convenience Store\\c[0]!",
    "translation": "我等下就去\\c[1]便利店\\c[0]",
    "stage": 1
  },
  {
    "key": "\\c[1]New \"Strange Stains\" Quest has been added <br>",
    "original": "\\c[1]New \"Strange Stains\" Quest has been added <br>",
    "translation": "\\c[1]新任务\"奇怪的污渍\"已添加<br>",
    "stage": 1
  },
  {
    "key": "\\c[21]You can access Quest Logs by 'A' key or through Menu",
    "original": "\\c[21]You can access Quest Logs by 'A' key or through Menu",
    "translation": "\\c[21]你可以按'A'键打开任务列表，或在游戏菜单里看",
    "stage": 1
  },
  {
    "key": "Hah!!",
    "original": "Hah!!",
    "translation": "哈！！",
    "stage": 1
  },
  {
    "key": "*Phew*",
    "original": "*Phew*",
    "translation": "*呼*",
    "stage": 1
  },
  {
    "key": "Still alive...",
    "original": "Still alive...",
    "translation": "我还活着……",
    "stage": 1
  },
  {
    "key": "What a night! <br>",
    "original": "What a night! <br>",
    "translation": "真是不错的一晚！ <br>",
    "stage": 1
  },
  {
    "key": "Kinda scary, but can't complain tho, hehe.",
    "original": "Kinda scary, but can't complain tho, hehe.",
    "translation": "有点吓人，但这样正好，嘿嘿",
    "stage": 1
  },
  {
    "key": "*Yawn*...I'm so tired.",
    "original": "*Yawn*...I'm so tired.",
    "translation": "*打哈欠*……我累坏了",
    "stage": 1
  },
  {
    "key": "It's Picnic day. Let's go!!!",
    "original": "It's Picnic day. Let's go!!!",
    "translation": "要野营咯！冲冲冲！",
    "stage": 1
  },
  {
    "key": "Better hurry, they're waiting for me downstair.",
    "original": "Better hurry, they're waiting for me downstair.",
    "translation": "赶快赶快，他们在楼下等我。",
    "stage": 1
  }
]