[
  {
    "key": "Potion",
    "original": "Potion",
    "translation": "药水",
    "stage": 1
  },
  {
    "key": "Magic Water",
    "original": "Magic Water",
    "translation": "魔法水",
    "stage": 1
  },
  {
    "key": "Dispel Herb",
    "original": "Dispel Herb",
    "translation": "冷静草",
    "stage": 1
  },
  {
    "key": "Stimulant",
    "original": "Stimulant",
    "translation": "春药",
    "stage": 1
  },
  {
    "key": "Contain fresh milk.\n\\c[3]+5\\c[0] \\c[1]Stamina\\c[0]",
    "original": "Contain fresh milk.\\n\\c[3]+5\\c[0] \\c[1]Stamina\\c[0]",
    "translation": "装着鲜牛奶。\\n\\c[3]+5\\c[0]\\c[1]体力\\c[0]",
    "stage": 1
  },
  {
    "key": "Bottle of Milk",
    "original": "Bottle of Milk",
    "translation": "牛奶瓶",
    "stage": 1
  },
  {
    "key": "Contain fresh milk.",
    "original": "Contain fresh milk.",
    "translation": "装着鲜牛奶",
    "stage": 1
  },
  {
    "key": "Bottle of Milk (Quest)",
    "original": "Bottle of Milk (Quest)",
    "translation": "牛奶瓶（任务）",
    "stage": 1
  },
  {
    "key": "Dirty clothes.\nShould put them in the basket in the bathroom.",
    "original": "Dirty clothes.\\nShould put them in the basket in the bathroom.",
    "translation": "脏衣服\\n我该把他们放进浴室的篮子里",
    "stage": 1
  },
  {
    "key": "Dirty Clothes (Quest)",
    "original": "Dirty Clothes (Quest)",
    "translation": "脏衣服（任务）",
    "stage": 1
  },
  {
    "key": "A little bit different from other pine. \nUsed for making the \\c[2]Christmas Tree\\c[0].",
    "original": "A little bit different from other pine. \\nUsed for making the \\c[2]Christmas Tree\\c[0].",
    "translation": "和其它松树有点儿不同\\n可以用来做\\c[2]圣诞树\\c[0]",
    "stage": 1
  },
  {
    "key": "Pine",
    "original": "Pine",
    "translation": "松树",
    "stage": 1
  },
  {
    "key": "My handy dandy phone.",
    "original": "My handy dandy phone.",
    "translation": "我的小手机",
    "stage": 1
  },
  {
    "key": "Phone",
    "original": "Phone",
    "translation": "手机",
    "stage": 1
  },
  {
    "key": "\\C[20]Auntie Daisy\\C[0]'s Axe.\nDon't know what she have it for.",
    "original": "\\C[20]Auntie Daisy\\C[0]'s Axe.\\nDon't know what she have it for.",
    "translation": "\\C[20]黛西阿姨\\C[0]的斧头。\\n不知道她拿来做什么",
    "stage": 1
  },
  {
    "key": "Daisy's Axe",
    "original": "Daisy's Axe",
    "translation": "黛西的斧头",
    "stage": 1
  },
  {
    "key": "Tiny dust made by Flower Fairies.\nUsed for making things smaller.",
    "original": "Tiny dust made by Flower Fairies.\\nUsed for making things smaller.",
    "translation": "花仙子的迷你粉\\n用来让东西变小",
    "stage": 1
  },
  {
    "key": "Tiny Miny Mini Dust",
    "original": "Tiny Miny Mini Dust",
    "translation": "迷你粉",
    "stage": 1
  },
  {
    "key": "Lesbian porn Magzine Vol 1.",
    "original": "Lesbian porn Magzine Vol 1.",
    "translation": "女同色情杂志 第1册",
    "stage": 1
  },
  {
    "key": "Lesbian Porn Mag Vol 1",
    "original": "Lesbian Porn Mag Vol 1",
    "translation": "女同色情杂志 第1册",
    "stage": 1
  },
  {
    "key": "School Hammer. Stealing is prohibited.",
    "original": "School Hammer. Stealing is prohibited.",
    "translation": "校用锤子，禁止偷窃",
    "stage": 1
  },
  {
    "key": "School Hammer (Quest)",
    "original": "School Hammer (Quest)",
    "translation": "校用锤子（任务）",
    "stage": 1
  },
  {
    "key": "Fixing the floor necessary items.",
    "original": "Fixing the floor necessary items.",
    "translation": "修地板必需品",
    "stage": 1
  },
  {
    "key": "Nails (Quest)",
    "original": "Nails (Quest)",
    "translation": "钉子（任务）",
    "stage": 1
  },
  {
    "key": "Fixing the floor necessary item.",
    "original": "Fixing the floor necessary item.",
    "translation": "修地板必需品",
    "stage": 1
  },
  {
    "key": "Wooden Plank (Quest)",
    "original": "Wooden Plank (Quest)",
    "translation": "木板（任务）",
    "stage": 1
  },
  {
    "key": "Lesbian porn Magzine Vol 2.",
    "original": "Lesbian porn Magzine Vol 2.",
    "translation": "女同色情杂志 第2册",
    "stage": 1
  },
  {
    "key": "Lesbian Porn Mag Vol 2",
    "original": "Lesbian Porn Mag Vol 2",
    "translation": "女同色情杂志 第2册",
    "stage": 1
  },
  {
    "key": "Contain Lady's dress and accessories.",
    "original": "Contain Lady's dress and accessories.",
    "translation": "装着夫人长裙与首饰",
    "stage": 1
  },
  {
    "key": "Lady Box",
    "original": "Lady Box",
    "translation": "夫人的盒子",
    "stage": 1
  },
  {
    "key": "New Clothes ",
    "original": "New Clothes ",
    "translation": "新衣服",
    "stage": 1
  },
  {
    "key": "Contains blessed water. \nThe use for spiritual cleansing.",
    "original": "Contains blessed water. \\nThe use for spiritual cleansing.",
    "translation": "装着圣水\\n可以净化灵魂",
    "stage": 1
  },
  {
    "key": "Holy Water",
    "original": "Holy Water",
    "translation": "圣水",
    "stage": 1
  },
  {
    "key": "Contains tea.",
    "original": "Contains tea.",
    "translation": "装着茶水",
    "stage": 1
  },
  {
    "key": "Tea",
    "original": "Tea",
    "translation": "茶",
    "stage": 1
  },
  {
    "key": "Wine bottle. \nIt looks pretty old. ",
    "original": "Wine bottle. \\nIt looks pretty old. ",
    "translation": "酒杯\\n看起来很古老",
    "stage": 1
  },
  {
    "key": "Wine",
    "original": "Wine",
    "translation": "酒",
    "stage": 1
  },
  {
    "key": "It can be used for something or eaten directly\n\\c[3]+10\\c[0] \\c[1]Stamina\\c[0]",
    "original": "It can be used for something or eaten directly\\n\\c[3]+10\\c[0] \\c[1]Stamina\\c[0]",
    "translation": "可以用来做什么，或者直接吃掉\\n\\c[3]+10\\c[0]\\c[1]体力\\c[0]",
    "stage": 1
  },
  {
    "key": "Pudding",
    "original": "Pudding",
    "translation": "布丁",
    "stage": 1
  },
  {
    "key": "Looks very expensive. \nMaybe it's not just a normal necklace.",
    "original": "Looks very expensive. \\nMaybe it's not just a normal necklace.",
    "translation": "看起来很贵\\n应该不是什么普通项链",
    "stage": 1
  },
  {
    "key": "Elphaba's Gift",
    "original": "Elphaba's Gift",
    "translation": "埃尔珐芭的礼物",
    "stage": 1
  },
  {
    "key": "Sunscreen Oil but with Secret Ingredients.\nThis will bring pleasure to both her and yourself.",
    "original": "Sunscreen Oil but with Secret Ingredients.\\nThis will bring pleasure to both her and yourself.",
    "translation": "添加了秘密配方的防晒霜\\n对你和她都好",
    "stage": 1
  },
  {
    "key": "Lover Oil",
    "original": "Lover Oil",
    "translation": "爱之油",
    "stage": 1
  },
  {
    "key": "Organic special formula.",
    "original": "Organic special formula.",
    "translation": "有机特殊配方",
    "stage": 1
  },
  {
    "key": "Hot Oil",
    "original": "Hot Oil",
    "translation": "火辣油",
    "stage": 1
  },
  {
    "key": "Summer Dress.",
    "original": "Summer Dress.",
    "translation": "夏季长裙",
    "stage": 1
  },
  {
    "key": "Dress",
    "original": "Dress",
    "translation": "裙子",
    "stage": 1
  },
  {
    "key": "A bag of \\I[282]Turnip seeds. \nDays to grow: 5.",
    "original": "A bag of \\I[282]Turnip seeds. \\nDays to grow: 5.",
    "translation": "一包\\I[282]芜菁种子\\n需要5日成长",
    "stage": 1
  },
  {
    "key": "Turnip Seeds",
    "original": "Turnip Seeds",
    "translation": "芜菁种子",
    "stage": 1
  },
  {
    "key": "A bag of \\I[283]Potato seeds. \nDays to grow: 8.",
    "original": "A bag of \\I[283]Potato seeds. \\nDays to grow: 8.",
    "translation": "一包\\I[283]土豆种子\\n需要8日成长",
    "stage": 1
  },
  {
    "key": "Potato Seeds",
    "original": "Potato Seeds",
    "translation": "土豆种子",
    "stage": 1
  },
  {
    "key": "A bag of \\I[284]Cucumber seeds. \nDays to grow: 10. Days to Re-grow: 5.",
    "original": "A bag of \\I[284]Cucumber seeds. \\nDays to grow: 10. Days to Re-grow: 5.",
    "translation": "一包\\I[284]黄瓜种子\\n需要10日成长，5日重新成长",
    "stage": 1
  },
  {
    "key": "Cucumber Seeds",
    "original": "Cucumber Seeds",
    "translation": "黄瓜种子",
    "stage": 1
  },
  {
    "key": "A bag of \\I[285]Corn seeds. \nDays to grow: 15. Days to Re-grow: 4.",
    "original": "A bag of \\I[285]Corn seeds. \\nDays to grow: 15. Days to Re-grow: 4.",
    "translation": "一包\\I[285]玉米种子\\n需要15日成长，4日重新成长",
    "stage": 1
  },
  {
    "key": "Corn Seeds",
    "original": "Corn Seeds",
    "translation": "玉米种子",
    "stage": 1
  },
  {
    "key": "Can be used to open Daisy's room.",
    "original": "Can be used to open Daisy's room.",
    "translation": "可以打开黛西的卧室",
    "stage": 1
  },
  {
    "key": "Daisy's Room Keys",
    "original": "Daisy's Room Keys",
    "translation": "黛西卧室钥匙",
    "stage": 1
  },
  {
    "key": "Contains enough tools that you can freely \ndecorate or repair on your own.",
    "original": "Contains enough tools that you can freely \\ndecorate or repair on your own.",
    "translation": "装着许多工具\\n供你自行使用",
    "stage": 1
  },
  {
    "key": "DIY Tools",
    "original": "DIY Tools",
    "translation": "DIY工具",
    "stage": 1
  },
  {
    "key": "All you need to know to stimulate a female's body.",
    "original": "All you need to know to stimulate a female's body.",
    "translation": "你只用知道怎么让女人感到舒服就够了",
    "stage": 1
  },
  {
    "key": "Adult Massage Book",
    "original": "Adult Massage Book",
    "translation": "成人按摩书",
    "stage": 1
  },
  {
    "key": "Lesbian porn Magzine Vol 3.",
    "original": "Lesbian porn Magzine Vol 3.",
    "translation": "女同色情杂志 第3册",
    "stage": 1
  },
  {
    "key": "Lesbian Porn Mag Vol 3",
    "original": "Lesbian Porn Mag Vol 3",
    "translation": "女同色情杂志 第3册",
    "stage": 1
  },
  {
    "key": "A book from another World",
    "original": "A book from another World",
    "translation": "另一个世界的书",
    "stage": 1
  },
  {
    "key": "Fantasy Book",
    "original": "Fantasy Book",
    "translation": "奇幻书",
    "stage": 1
  },
  {
    "key": "An adult book. Only for nobles",
    "original": "An adult book. Only for nobles",
    "translation": "成人杂志，贵族专享",
    "stage": 1
  },
  {
    "key": "TeacherXStudent Book",
    "original": "TeacherXStudent Book",
    "translation": "老师x学生 成人本",
    "stage": 1
  },
  {
    "key": "It can be used for something or eaten directly\n\\c[3]+5\\c[0] \\c[1]Stamina\\c[0]",
    "original": "It can be used for something or eaten directly\\n\\c[3]+5\\c[0] \\c[1]Stamina\\c[0]",
    "translation": "可以拿来做些什么，或者直接吃掉\\n\\c[3]+5\\c[0] \\c[1]体力\\c[0]",
    "stage": 1
  },
  {
    "key": "Bubble Tea",
    "original": "Bubble Tea",
    "translation": "泡泡茶",
    "stage": 1
  },
  {
    "key": "Coffee",
    "original": "Coffee",
    "translation": "咖啡",
    "stage": 1
  },
  {
    "key": "Can be eaten raw or used as an ingredient.\n\\c[3]+2\\c[0] \\c[1]Stamina\\c[0]",
    "original": "Can be eaten raw or used as an ingredient.\\n\\c[3]+2\\c[0] \\c[1]Stamina\\c[0]",
    "translation": "可以拿来做些什么，或者直接吃掉\\n\\c[3]+2\\c[0] \\c[1]体力\\c[0]",
    "stage": 1
  },
  {
    "key": "Turnip",
    "original": "Turnip",
    "translation": "芜菁",
    "stage": 1
  },
  {
    "key": "Can be eaten raw or used as an ingredient.\n\\c[3]+3\\c[0] \\c[1]Stamina\\c[0]",
    "original": "Can be eaten raw or used as an ingredient.\\n\\c[3]+3\\c[0] \\c[1]Stamina\\c[0]",
    "translation": "可以拿来做些什么，或者直接吃掉\\n\\c[3]+3\\c[0] \\c[1]体力\\c[0]",
    "stage": 1
  },
  {
    "key": "Potato",
    "original": "Potato",
    "translation": "土豆",
    "stage": 1
  },
  {
    "key": "Cucumber",
    "original": "Cucumber",
    "translation": "黄瓜",
    "stage": 1
  },
  {
    "key": "Corn",
    "original": "Corn",
    "translation": "玉米",
    "stage": 1
  },
  {
    "key": "Can be eaten raw or used as an ingredient.\n\\c[3]+20\\c[0] \\c[1]Stamina\\c[0]",
    "original": "Can be eaten raw or used as an ingredient.\\n\\c[3]+20\\c[0] \\c[1]Stamina\\c[0]",
    "translation": "可以拿来做些什么，或者直接吃掉\\n\\c[3]+20\\c[0] \\c[1]体力\\c[0]",
    "stage": 1
  },
  {
    "key": "Honey",
    "original": "Honey",
    "translation": "蜂蜜",
    "stage": 1
  },
  {
    "key": "Obtained from cutting Tree Stumps\n",
    "original": "Obtained from cutting Tree Stumps\\n",
    "translation": "砍树桩获得\\n",
    "stage": 1
  },
  {
    "key": "Wood",
    "original": "Wood",
    "translation": "木材",
    "stage": 1
  },
  {
    "key": "Obtained from smashing Bluish Rocks\n",
    "original": "Obtained from smashing Bluish Rocks\\n",
    "translation": "砸烂蓝石头获得\\n",
    "stage": 1
  },
  {
    "key": "Stone",
    "original": "Stone",
    "translation": "石材",
    "stage": 1
  },
  {
    "key": "Used for Building or Crafting",
    "original": "Used for Building or Crafting",
    "translation": "用来造东西",
    "stage": 1
  },
  {
    "key": "Nails",
    "original": "Nails",
    "translation": "钉子",
    "stage": 1
  },
  {
    "key": "Used for hoeing or destroying seeds.\n\\c[10]-3\\c[0] \\c[1]Stamina\\c[0]",
    "original": "Used for hoeing or destroying seeds.\\n\\c[10]-3\\c[0] \\c[1]Stamina\\c[0]",
    "translation": "用来锄地或除掉种子\\n\\c[10]-3\\c[0] \\c[1]体力\\c[0]",
    "stage": 1
  },
  {
    "key": "Hoe",
    "original": "Hoe",
    "translation": "锄头",
    "stage": 1
  },
  {
    "key": "Used for removing grasses or crops.\n\\c[10]-3\\c[0] \\c[1]Stamina\\c[0]",
    "original": "Used for removing grasses or crops.\\n\\c[10]-3\\c[0] \\c[1]Stamina\\c[0]",
    "translation": "用来除草或收割庄稼\\n\\c[10]-3\\c[0] \\c[1]体力\\c[0]",
    "stage": 1
  },
  {
    "key": "Sickle",
    "original": "Sickle",
    "translation": "镰刀",
    "stage": 1
  },
  {
    "key": "Used for planting seeds or harvesting.\n\\c[10]-3\\c[0] \\c[1]Stamina\\c[0]",
    "original": "Used for planting seeds or harvesting.\\n\\c[10]-3\\c[0] \\c[1]Stamina\\c[0]",
    "translation": "用来种地或收庄稼\\n\\c[10]-3\\c[0] \\c[1]体力\\c[0]",
    "stage": 1
  },
  {
    "key": "Glove",
    "original": "Glove",
    "translation": "手套",
    "stage": 1
  },
  {
    "key": "Used for watering crops. \\c[10]-3\\c[0] \\c[1]Stamina\\c[0]\nWater Left: \\c[1]\\v[205]/16\\c[0] <br>",
    "original": "Used for watering crops. \\c[10]-3\\c[0] \\c[1]Stamina\\c[0]\\nWater Left: \\c[1]\\v[205]/16\\c[0] <br>",
    "translation": "用来浇水\\n\\c[10]-3\\c[0] \\c[1]体力\\c[0]\\n剩余水量: \\c[1]\\v[205]/16\\c[0] <br>",
    "stage": 1
  },
  {
    "key": "Water Can",
    "original": "Water Can",
    "translation": "水罐",
    "stage": 1
  },
  {
    "key": "Used for cutting Tree Stumps\n\\c[10]-3\\c[0] \\c[1]Stamina\\c[0]",
    "original": "Used for cutting Tree Stumps\\n\\c[10]-3\\c[0] \\c[1]Stamina\\c[0]",
    "translation": "用来砍树桩\\n\\c[10]-3\\c[0] \\c[1]体力\\c[0]",
    "stage": 1
  },
  {
    "key": "Axe",
    "original": "Axe",
    "translation": "斧头",
    "stage": 1
  },
  {
    "key": "Used for smashing Rocks\n\\c[10]-3\\c[0] \\c[1]Stamina\\c[0]",
    "original": "Used for smashing Rocks\\n\\c[10]-3\\c[0] \\c[1]Stamina\\c[0]",
    "translation": "用来砸石头\\n\\c[10]-3\\c[0] \\c[1]体力\\c[0]",
    "stage": 1
  },
  {
    "key": "Hammer",
    "original": "Hammer",
    "translation": "锤子",
    "stage": 1
  },
  {
    "key": "\\C[20]Ek\\c[0]'s Great, Great Grandfather's Axe \nLegend says it was used to defend from the Evil Force",
    "original": "\\C[20]Ek\\c[0]'s Great, Great Grandfather's Axe \\nLegend says it was used to defend from the Evil Force",
    "translation": "\\C[20]埃克\\c[0]的曾曾祖父的斧头\\n传说曾经用来抵御黑暗力量",
    "stage": 1
  },
  {
    "key": "Broken Axe",
    "original": "Broken Axe",
    "translation": "坏斧子",
    "stage": 1
  },
  {
    "key": "A workbench for building buildings or crafts\nChoose a location and place it",
    "original": "A workbench for building buildings or crafts\\nChoose a location and place it",
    "translation": "用来造建筑或制作物品的工作台\\n找个地方放下吧",
    "stage": 1
  },
  {
    "key": "Workbench Scroll",
    "original": "Workbench Scroll",
    "translation": "工作台卷轴",
    "stage": 1
  },
  {
    "key": "A Bee House for Bees to live in\nChoose a location and place it",
    "original": "A Bee House for Bees to live in\\nChoose a location and place it",
    "translation": "让蜜蜂住进去\\n找个地方放下吧",
    "stage": 1
  },
  {
    "key": "Bee House Scroll",
    "original": "Bee House Scroll",
    "translation": "蜂箱卷轴",
    "stage": 1
  },
  {
    "key": "Materials required:\n\\I[295]Woods: 30|\\I[305]Stones: 15|\\I[297]Nails: 30",
    "original": "Materials required:\\n\\I[295]Woods: 30|\\I[305]Stones: 15|\\I[297]Nails: 30",
    "translation": "需要材料\\n\\I[295]木材: 30|\\I[305]石材: 15|\\I[297]钉子: 30",
    "stage": 1
  },
  {
    "key": "Bee House Blueprint",
    "original": "Bee House Blueprint",
    "translation": "蜂箱蓝图",
    "stage": 1
  }
]