[
  {
    "key": "To play the minigame, <br>",
    "original": "To play the minigame, <br>",
    "translation": "玩小游戏，<br>",
    "stage": 1
  },
  {
    "key": "talk to \\C[20]Daisy\\C[0] at night on \\c[30]Halloween\\c[0].",
    "original": "talk to \\C[20]Daisy\\C[0] at night on \\c[30]Halloween\\c[0].",
    "translation": "在\\c[30]万圣节\\c[0]晚上和\\C[20]黛西\\C[0]说话",
    "stage": 1
  },
  {
    "key": "You haven't bought it yet. <br>",
    "original": "You haven't bought it yet. <br>",
    "translation": "你还没买呢<br>",
    "stage": 1
  },
  {
    "key": "Use \\c[1]Phone Call\\c[0] to buy it on \\c[30]Halloween\\c[0]. ",
    "original": "Use \\c[1]Phone Call\\c[0] to buy it on \\c[30]Halloween\\c[0]. ",
    "translation": "在\\c[30]万圣节\\c[0]\\c[1]打电话\\c[0]买",
    "stage": 1
  }
]