[
  {
    "key": "\\C[30]Mrs. Adeera\\C[0] <br>",
    "original": "\\C[30]Mrs. Adeera\\C[0] <br>",
    "translation": "",
    "stage": 0
  },
  {
    "key": "Look like I forgot it at home again, please come back later.",
    "original": "Look like I forgot it at home again, please come back later.",
    "translation": "",
    "stage": 0
  },
  {
    "key": "What are you doing here? I'm busier than it looks.",
    "original": "What are you doing here? I'm busier than it looks.",
    "translation": "",
    "stage": 0
  },
  {
    "key": "Me <br>",
    "original": "Me <br>",
    "translation": "",
    "stage": 0
  },
  {
    "key": "Hmm...",
    "original": "Hmm...",
    "translation": "",
    "stage": 0
  },
  {
    "key": "...",
    "original": "...",
    "translation": "",
    "stage": 0
  },
  {
    "key": "Holy shit! ",
    "original": "Holy shit! ",
    "translation": "",
    "stage": 0
  },
  {
    "key": "Is that a horse dong? ",
    "original": "Is that a horse dong? ",
    "translation": "",
    "stage": 0
  },
  {
    "key": "... Probably smaller than mine tho.",
    "original": "... Probably smaller than mine tho.",
    "translation": "",
    "stage": 0
  },
  {
    "key": "Closer",
    "original": "Closer",
    "translation": "",
    "stage": 0
  },
  {
    "key": "Man! It's so cool. I've never seen someone doing something like this before.",
    "original": "Man! It's so cool. I've never seen someone doing something like this before.",
    "translation": "",
    "stage": 0
  },
  {
    "key": "Next",
    "original": "Next",
    "translation": "",
    "stage": 0
  },
  {
    "key": "How can someone orgasmed when do it with thier butthole?",
    "original": "How can someone orgasmed when do it with thier butthole?",
    "translation": "",
    "stage": 0
  },
  {
    "key": "You again!",
    "original": "You again!",
    "translation": "",
    "stage": 0
  },
  {
    "key": "Crap! She saw me.",
    "original": "Crap! She saw me.",
    "translation": "",
    "stage": 0
  },
  {
    "key": "Come in.",
    "original": "Come in.",
    "translation": "",
    "stage": 0
  },
  {
    "key": "He-he. ",
    "original": "He-he. ",
    "translation": "",
    "stage": 0
  },
  {
    "key": "Take a sit.",
    "original": "Take a sit.",
    "translation": "",
    "stage": 0
  },
  {
    "key": "That's where the guest sits. Come and sit in my chair. ",
    "original": "That's where the guest sits. Come and sit in my chair. ",
    "translation": "",
    "stage": 0
  },
  {
    "key": "I feel more comfortable sitting here. ",
    "original": "I feel more comfortable sitting here. ",
    "translation": "",
    "stage": 0
  },
  {
    "key": "... Alright.",
    "original": "... Alright.",
    "translation": "",
    "stage": 0
  },
  {
    "key": "Man! She's so scary,",
    "original": "Man! She's so scary,",
    "translation": "",
    "stage": 0
  },
  {
    "key": "*Gulp*",
    "original": "*Gulp*",
    "translation": "",
    "stage": 0
  },
  {
    "key": "Why are you still standing there? I don't have all day.",
    "original": "Why are you still standing there? I don't have all day.",
    "translation": "",
    "stage": 0
  },
  {
    "key": "Sorry! I'm tying my shoelaces.",
    "original": "Sorry! I'm tying my shoelaces.",
    "translation": "",
    "stage": 0
  },
  {
    "key": "I should keep going. ",
    "original": "I should keep going. ",
    "translation": "",
    "stage": 0
  },
  {
    "key": "So comfortable. I can sit on this all day.",
    "original": "So comfortable. I can sit on this all day.",
    "translation": "",
    "stage": 0
  },
  {
    "key": "!!!",
    "original": "!!!",
    "translation": "",
    "stage": 0
  },
  {
    "key": "She's coming. What should I do? I'm so nervous.",
    "original": "She's coming. What should I do? I'm so nervous.",
    "translation": "",
    "stage": 0
  },
  {
    "key": "What a view. I never bore watching woman crosses their legs.",
    "original": "What a view. I never bore watching woman crosses their legs.",
    "translation": "",
    "stage": 0
  },
  {
    "key": "So. Did you enjoy my performance?",
    "original": "So. Did you enjoy my performance?",
    "translation": "",
    "stage": 0
  },
  {
    "key": "I don't know what you're talking about? I'm just here second ago and I didn't see anything. ",
    "original": "I don't know what you're talking about? I'm just here second ago and I didn't see anything. ",
    "translation": "",
    "stage": 0
  },
  {
    "key": "Lying is a bad habit but I certainly sure your down here pretty enjoyed my performance. Huh?",
    "original": "Lying is a bad habit but I certainly sure your down here pretty enjoyed my performance. Huh?",
    "translation": "",
    "stage": 0
  },
  {
    "key": "Let's see how it looks under this curtain. It's been a big tent since you got in here. ",
    "original": "Let's see how it looks under this curtain. It's been a big tent since you got in here. ",
    "translation": "",
    "stage": 0
  },
  {
    "key": "Wait. What are you doing?",
    "original": "Wait. What are you doing?",
    "translation": "",
    "stage": 0
  },
  {
    "key": "!!!?",
    "original": "!!!?",
    "translation": "",
    "stage": 0
  },
  {
    "key": "I never thought it would be this big. ",
    "original": "I never thought it would be this big. ",
    "translation": "",
    "stage": 0
  },
  {
    "key": "\\C[30]Mrs. Adeera\\C[0], I feel like there is something wrong. Didn't I'm here to sign or something? ",
    "original": "\\C[30]Mrs. Adeera\\C[0], I feel like there is something wrong. Didn't I'm here to sign or something? ",
    "translation": "",
    "stage": 0
  },
  {
    "key": "Huh? So, instead of knocking the door and wait for respond. You choose to take a peek on people persional life?",
    "original": "Huh? So, instead of knocking the door and wait for respond. You choose to take a peek on people persional life?",
    "translation": "",
    "stage": 0
  },
  {
    "key": "I didn't mean....",
    "original": "I didn't mean....",
    "translation": "",
    "stage": 0
  },
  {
    "key": "Put that aside.",
    "original": "Put that aside.",
    "translation": "",
    "stage": 0
  },
  {
    "key": "You enjoyed your time, now its my turn to enjoy mine.",
    "original": "You enjoyed your time, now its my turn to enjoy mine.",
    "translation": "",
    "stage": 0
  },
  {
    "key": "It's twittching so much. Is my foot makes you feel that good? ",
    "original": "It's twittching so much. Is my foot makes you feel that good? ",
    "translation": "",
    "stage": 0
  },
  {
    "key": "You let out a lot. It's all over my feet now.",
    "original": "You let out a lot. It's all over my feet now.",
    "translation": "",
    "stage": 0
  },
  {
    "key": "Now get into the main part. Did you know how serious for what you did?",
    "original": "Now get into the main part. Did you know how serious for what you did?",
    "translation": "",
    "stage": 0
  },
  {
    "key": "As this school president, I can play some little trick that can put the rest of your life into mud.",
    "original": "As this school president, I can play some little trick that can put the rest of your life into mud.",
    "translation": "",
    "stage": 0
  },
  {
    "key": "It's can't be that serious, right?",
    "original": "It's can't be that serious, right?",
    "translation": "",
    "stage": 0
  },
  {
    "key": "You can try.",
    "original": "You can try.",
    "translation": "",
    "stage": 0
  },
  {
    "key": "Oh crap!",
    "original": "Oh crap!",
    "translation": "",
    "stage": 0
  },
  {
    "key": "But I'm not that petty.",
    "original": "But I'm not that petty.",
    "translation": "",
    "stage": 0
  },
  {
    "key": "*Phew*",
    "original": "*Phew*",
    "translation": "",
    "stage": 0
  },
  {
    "key": "Lately there have been a lot of people complaining about the broken plank on the floor. ",
    "original": "Lately there have been a lot of people complaining about the broken plank on the floor. ",
    "translation": "",
    "stage": 0
  },
  {
    "key": "It's on the 2nd floor on the way to teachers offices corridor. Now go and fix it.",
    "original": "It's on the 2nd floor on the way to teachers offices corridor. Now go and fix it.",
    "translation": "",
    "stage": 0
  },
  {
    "key": "What!? You run a big business and you demand a small student like me to do those kind of works.",
    "original": "What!? You run a big business and you demand a small student like me to do those kind of works.",
    "translation": "",
    "stage": 0
  },
  {
    "key": "You dare speak to me in that tone of voice?",
    "original": "You dare speak to me in that tone of voice?",
    "translation": "",
    "stage": 0
  },
  {
    "key": "W-What are you doing?",
    "original": "W-What are you doing?",
    "translation": "",
    "stage": 0
  },
  {
    "key": "Eek!!!",
    "original": "Eek!!!",
    "translation": "",
    "stage": 0
  },
  {
    "key": "S-Stop. You gonna tear it off.",
    "original": "S-Stop. You gonna tear it off.",
    "translation": "",
    "stage": 0
  },
  {
    "key": "Fix or not?",
    "original": "Fix or not?",
    "translation": "",
    "stage": 0
  },
  {
    "key": "Okay, okay. I will do it.",
    "original": "Okay, okay. I will do it.",
    "translation": "",
    "stage": 0
  },
  {
    "key": "It would be better to submit into your position.",
    "original": "It would be better to submit into your position.",
    "translation": "",
    "stage": 0
  },
  {
    "key": "I found your profile. Please sign in these terms. ",
    "original": "I found your profile. Please sign in these terms. ",
    "translation": "",
    "stage": 0
  },
  {
    "key": "Okay.",
    "original": "Okay.",
    "translation": "",
    "stage": 0
  },
  {
    "key": "I'm surprised to see you read them. ",
    "original": "I'm surprised to see you read them. ",
    "translation": "",
    "stage": 0
  },
  {
    "key": "You need to sign in this one too.",
    "original": "You need to sign in this one too.",
    "translation": "",
    "stage": 0
  },
  {
    "key": "Why there are so many.",
    "original": "Why there are so many.",
    "translation": "",
    "stage": 0
  },
  {
    "key": "This one too.",
    "original": "This one too.",
    "translation": "",
    "stage": 0
  },
  {
    "key": "Not reading anymore? ",
    "original": "Not reading anymore? ",
    "translation": "",
    "stage": 0
  },
  {
    "key": "You need do finger print on this one with your singature.",
    "original": "You need do finger print on this one with your singature.",
    "translation": "",
    "stage": 0
  },
  {
    "key": "Okay, okay.",
    "original": "Okay, okay.",
    "translation": "",
    "stage": 0
  },
  {
    "key": "You good to go now.",
    "original": "You good to go now.",
    "translation": "",
    "stage": 0
  },
  {
    "key": "I will call you if I need you to do something for me.",
    "original": "I will call you if I need you to do something for me.",
    "translation": "",
    "stage": 0
  },
  {
    "key": "Wait what? Aren't we already make a deal? You forgive me for this if I repair the broken floor? ",
    "original": "Wait what? Aren't we already make a deal? You forgive me for this if I repair the broken floor? ",
    "translation": "",
    "stage": 0
  },
  {
    "key": "Hmm... What is that? Isn't that just my attedance form.",
    "original": "Hmm... What is that? Isn't that just my attedance form.",
    "translation": "",
    "stage": 0
  },
  {
    "key": "Tsk-tsk.",
    "original": "Tsk-tsk.",
    "translation": "",
    "stage": 0
  },
  {
    "key": "It's a contract between me and you that you already sign and finger print.",
    "original": "It's a contract between me and you that you already sign and finger print.",
    "translation": "",
    "stage": 0
  },
  {
    "key": "In 3 years, you will do for whatever I say.",
    "original": "In 3 years, you will do for whatever I say.",
    "translation": "",
    "stage": 0
  },
  {
    "key": "What? You were playing scam.",
    "original": "What? You were playing scam.",
    "translation": "",
    "stage": 0
  },
  {
    "key": "Welcome to the adult world. ",
    "original": "Welcome to the adult world. ",
    "translation": "",
    "stage": 0
  },
  {
    "key": "Sooooo, you have to do everything I say for 3 years. If you breach the contract, you will be fined a certain amount. ",
    "original": "Sooooo, you have to do everything I say for 3 years. If you breach the contract, you will be fined a certain amount. ",
    "translation": "",
    "stage": 0
  },
  {
    "key": "You have to pay more than you can imagine.",
    "original": "You have to pay more than you can imagine.",
    "translation": "",
    "stage": 0
  },
  {
    "key": "Fine...",
    "original": "Fine...",
    "translation": "",
    "stage": 0
  },
  {
    "key": "How naive.",
    "original": "How naive.",
    "translation": "",
    "stage": 0
  },
  {
    "key": "Just think wider, I will not provide any request that will harm you. On the other hands, my reward will be much more surprising. ",
    "original": "Just think wider, I will not provide any request that will harm you. On the other hands, my reward will be much more surprising. ",
    "translation": "",
    "stage": 0
  },
  {
    "key": "Alright, enough talking. Go and do your first task.",
    "original": "Alright, enough talking. Go and do your first task.",
    "translation": "",
    "stage": 0
  },
  {
    "key": "I don't have any tool to fix it.",
    "original": "I don't have any tool to fix it.",
    "translation": "",
    "stage": 0
  },
  {
    "key": "Ask \\C[4]Susan\\C[0], she knows where those things are.",
    "original": "Ask \\C[4]Susan\\C[0], she knows where those things are.",
    "translation": "",
    "stage": 0
  },
  {
    "key": "\\C[4]Susan\\C[0]...",
    "original": "\\C[4]Susan\\C[0]...",
    "translation": "",
    "stage": 0
  },
  {
    "key": "I forgot that you are a new transfer student.",
    "original": "I forgot that you are a new transfer student.",
    "translation": "",
    "stage": 0
  },
  {
    "key": "She's usualy in my persional toilet to do the cleasing work. You can find her there in the morning. ",
    "original": "She's usualy in my persional toilet to do the cleasing work. You can find her there in the morning. ",
    "translation": "",
    "stage": 0
  },
  {
    "key": "Do you mean the restroom next to this room.",
    "original": "Do you mean the restroom next to this room.",
    "translation": "",
    "stage": 0
  },
  {
    "key": "I hate when you use the look of superiority on me. Now get out of here before I put my force on you.",
    "original": "I hate when you use the look of superiority on me. Now get out of here before I put my force on you.",
    "translation": "",
    "stage": 0
  },
  {
    "key": "\\C[30]Mrs. Adeera\\C[0]: \\C[3]+5\\C[0] <br>",
    "original": "\\C[30]Mrs. Adeera\\C[0]: \\C[3]+5\\C[0] <br>",
    "translation": "",
    "stage": 0
  },
  {
    "key": "\\C[30]Mrs. Adeera\\C[0]: \\v[85]",
    "original": "\\C[30]Mrs. Adeera\\C[0]: \\v[85]",
    "translation": "",
    "stage": 0
  },
  {
    "key": "Well, I should go and look for \\C[4]Ms. Susan\\C[0].",
    "original": "Well, I should go and look for \\C[4]Ms. Susan\\C[0].",
    "translation": "",
    "stage": 0
  },
  {
    "key": "She will be in that restroom over there in the morning.",
    "original": "She will be in that restroom over there in the morning.",
    "translation": "",
    "stage": 0
  },
  {
    "key": "You receive a \"\\c[1]Fix the Broken Plank\\c[0]\" quest from \\C[30]Mrs. Adeera\\C[0].",
    "original": "You receive a \"\\c[1]Fix the Broken Plank\\c[0]\" quest from \\C[30]Mrs. Adeera\\C[0].",
    "translation": "",
    "stage": 0
  },
  {
    "key": "You can quickly view the Quest log by Press \"\\c[1]A\\c[0]\" key.",
    "original": "You can quickly view the Quest log by Press \"\\c[1]A\\c[0]\" key.",
    "translation": "",
    "stage": 0
  },
  {
    "key": "Double click on the Quest to track it. Which mean, it will appear each time you view the quest log.",
    "original": "Double click on the Quest to track it. Which mean, it will appear each time you view the quest log.",
    "translation": "",
    "stage": 0
  },
  {
    "key": "Leave",
    "original": "Leave",
    "translation": "",
    "stage": 0
  },
  {
    "key": "\\C[30]Mrs. Adeera\\C[0]: \\C[3]+3\\C[0] <br>",
    "original": "\\C[30]Mrs. Adeera\\C[0]: \\C[3]+3\\C[0] <br>",
    "translation": "",
    "stage": 0
  },
  {
    "key": "Hmm... Where is the dude at?",
    "original": "Hmm... Where is the dude at?",
    "translation": "",
    "stage": 0
  },
  {
    "key": "There's no one in the closet.",
    "original": "There's no one in the closet.",
    "translation": "",
    "stage": 0
  },
  {
    "key": "There's nothing outside the windows also. ",
    "original": "There's nothing outside the windows also. ",
    "translation": "",
    "stage": 0
  },
  {
    "key": "??? <br>",
    "original": "??? <br>",
    "translation": "",
    "stage": 0
  },
  {
    "key": "Pardon.",
    "original": "Pardon.",
    "translation": "",
    "stage": 0
  },
  {
    "key": "What are you doing in my office? Aren't you here for something? ",
    "original": "What are you doing in my office? Aren't you here for something? ",
    "translation": "",
    "stage": 0
  },
  {
    "key": "I'm looking for the principal to report my attendance. Can you help me call him?",
    "original": "I'm looking for the principal to report my attendance. Can you help me call him?",
    "translation": "",
    "stage": 0
  },
  {
    "key": "I'm that principal that you're looking for.",
    "original": "I'm that principal that you're looking for.",
    "translation": "",
    "stage": 0
  },
  {
    "key": "I'm really sorry.",
    "original": "I'm really sorry.",
    "translation": "",
    "stage": 0
  },
  {
    "key": "Maybe I left your documents at home.",
    "original": "Maybe I left your documents at home.",
    "translation": "",
    "stage": 0
  },
  {
    "key": "How clumsy me.",
    "original": "How clumsy me.",
    "translation": "",
    "stage": 0
  },
  {
    "key": "Please come back later.",
    "original": "Please come back later.",
    "translation": "",
    "stage": 0
  },
  {
    "key": "I'll come back next time then.",
    "original": "I'll come back next time then.",
    "translation": "",
    "stage": 0
  },
  {
    "key": "That strange smell is still here. ",
    "original": "That strange smell is still here. ",
    "translation": "",
    "stage": 0
  },
  {
    "key": "I noticed there's a weird stain on the carpet.",
    "original": "I noticed there's a weird stain on the carpet.",
    "translation": "",
    "stage": 0
  },
  {
    "key": "Maybe she is still mad at me because I interrupted her. ",
    "original": "Maybe she is still mad at me because I interrupted her. ",
    "translation": "",
    "stage": 0
  },
  {
    "key": "I wonder what she did before that. Maybe I should peek next time when I hear her moan.",
    "original": "I wonder what she did before that. Maybe I should peek next time when I hear her moan.",
    "translation": "",
    "stage": 0
  },
  {
    "key": "So flashy...",
    "original": "So flashy...",
    "translation": "",
    "stage": 0
  },
  {
    "key": "Documents and stuff...",
    "original": "Documents and stuff...",
    "translation": "",
    "stage": 0
  }
]