[
  {
    "key": "Me <br>",
    "original": "Me <br>",
    "translation": "我 <br>",
    "stage": 1
  },
  {
    "key": "I should talk \\C[3]Elphaba\\C[0] if I want to leave.",
    "original": "I should talk \\C[3]Elphaba\\C[0] if I want to leave.",
    "translation": "如果想离开的话就去给\\C[3]埃尔珐芭\\C[0]说",
    "stage": 1
  },
  {
    "key": "\\C[3]Elphaba\\C[0] <br>",
    "original": "\\C[3]Elphaba\\C[0] <br>",
    "translation": "\\C[3]埃尔珐芭\\C[0] <br>",
    "stage": 1
  },
  {
    "key": "I have something for you. ",
    "original": "I have something for you. ",
    "translation": "我有东西给你",
    "stage": 1
  },
  {
    "key": "What is this?",
    "original": "What is this?",
    "translation": "这是什么？",
    "stage": 1
  },
  {
    "key": "You will feel better after drinking it.",
    "original": "You will feel better after drinking it.",
    "translation": "你喝了会感觉好一点",
    "stage": 1
  },
  {
    "key": "Sweet!",
    "original": "Sweet!",
    "translation": "那挺好！",
    "stage": 1
  },
  {
    "key": "I'm thirsty as hell.",
    "original": "I'm thirsty as hell.",
    "translation": "我现在确实挺渴的",
    "stage": 1
  },
  {
    "key": "Wow! I feel like I'm full of energy. The feeling of being tired from walking around in the forest seemed to have disappeared.",
    "original": "Wow! I feel like I'm full of energy. The feeling of being tired from walking around in the forest seemed to have disappeared.",
    "translation": "哇哦！我感觉有用不完的力气。之前的疲劳感都一扫而空了",
    "stage": 1
  },
  {
    "key": "That is its effect and it has a side effect.",
    "original": "That is its effect and it has a side effect.",
    "translation": "嗯，这就是它的作用。除此之外，还有些副作用",
    "stage": 1
  },
  {
    "key": "Side effect. What is its side effect?",
    "original": "Side effect. What is its side effect?",
    "translation": "什么副作用？",
    "stage": 1
  },
  {
    "key": "What is happening? Why do I feel so tired?",
    "original": "What is happening? Why do I feel so tired?",
    "translation": "怎么回事？我怎么感觉这么累？",
    "stage": 1
  },
  {
    "key": "That is its side effect.",
    "original": "That is its side effect.",
    "translation": "这就是副作用",
    "stage": 1
  },
  {
    "key": "Wait, what!? So why did you let me drink it?",
    "original": "Wait, what!? So why did you let me drink it?",
    "translation": "什么？！那你让我喝了干嘛？",
    "stage": 1
  },
  {
    "key": "For fun.",
    "original": "For fun.",
    "translation": "好玩",
    "stage": 1
  },
  {
    "key": "What!? You're so evil.",
    "original": "What!? You're so evil.",
    "translation": "什么？！你这坏女人",
    "stage": 1
  },
  {
    "key": "That's what they always say.",
    "original": "That's what they always say.",
    "translation": "大家都这么说",
    "stage": 1
  },
  {
    "key": "Ha-ha.",
    "original": "Ha-ha.",
    "translation": "哈哈",
    "stage": 1
  },
  {
    "key": "What are all those things? Looks like you want to do something.",
    "original": "What are all those things? Looks like you want to do something.",
    "translation": "这些是什么？看起来你想做出点什么东西",
    "stage": 1
  },
  {
    "key": "What do they call? Something like ache...",
    "original": "What do they call? Something like ache...",
    "translation": "这个叫什么来着？联机束？",
    "stage": 1
  },
  {
    "key": "Alchemist.",
    "original": "Alchemist.",
    "translation": "炼金术",
    "stage": 1
  },
  {
    "key": "Ha-ha! That's right. Alchemist!!!",
    "original": "Ha-ha! That's right. Alchemist!!!",
    "translation": "哈哈！对，炼金术！",
    "stage": 1
  },
  {
    "key": "You look more like a witch to me.",
    "original": "You look more like a witch to me.",
    "translation": "你看起来比我还像个女巫",
    "stage": 1
  },
  {
    "key": "I have finished arranging everything. I'll take you out now.",
    "original": "I have finished arranging everything. I'll take you out now.",
    "translation": "我已经收拾完手上的活了，我带你回去",
    "stage": 1
  },
  {
    "key": "??? <br>",
    "original": "??? <br>",
    "translation": "??? <br>",
    "stage": 1
  },
  {
    "key": "Welcome to my house! Make yourself at home.",
    "original": "Welcome to my house! Make yourself at home.",
    "translation": "欢迎来到我的屋子！随便坐",
    "stage": 1
  },
  {
    "key": "Holy cow! It feels like going back a hundred years.",
    "original": "Holy cow! It feels like going back a hundred years.",
    "translation": "老天！这里看着像几百年前的老房子一样",
    "stage": 1
  },
  {
    "key": "What kind of decoration is this?",
    "original": "What kind of decoration is this?",
    "translation": "这是什么装饰啊？",
    "stage": 1
  },
  {
    "key": "Hey... erm...",
    "original": "Hey... erm...",
    "translation": "嘿……呃……",
    "stage": 1
  },
  {
    "key": "Oh, I haven't introduced myself yet. ",
    "original": "Oh, I haven't introduced myself yet. ",
    "translation": "哦，我还没自我介绍来着",
    "stage": 1
  },
  {
    "key": "\\C[3]Elphaba\\C[0] is my name.",
    "original": "\\C[3]Elphaba\\C[0] is my name.",
    "translation": "我叫\\C[3]埃尔珐芭\\C[0]",
    "stage": 1
  },
  {
    "key": "My name is \\n[1].",
    "original": "My name is \\n[1].",
    "translation": "我叫\\n[1]",
    "stage": 1
  },
  {
    "key": "What is this door?",
    "original": "What is this door?",
    "translation": "这门背后是什么？",
    "stage": 1
  },
  {
    "key": "Stay away from it.",
    "original": "Stay away from it.",
    "translation": "离它远点",
    "stage": 1
  },
  {
    "key": "Hmm...",
    "original": "Hmm...",
    "translation": "嗯……",
    "stage": 1
  },
  {
    "key": "Now, I'm more curious.",
    "original": "Now, I'm more curious.",
    "translation": "快点，我没开玩笑",
    "stage": 1
  },
  {
    "key": "This is no joke. ",
    "original": "This is no joke. ",
    "translation": "好吧",
    "stage": 1
  },
  {
    "key": "If you've seen anything in there, it's a pity...",
    "original": "If you've seen anything in there, it's a pity...",
    "translation": "如果你不小心看到里面有什么，那很抱歉……",
    "stage": 1
  },
  {
    "key": "That I have to eliminate you.",
    "original": "That I have to eliminate you.",
    "translation": "我就必须得做掉你了",
    "stage": 1
  },
  {
    "key": "Ha-ha. Just kidding.",
    "original": "Ha-ha. Just kidding.",
    "translation": "哈哈，逗你玩的",
    "stage": 1
  },
  {
    "key": "Phew. You scared me there for a moment.",
    "original": "Phew. You scared me there for a moment.",
    "translation": "呼……你真的吓到我了",
    "stage": 1
  },
  {
    "key": "Seriously, don't go in there.",
    "original": "Seriously, don't go in there.",
    "translation": "但还是别进去",
    "stage": 1
  },
  {
    "key": "Gulp.",
    "original": "Gulp.",
    "translation": "嗯",
    "stage": 1
  },
  {
    "key": "Okay, I have to sort things out. If there's any problem just ask me.",
    "original": "Okay, I have to sort things out. If there's any problem just ask me.",
    "translation": "好了，我手头上还有点活没干完，你先自己转转吧",
    "stage": 1
  },
  {
    "key": "Okay.",
    "original": "Okay.",
    "translation": "好",
    "stage": 1
  },
  {
    "key": "What is this place, I feel like walking into a fairy tale book.",
    "original": "What is this place, I feel like walking into a fairy tale book.",
    "translation": "这里好奇妙，就像走进童话书里一样",
    "stage": 1
  },
  {
    "key": "Is that a cauldron? Man, I feel like I'm in a witch house right now.",
    "original": "Is that a cauldron? Man, I feel like I'm in a witch house right now.",
    "translation": "这是坩埚吗？就像女巫会用的那种",
    "stage": 1
  },
  {
    "key": "This place gives me a warm feeling. I think it's just my imagination.",
    "original": "This place gives me a warm feeling. I think it's just my imagination.",
    "translation": "这地方让我感觉暖洋洋的，估计是心理作用吧",
    "stage": 1
  },
  {
    "key": "I'm really curious what's behind this door but it's better not to touch it.",
    "original": "I'm really curious what's behind this door but it's better not to touch it.",
    "translation": "我真的很想知道门背后有什么，但最好还是别碰它",
    "stage": 1
  }
]