[
  {
    "key": "Me <br>",
    "original": "Me <br>",
    "translation": "我 <br>",
    "stage": 1
  },
  {
    "key": "*Yawns*",
    "original": "*Yawns*",
    "translation": "*哈欠*",
    "stage": 1
  },
  {
    "key": "So sleepy... <br>",
    "original": "So sleepy... <br>",
    "translation": "困死了……<br>",
    "stage": 1
  },
  {
    "key": "How is the school even open at this hour?",
    "original": "How is the school even open at this hour?",
    "translation": "为什么学校现在还没关门？",
    "stage": 1
  },
  {
    "key": "Teacher toilet... <br>",
    "original": "Teacher toilet... <br>",
    "translation": "教师卫生间……<br>",
    "stage": 1
  },
  {
    "key": "It's still early, let's check it out!",
    "original": "It's still early, let's check it out!",
    "translation": "现在还早，来查个干净！",
    "stage": 1
  },
  {
    "key": "I heard someone talking. Better not to go inside...",
    "original": "I heard someone talking. Better not to go inside...",
    "translation": "好像有人在说话，先别进去了……",
    "stage": 1
  }
]