[
  {
    "key": "Me <br>",
    "original": "Me <br>",
    "translation": "",
    "stage": 0
  },
  {
    "key": "Oh boy!",
    "original": "Oh boy!",
    "translation": "",
    "stage": 0
  },
  {
    "key": "Such a beautiful place. ",
    "original": "Such a beautiful place. ",
    "translation": "",
    "stage": 0
  },
  {
    "key": "Okay. Where is \\C[2]Mr. Carter\\C[0] now?",
    "original": "Okay. Where is \\C[2]Mr. Carter\\C[0] now?",
    "translation": "",
    "stage": 0
  },
  {
    "key": "??? <br>",
    "original": "??? <br>",
    "translation": "",
    "stage": 0
  },
  {
    "key": "Hey, you!",
    "original": "Hey, you!",
    "translation": "",
    "stage": 0
  },
  {
    "key": "Hey, handsome!",
    "original": "Hey, handsome!",
    "translation": "",
    "stage": 0
  },
  {
    "key": "Are you calling me?",
    "original": "Are you calling me?",
    "translation": "",
    "stage": 0
  },
  {
    "key": "Yes, do you have a minute?",
    "original": "Yes, do you have a minute?",
    "translation": "",
    "stage": 0
  },
  {
    "key": "Sure!",
    "original": "Sure!",
    "translation": "",
    "stage": 0
  },
  {
    "key": "Holy shit! What is this perfume!?",
    "original": "Holy shit! What is this perfume!?",
    "translation": "",
    "stage": 0
  },
  {
    "key": "How much did she spray on her body?",
    "original": "How much did she spray on her body?",
    "translation": "",
    "stage": 0
  },
  {
    "key": "My nose is exploding. It feels like an army running into my nose.",
    "original": "My nose is exploding. It feels like an army running into my nose.",
    "translation": "",
    "stage": 0
  },
  {
    "key": "It doesn't smell too bad but it's really strong.",
    "original": "It doesn't smell too bad but it's really strong.",
    "translation": "",
    "stage": 0
  },
  {
    "key": "Achoo!",
    "original": "Achoo!",
    "translation": "",
    "stage": 0
  },
  {
    "key": "Are you okay?",
    "original": "Are you okay?",
    "translation": "",
    "stage": 0
  },
  {
    "key": "Ha-ha... I-I'm fine.",
    "original": "Ha-ha... I-I'm fine.",
    "translation": "",
    "stage": 0
  },
  {
    "key": "How can I help you?",
    "original": "How can I help you?",
    "translation": "",
    "stage": 0
  },
  {
    "key": "Great! Why don't you come a little closer?",
    "original": "Great! Why don't you come a little closer?",
    "translation": "",
    "stage": 0
  },
  {
    "key": "Don't worry! I'm a shy boy!",
    "original": "Don't worry! I'm a shy boy!",
    "translation": "",
    "stage": 0
  },
  {
    "key": "Ha-ha! You're really cute.",
    "original": "Ha-ha! You're really cute.",
    "translation": "",
    "stage": 0
  },
  {
    "key": "Could you deliver this to the man over there for me?",
    "original": "Could you deliver this to the man over there for me?",
    "translation": "",
    "stage": 0
  },
  {
    "key": "What is this? ",
    "original": "What is this? ",
    "translation": "",
    "stage": 0
  },
  {
    "key": "It's just a business order.",
    "original": "It's just a business order.",
    "translation": "",
    "stage": 0
  },
  {
    "key": "This is the first time I see an order like this. Is he even understand?",
    "original": "This is the first time I see an order like this. Is he even understand?",
    "translation": "",
    "stage": 0
  },
  {
    "key": "We have been in contact for a while.",
    "original": "We have been in contact for a while.",
    "translation": "",
    "stage": 0
  },
  {
    "key": "Okay?",
    "original": "Okay?",
    "translation": "",
    "stage": 0
  },
  {
    "key": "Where is he?",
    "original": "Where is he?",
    "translation": "",
    "stage": 0
  },
  {
    "key": "The man in the red shirt and blue jeans is standing over there in the vineyard.",
    "original": "The man in the red shirt and blue jeans is standing over there in the vineyard.",
    "translation": "",
    "stage": 0
  },
  {
    "key": "Oh!",
    "original": "Oh!",
    "translation": "",
    "stage": 0
  },
  {
    "key": "Did you know him?",
    "original": "Did you know him?",
    "translation": "",
    "stage": 0
  },
  {
    "key": "Y...",
    "original": "Y...",
    "translation": "",
    "stage": 0
  },
  {
    "key": "Wait!",
    "original": "Wait!",
    "translation": "",
    "stage": 0
  },
  {
    "key": "Just a few steps to get there and she asked me to send this to him.",
    "original": "Just a few steps to get there and she asked me to send this to him.",
    "translation": "",
    "stage": 0
  },
  {
    "key": "She also looks strange. Who wears sunglasses at this hour?",
    "original": "She also looks strange. Who wears sunglasses at this hour?",
    "translation": "",
    "stage": 0
  },
  {
    "key": "It felt like she was hiding something.",
    "original": "It felt like she was hiding something.",
    "translation": "",
    "stage": 0
  },
  {
    "key": "No.",
    "original": "No.",
    "translation": "",
    "stage": 0
  },
  {
    "key": "I don't know him. ",
    "original": "I don't know him. ",
    "translation": "",
    "stage": 0
  },
  {
    "key": "He looks familiar at first glance but when I looked carefully he wasn't someone I knew.",
    "original": "He looks familiar at first glance but when I looked carefully he wasn't someone I knew.",
    "translation": "",
    "stage": 0
  },
  {
    "key": "Oh! Is that so.",
    "original": "Oh! Is that so.",
    "translation": "",
    "stage": 0
  },
  {
    "key": "Could you deliver it for me?",
    "original": "Could you deliver it for me?",
    "translation": "",
    "stage": 0
  },
  {
    "key": "Sure! No problem.",
    "original": "Sure! No problem.",
    "translation": "",
    "stage": 0
  },
  {
    "key": "Thank you so much, handsome guy!",
    "original": "Thank you so much, handsome guy!",
    "translation": "",
    "stage": 0
  },
  {
    "key": "This is some money for my appreciation.",
    "original": "This is some money for my appreciation.",
    "translation": "",
    "stage": 0
  },
  {
    "key": "Ha-ha. You don't have to do this.",
    "original": "Ha-ha. You don't have to do this.",
    "translation": "",
    "stage": 0
  },
  {
    "key": "\\c[14]100\\c[0]\\i[172] \\c[1]Obtained\\c[0]",
    "original": "\\c[14]100\\c[0]\\i[172] \\c[1]Obtained\\c[0]",
    "translation": "",
    "stage": 0
  },
  {
    "key": "Your hand really fast, isn't it?",
    "original": "Your hand really fast, isn't it?",
    "translation": "",
    "stage": 0
  },
  {
    "key": "That's what she said.",
    "original": "That's what she said.",
    "translation": "",
    "stage": 0
  },
  {
    "key": "God damn! Her hand is so soft and smooth.",
    "original": "God damn! Her hand is so soft and smooth.",
    "translation": "",
    "stage": 0
  },
  {
    "key": "Now that I've noticed.",
    "original": "Now that I've noticed.",
    "translation": "",
    "stage": 0
  },
  {
    "key": "She's really white and her skin looks very well-maintained.",
    "original": "She's really white and her skin looks very well-maintained.",
    "translation": "",
    "stage": 0
  },
  {
    "key": "Ha-ha! You're so funny.",
    "original": "Ha-ha! You're so funny.",
    "translation": "",
    "stage": 0
  },
  {
    "key": "I must go now. See you later!",
    "original": "I must go now. See you later!",
    "translation": "",
    "stage": 0
  },
  {
    "key": "And don't forget to give it to him. It is a very important order.",
    "original": "And don't forget to give it to him. It is a very important order.",
    "translation": "",
    "stage": 0
  },
  {
    "key": "No worries! See you later.",
    "original": "No worries! See you later.",
    "translation": "",
    "stage": 0
  },
  {
    "key": "Okay! Let's take a closer look at this order.",
    "original": "Okay! Let's take a closer look at this order.",
    "translation": "",
    "stage": 0
  },
  {
    "key": "It was drawn: \"\\c[1]A grape L 6/7\\c[0]\"",
    "original": "It was drawn: \"\\c[1]A grape L 6/7\\c[0]\"",
    "translation": "",
    "stage": 0
  },
  {
    "key": "\\c[1]Do you want to solve this code by yourself?\\c[0]",
    "original": "\\c[1]Do you want to solve this code by yourself?\\c[0]",
    "translation": "",
    "stage": 0
  },
  {
    "key": "Yes",
    "original": "Yes",
    "translation": "",
    "stage": 0
  },
  {
    "key": "No",
    "original": "No",
    "translation": "",
    "stage": 0
  },
  {
    "key": "If you have difficulty with this puzzle, you can set \\c[1]Douie's progress in the Phone to 8\\c[0]. The whole conversation will be replayed and you can choose another option.",
    "original": "If you have difficulty with this puzzle, you can set \\c[1]Douie's progress in the Phone to 8\\c[0]. The whole conversation will be replayed and you can choose another option.",
    "translation": "",
    "stage": 0
  },
  {
    "key": "Next",
    "original": "Next",
    "translation": "",
    "stage": 0
  },
  {
    "key": "A grape?",
    "original": "A grape?",
    "translation": "",
    "stage": 0
  },
  {
    "key": "I don't remember that \\C[2]Mr. Carter\\C[0] has a vineyard. Is this a Plum or something?",
    "original": "I don't remember that \\C[2]Mr. Carter\\C[0] has a vineyard. Is this a Plum or something?",
    "translation": "",
    "stage": 0
  },
  {
    "key": "Or is this just a bad drawing?",
    "original": "Or is this just a bad drawing?",
    "translation": "",
    "stage": 0
  },
  {
    "key": "\\c[1]L\\c[0]. What is this standing for?",
    "original": "\\c[1]L\\c[0]. What is this standing for?",
    "translation": "",
    "stage": 0
  },
  {
    "key": "\\c[1]6/7\\c[0] feels like 24/7.",
    "original": "\\c[1]6/7\\c[0] feels like 24/7.",
    "translation": "",
    "stage": 0
  },
  {
    "key": "...",
    "original": "...",
    "translation": "",
    "stage": 0
  },
  {
    "key": "\\c[1]A grape\\c[0]. Did she mean this vineyard?",
    "original": "\\c[1]A grape\\c[0]. Did she mean this vineyard?",
    "translation": "",
    "stage": 0
  },
  {
    "key": "\\c[1]6/7\\c[0]... Seven days a week. Isn't that mean \\c[1]Saturday\\c[0]?",
    "original": "\\c[1]6/7\\c[0]... Seven days a week. Isn't that mean \\c[1]Saturday\\c[0]?",
    "translation": "",
    "stage": 0
  },
  {
    "key": "We already have the place and the date and the remaining could be the time of the day.",
    "original": "We already have the place and the date and the remaining could be the time of the day.",
    "translation": "",
    "stage": 0
  },
  {
    "key": "\\C[20]Mae\\C[0] said that her father often comes here in the afternoon.",
    "original": "\\C[20]Mae\\C[0] said that her father often comes here in the afternoon.",
    "translation": "",
    "stage": 0
  },
  {
    "key": "The \"\\c[1]L\\c[0]\" looks like the long and short hands of a watch or it can also be a Roman numeral.",
    "original": "The \"\\c[1]L\\c[0]\" looks like the long and short hands of a watch or it can also be a Roman numeral.",
    "translation": "",
    "stage": 0
  },
  {
    "key": "In the end, we will have.",
    "original": "In the end, we will have.",
    "translation": "",
    "stage": 0
  },
  {
    "key": "\"Meet me at the  \\c[1]Vineyard\\c[0] at \\c[20]3 PM\\c[0] on \\c[1]Saturday\\c[0].\"",
    "original": "\"Meet me at the  \\c[1]Vineyard\\c[0] at \\c[20]3 PM\\c[0] on \\c[1]Saturday\\c[0].\"",
    "translation": "",
    "stage": 0
  },
  {
    "key": "Ye, boy! Where is Watson at?",
    "original": "Ye, boy! Where is Watson at?",
    "translation": "",
    "stage": 0
  },
  {
    "key": "He-he. Don't know if this is true but it's worth a try. ",
    "original": "He-he. Don't know if this is true but it's worth a try. ",
    "translation": "",
    "stage": 0
  },
  {
    "key": "Alright! It's time to deliver the dude this message.",
    "original": "Alright! It's time to deliver the dude this message.",
    "translation": "",
    "stage": 0
  },
  {
    "key": "Hey, boy!",
    "original": "Hey, boy!",
    "translation": "",
    "stage": 0
  },
  {
    "key": "Hey, dude!",
    "original": "Hey, dude!",
    "translation": "",
    "stage": 0
  },
  {
    "key": "\\C[2]Mr. Carter\\C[0] <br>",
    "original": "\\C[2]Mr. Carter\\C[0] <br>",
    "translation": "",
    "stage": 0
  },
  {
    "key": "Oh, \\n[1]! What are you doing here?",
    "original": "Oh, \\n[1]! What are you doing here?",
    "translation": "",
    "stage": 0
  },
  {
    "key": "What are you doing here?",
    "original": "What are you doing here?",
    "translation": "",
    "stage": 0
  },
  {
    "key": "Expand relationships and cooperation with customers.",
    "original": "Expand relationships and cooperation with customers.",
    "translation": "",
    "stage": 0
  },
  {
    "key": "You won't understand such a thing, kid!",
    "original": "You won't understand such a thing, kid!",
    "translation": "",
    "stage": 0
  },
  {
    "key": "Is that so? ",
    "original": "Is that so? ",
    "translation": "",
    "stage": 0
  },
  {
    "key": "Anyway, you got an order. Someone asked me to send it to you.",
    "original": "Anyway, you got an order. Someone asked me to send it to you.",
    "translation": "",
    "stage": 0
  },
  {
    "key": "Oh! Where is it?",
    "original": "Oh! Where is it?",
    "translation": "",
    "stage": 0
  },
  {
    "key": "Here.",
    "original": "Here.",
    "translation": "",
    "stage": 0
  },
  {
    "key": "Ha-ha! Thanks for delivering this! It's a big business order!",
    "original": "Ha-ha! Thanks for delivering this! It's a big business order!",
    "translation": "",
    "stage": 0
  },
  {
    "key": "Here!",
    "original": "Here!",
    "translation": "",
    "stage": 0
  },
  {
    "key": "You're so generous, \\C[2]Mr. Carter\\C[0]!",
    "original": "You're so generous, \\C[2]Mr. Carter\\C[0]!",
    "translation": "",
    "stage": 0
  },
  {
    "key": "Anyway, Can you tell me what is it mean? ",
    "original": "Anyway, Can you tell me what is it mean? ",
    "translation": "",
    "stage": 0
  },
  {
    "key": "I read it before but I don't understand anything.",
    "original": "I read it before but I don't understand anything.",
    "translation": "",
    "stage": 0
  },
  {
    "key": "Ha-ha!",
    "original": "Ha-ha!",
    "translation": "",
    "stage": 0
  },
  {
    "key": "That's a good sign.",
    "original": "That's a good sign.",
    "translation": "",
    "stage": 0
  },
  {
    "key": "What do you mean?",
    "original": "What do you mean?",
    "translation": "",
    "stage": 0
  },
  {
    "key": "Wait for me. I will grab you a drink!",
    "original": "Wait for me. I will grab you a drink!",
    "translation": "",
    "stage": 0
  },
  {
    "key": "No, thanks. I will head home now.",
    "original": "No, thanks. I will head home now.",
    "translation": "",
    "stage": 0
  },
  {
    "key": "See you later!",
    "original": "See you later!",
    "translation": "",
    "stage": 0
  },
  {
    "key": "Another \\c[14]100\\c[0]\\i[172]. Now I'm 90% sure.",
    "original": "Another \\c[14]100\\c[0]\\i[172]. Now I'm 90% sure.",
    "translation": "",
    "stage": 0
  },
  {
    "key": "But before I tell \\C[20]Mae\\C[0] about this I have to see it with my own eyes for the rest of 10%.",
    "original": "But before I tell \\C[20]Mae\\C[0] about this I have to see it with my own eyes for the rest of 10%.",
    "translation": "",
    "stage": 0
  },
  {
    "key": "He-he!",
    "original": "He-he!",
    "translation": "",
    "stage": 0
  },
  {
    "key": "What the hell are you doing here?",
    "original": "What the hell are you doing here?",
    "translation": "",
    "stage": 0
  },
  {
    "key": "What? ",
    "original": "What? ",
    "translation": "",
    "stage": 0
  },
  {
    "key": "I just go for a walk.",
    "original": "I just go for a walk.",
    "translation": "",
    "stage": 0
  },
  {
    "key": "Why are you serious?",
    "original": "Why are you serious?",
    "translation": "",
    "stage": 0
  },
  {
    "key": "W-We have a serious business. ",
    "original": "W-We have a serious business. ",
    "translation": "",
    "stage": 0
  },
  {
    "key": "I will call you later.",
    "original": "I will call you later.",
    "translation": "",
    "stage": 0
  },
  {
    "key": "Damn, I know there is something wrong.",
    "original": "Damn, I know there is something wrong.",
    "translation": "",
    "stage": 0
  },
  {
    "key": "Better find another way.",
    "original": "Better find another way.",
    "translation": "",
    "stage": 0
  },
  {
    "key": "What's up, handsome? I got you some brew.",
    "original": "What's up, handsome? I got you some brew.",
    "translation": "",
    "stage": 0
  },
  {
    "key": "Ha-ha. My favorite!",
    "original": "Ha-ha. My favorite!",
    "translation": "",
    "stage": 0
  },
  {
    "key": "Cheer!",
    "original": "Cheer!",
    "translation": "",
    "stage": 0
  },
  {
    "key": "Ahhh... It's so good!",
    "original": "Ahhh... It's so good!",
    "translation": "",
    "stage": 0
  },
  {
    "key": "Do you know what is even better?",
    "original": "Do you know what is even better?",
    "translation": "",
    "stage": 0
  },
  {
    "key": "I have been waiting for this since morning.",
    "original": "I have been waiting for this since morning.",
    "translation": "",
    "stage": 0
  },
  {
    "key": "My pussy already soaking wet.",
    "original": "My pussy already soaking wet.",
    "translation": "",
    "stage": 0
  },
  {
    "key": "That's why I'm here, babe.",
    "original": "That's why I'm here, babe.",
    "translation": "",
    "stage": 0
  },
  {
    "key": "Did you bring any protection? I forgot to buy some.",
    "original": "Did you bring any protection? I forgot to buy some.",
    "translation": "",
    "stage": 0
  },
  {
    "key": "Today is my safe day, you can cum inside me as much as you want.",
    "original": "Today is my safe day, you can cum inside me as much as you want.",
    "translation": "",
    "stage": 0
  },
  {
    "key": "You-can-shoot-inside-me-as-much-as-you-want.",
    "original": "You-can-shoot-inside-me-as-much-as-you-want.",
    "translation": "",
    "stage": 0
  },
  {
    "key": "Fuck yeah!",
    "original": "Fuck yeah!",
    "translation": "",
    "stage": 0
  },
  {
    "key": "Let's dig into it! I can't wait anymore!",
    "original": "Let's dig into it! I can't wait anymore!",
    "translation": "",
    "stage": 0
  },
  {
    "key": "You succubus! I will kill you with my mighty sword.",
    "original": "You succubus! I will kill you with my mighty sword.",
    "translation": "",
    "stage": 0
  },
  {
    "key": "Ah-hah.",
    "original": "Ah-hah.",
    "translation": "",
    "stage": 0
  },
  {
    "key": "Holy fuck! Such foreplay. Gotta note this down.",
    "original": "Holy fuck! Such foreplay. Gotta note this down.",
    "translation": "",
    "stage": 0
  },
  {
    "key": "Jesus! It went in so easily!",
    "original": "Jesus! It went in so easily!",
    "translation": "",
    "stage": 0
  },
  {
    "key": "It's really a wet and narrow tunnel.",
    "original": "It's really a wet and narrow tunnel.",
    "translation": "",
    "stage": 0
  },
  {
    "key": "Stop teasing me!",
    "original": "Stop teasing me!",
    "translation": "",
    "stage": 0
  },
  {
    "key": "Hurry up and swing your hip, I want to feel it deep inside of me.",
    "original": "Hurry up and swing your hip, I want to feel it deep inside of me.",
    "translation": "",
    "stage": 0
  },
  {
    "key": "Garhhhh!!",
    "original": "Garhhhh!!",
    "translation": "",
    "stage": 0
  },
  {
    "key": "Arhh...Ahhh!",
    "original": "Arhh...Ahhh!",
    "translation": "",
    "stage": 0
  },
  {
    "key": "It's so good! Your big cock is driving me crazy!",
    "original": "It's so good! Your big cock is driving me crazy!",
    "translation": "",
    "stage": 0
  },
  {
    "key": "Fuck! It's so good! ",
    "original": "Fuck! It's so good! ",
    "translation": "",
    "stage": 0
  },
  {
    "key": "I can't hold it anymore!",
    "original": "I can't hold it anymore!",
    "translation": "",
    "stage": 0
  },
  {
    "key": "Do it inside! I want to feel your hot juice.",
    "original": "Do it inside! I want to feel your hot juice.",
    "translation": "",
    "stage": 0
  },
  {
    "key": "Take this holy water, you succubus!",
    "original": "Take this holy water, you succubus!",
    "translation": "",
    "stage": 0
  },
  {
    "key": "I will send you to Jesus!",
    "original": "I will send you to Jesus!",
    "translation": "",
    "stage": 0
  },
  {
    "key": "Urrrrghhh! I'm cumming!!!",
    "original": "Urrrrghhh! I'm cumming!!!",
    "translation": "",
    "stage": 0
  },
  {
    "key": "Hah-hah... It's so warm...",
    "original": "Hah-hah... It's so warm...",
    "translation": "",
    "stage": 0
  },
  {
    "key": "I never get bored doing this...",
    "original": "I never get bored doing this...",
    "translation": "",
    "stage": 0
  },
  {
    "key": "Phew!",
    "original": "Phew!",
    "translation": "",
    "stage": 0
  },
  {
    "key": "Bareback is always the best!",
    "original": "Bareback is always the best!",
    "translation": "",
    "stage": 0
  },
  {
    "key": "Okay. I think this should be enough.",
    "original": "Okay. I think this should be enough.",
    "translation": "",
    "stage": 0
  },
  {
    "key": "I don't know if there is a flower pop out of this place next year after \\C[2]Mr. Carter\\C[0] found out.",
    "original": "I don't know if there is a flower pop out of this place next year after \\C[2]Mr. Carter\\C[0] found out.",
    "translation": "",
    "stage": 0
  },
  {
    "key": "Better get out of here and tell \\C[20]Mae\\C[0] about this. ",
    "original": "Better get out of here and tell \\C[20]Mae\\C[0] about this. ",
    "translation": "",
    "stage": 0
  },
  {
    "key": "She's already well prepared so it should be fine.",
    "original": "She's already well prepared so it should be fine.",
    "translation": "",
    "stage": 0
  },
  {
    "key": "Hello!",
    "original": "Hello!",
    "translation": "",
    "stage": 0
  }
]