[
  {
    "key": "Do you want to end the Picnic?",
    "original": "Do you want to end the Picnic?",
    "translation": "",
    "stage": 0
  },
  {
    "key": "Yes",
    "original": "Yes",
    "translation": "",
    "stage": 0
  },
  {
    "key": "No",
    "original": "No",
    "translation": "",
    "stage": 0
  },
  {
    "key": "Me <br>",
    "original": "Me <br>",
    "translation": "",
    "stage": 0
  },
  {
    "key": "Haa... <br>",
    "original": "Haa... <br>",
    "translation": "",
    "stage": 0
  },
  {
    "key": "Fresh air... ",
    "original": "Fresh air... ",
    "translation": "",
    "stage": 0
  },
  {
    "key": "Huh!?",
    "original": "Huh!?",
    "translation": "",
    "stage": 0
  },
  {
    "key": "What is that sound? <br>",
    "original": "What is that sound? <br>",
    "translation": "",
    "stage": 0
  },
  {
    "key": "Seem like water splashes.",
    "original": "Seem like water splashes.",
    "translation": "",
    "stage": 0
  },
  {
    "key": "Oh boy!!!",
    "original": "Oh boy!!!",
    "translation": "",
    "stage": 0
  },
  {
    "key": "Who is she? ",
    "original": "Who is she? ",
    "translation": "",
    "stage": 0
  },
  {
    "key": "I have never seen her face before.",
    "original": "I have never seen her face before.",
    "translation": "",
    "stage": 0
  },
  {
    "key": "Hmm... <br>",
    "original": "Hmm... <br>",
    "translation": "",
    "stage": 0
  },
  {
    "key": "Maybe she's a tourist...",
    "original": "Maybe she's a tourist...",
    "translation": "",
    "stage": 0
  },
  {
    "key": "*Gulps*",
    "original": "*Gulps*",
    "translation": "",
    "stage": 0
  },
  {
    "key": "Damn...",
    "original": "Damn...",
    "translation": "",
    "stage": 0
  },
  {
    "key": "She looks so hot with those packages. <br>",
    "original": "She looks so hot with those packages. <br>",
    "translation": "",
    "stage": 0
  },
  {
    "key": "Such a meat truck...",
    "original": "Such a meat truck...",
    "translation": "",
    "stage": 0
  },
  {
    "key": "Gotta calm down my buddy...",
    "original": "Gotta calm down my buddy...",
    "translation": "",
    "stage": 0
  },
  {
    "key": "Hah hah...",
    "original": "Hah hah...",
    "translation": "",
    "stage": 0
  },
  {
    "key": "So good...",
    "original": "So good...",
    "translation": "",
    "stage": 0
  },
  {
    "key": "She looks so hot and sexy...",
    "original": "She looks so hot and sexy...",
    "translation": "",
    "stage": 0
  },
  {
    "key": "Just looking at her naked body turns me on so much...",
    "original": "Just looking at her naked body turns me on so much...",
    "translation": "",
    "stage": 0
  },
  {
    "key": "\\C[3]Pixie\\c[0] <br>",
    "original": "\\C[3]Pixie\\c[0] <br>",
    "translation": "",
    "stage": 0
  },
  {
    "key": "What are you doing?",
    "original": "What are you doing?",
    "translation": "",
    "stage": 0
  },
  {
    "key": "\\C[3]Pixie\\c[0]!!!",
    "original": "\\C[3]Pixie\\c[0]!!!",
    "translation": "",
    "stage": 0
  },
  {
    "key": "You scared me. <br>",
    "original": "You scared me. <br>",
    "translation": "",
    "stage": 0
  },
  {
    "key": "Don't be a ghost next time!",
    "original": "Don't be a ghost next time!",
    "translation": "",
    "stage": 0
  },
  {
    "key": "Oh, Sorry! ",
    "original": "Oh, Sorry! ",
    "translation": "",
    "stage": 0
  },
  {
    "key": "I heard some weird sloppy sound in the bush...  <br>",
    "original": "I heard some weird sloppy sound in the bush...  <br>",
    "translation": "",
    "stage": 0
  },
  {
    "key": "and just wanted to check it out.",
    "original": "and just wanted to check it out.",
    "translation": "",
    "stage": 0
  },
  {
    "key": "Ha ha...",
    "original": "Ha ha...",
    "translation": "",
    "stage": 0
  },
  {
    "key": "Anyway, Why are you rubbing your tail? <br>",
    "original": "Anyway, Why are you rubbing your tail? <br>",
    "translation": "",
    "stage": 0
  },
  {
    "key": "I've been standing here for a while.",
    "original": "I've been standing here for a while.",
    "translation": "",
    "stage": 0
  },
  {
    "key": "Oh SNAP!!!",
    "original": "Oh SNAP!!!",
    "translation": "",
    "stage": 0
  },
  {
    "key": "She has been watching beat my meat for a while!?",
    "original": "She has been watching beat my meat for a while!?",
    "translation": "",
    "stage": 0
  },
  {
    "key": "Tail!?",
    "original": "Tail!?",
    "translation": "",
    "stage": 0
  },
  {
    "key": "Why did she say that? <br>",
    "original": "Why did she say that? <br>",
    "translation": "",
    "stage": 0
  },
  {
    "key": "Maybe it's a bit dark in this bush so she misunderstands my dick with something.",
    "original": "Maybe it's a bit dark in this bush so she misunderstands my dick with something.",
    "translation": "",
    "stage": 0
  },
  {
    "key": "Hey! <br>",
    "original": "Hey! <br>",
    "translation": "",
    "stage": 0
  },
  {
    "key": "You still haven't answered my question.",
    "original": "You still haven't answered my question.",
    "translation": "",
    "stage": 0
  },
  {
    "key": "Oh! <br>",
    "original": "Oh! <br>",
    "translation": "",
    "stage": 0
  },
  {
    "key": "Exercise... <br>",
    "original": "Exercise... <br>",
    "translation": "",
    "stage": 0
  },
  {
    "key": "Yes! Exercise. ",
    "original": "Yes! Exercise. ",
    "translation": "",
    "stage": 0
  },
  {
    "key": "I'm exercising, I want to train my arm!",
    "original": "I'm exercising, I want to train my arm!",
    "translation": "",
    "stage": 0
  },
  {
    "key": "Haha... <br>",
    "original": "Haha... <br>",
    "translation": "",
    "stage": 0
  },
  {
    "key": "It's really fun...",
    "original": "It's really fun...",
    "translation": "",
    "stage": 0
  },
  {
    "key": "Oh! Is that so?",
    "original": "Oh! Is that so?",
    "translation": "",
    "stage": 0
  },
  {
    "key": "Ye-Yeah!",
    "original": "Ye-Yeah!",
    "translation": "",
    "stage": 0
  },
  {
    "key": "Anyway, I have to go. <br>",
    "original": "Anyway, I have to go. <br>",
    "translation": "",
    "stage": 0
  },
  {
    "key": "Catch you later.",
    "original": "Catch you later.",
    "translation": "",
    "stage": 0
  },
  {
    "key": "Are you exercising?",
    "original": "Are you exercising?",
    "translation": "",
    "stage": 0
  },
  {
    "key": "Why the hell does she keeps saying my dick is a tail?",
    "original": "Why the hell does she keeps saying my dick is a tail?",
    "translation": "",
    "stage": 0
  },
  {
    "key": "You see what I'm doing right?",
    "original": "You see what I'm doing right?",
    "translation": "",
    "stage": 0
  },
  {
    "key": "I'm not blind.",
    "original": "I'm not blind.",
    "translation": "",
    "stage": 0
  },
  {
    "key": "Then why do you keep calling it a tail? ",
    "original": "Then why do you keep calling it a tail? ",
    "translation": "",
    "stage": 0
  },
  {
    "key": "It makes me feel like I'm a monkey.",
    "original": "It makes me feel like I'm a monkey.",
    "translation": "",
    "stage": 0
  },
  {
    "key": "If you are not a monkey then why is it so long and big?",
    "original": "If you are not a monkey then why is it so long and big?",
    "translation": "",
    "stage": 0
  },
  {
    "key": "Doesn't it act as a tail for balance?",
    "original": "Doesn't it act as a tail for balance?",
    "translation": "",
    "stage": 0
  },
  {
    "key": "I will take that as a compliment but it is my dick.",
    "original": "I will take that as a compliment but it is my dick.",
    "translation": "",
    "stage": 0
  },
  {
    "key": "What is that? The thing that your pee comes out?",
    "original": "What is that? The thing that your pee comes out?",
    "translation": "",
    "stage": 0
  },
  {
    "key": "I thought you were smart but really a dummy.",
    "original": "I thought you were smart but really a dummy.",
    "translation": "",
    "stage": 0
  },
  {
    "key": "So, what does it matter with the exercise?",
    "original": "So, what does it matter with the exercise?",
    "translation": "",
    "stage": 0
  },
  {
    "key": "Hmm...",
    "original": "Hmm...",
    "translation": "",
    "stage": 0
  },
  {
    "key": "Hehehe!",
    "original": "Hehehe!",
    "translation": "",
    "stage": 0
  },
  {
    "key": "Do you know what sex is?",
    "original": "Do you know what sex is?",
    "translation": "",
    "stage": 0
  },
  {
    "key": "I don't think everyone in our garden knows that.",
    "original": "I don't think everyone in our garden knows that.",
    "translation": "",
    "stage": 0
  },
  {
    "key": "That's where you live?",
    "original": "That's where you live?",
    "translation": "",
    "stage": 0
  },
  {
    "key": "Right.",
    "original": "Right.",
    "translation": "",
    "stage": 0
  },
  {
    "key": "Did you bear from a rock or something?",
    "original": "Did you bear from a rock or something?",
    "translation": "",
    "stage": 0
  },
  {
    "key": "How does your tribe reproduce? ",
    "original": "How does your tribe reproduce? ",
    "translation": "",
    "stage": 0
  },
  {
    "key": "Hihi!",
    "original": "Hihi!",
    "translation": "",
    "stage": 0
  },
  {
    "key": "We don't need to worry about that. <br>",
    "original": "We don't need to worry about that. <br>",
    "translation": "",
    "stage": 0
  },
  {
    "key": "Our mother tree will take care of it.",
    "original": "Our mother tree will take care of it.",
    "translation": "",
    "stage": 0
  },
  {
    "key": "Each new sister will be formed in their own fruit. <br>",
    "original": "Each new sister will be formed in their own fruit. <br>",
    "translation": "",
    "stage": 0
  },
  {
    "key": "Our dear mother will give them what they need.",
    "original": "Our dear mother will give them what they need.",
    "translation": "",
    "stage": 0
  },
  {
    "key": "Wow! You know something new every day.",
    "original": "Wow! You know something new every day.",
    "translation": "",
    "stage": 0
  },
  {
    "key": "What is it matter with the sex that you talking about?",
    "original": "What is it matter with the sex that you talking about?",
    "translation": "",
    "stage": 0
  },
  {
    "key": "It is a kind of exercise. ",
    "original": "It is a kind of exercise. ",
    "translation": "",
    "stage": 0
  },
  {
    "key": "Well, kind of...",
    "original": "Well, kind of...",
    "translation": "",
    "stage": 0
  },
  {
    "key": "Do you want to play with me?",
    "original": "Do you want to play with me?",
    "translation": "",
    "stage": 0
  },
  {
    "key": "It sure will be fun!",
    "original": "It sure will be fun!",
    "translation": "",
    "stage": 0
  },
  {
    "key": "Really!?",
    "original": "Really!?",
    "translation": "",
    "stage": 0
  },
  {
    "key": "Of course! <br>",
    "original": "Of course! <br>",
    "translation": "",
    "stage": 0
  },
  {
    "key": "As they say.",
    "original": "As they say.",
    "translation": "",
    "stage": 0
  },
  {
    "key": "It will be more fun if you play with your friend!",
    "original": "It will be more fun if you play with your friend!",
    "translation": "",
    "stage": 0
  },
  {
    "key": "But we won't go too deep for now, <br>",
    "original": "But we won't go too deep for now, <br>",
    "translation": "",
    "stage": 0
  },
  {
    "key": "just some touching.",
    "original": "just some touching.",
    "translation": "",
    "stage": 0
  },
  {
    "key": "Okay! Try to hold it with your body.",
    "original": "Okay! Try to hold it with your body.",
    "translation": "",
    "stage": 0
  },
  {
    "key": "Like this?",
    "original": "Like this?",
    "translation": "",
    "stage": 0
  },
  {
    "key": "Ahh! <br>",
    "original": "Ahh! <br>",
    "translation": "",
    "stage": 0
  },
  {
    "key": "I could feel her body temperature. It's a bit chilly.",
    "original": "I could feel her body temperature. It's a bit chilly.",
    "translation": "",
    "stage": 0
  },
  {
    "key": "Wow! <br>",
    "original": "Wow! <br>",
    "translation": "",
    "stage": 0
  },
  {
    "key": "It's so warm and soft. I can feel hot water flowing.",
    "original": "It's so warm and soft. I can feel hot water flowing.",
    "translation": "",
    "stage": 0
  },
  {
    "key": "It's twitching like a living being.",
    "original": "It's twitching like a living being.",
    "translation": "",
    "stage": 0
  },
  {
    "key": "I like it pretty much for some reason. <br>",
    "original": "I like it pretty much for some reason. <br>",
    "translation": "",
    "stage": 0
  },
  {
    "key": "Its smell is so nice and attractive to me. ",
    "original": "Its smell is so nice and attractive to me. ",
    "translation": "",
    "stage": 0
  },
  {
    "key": "Weird...",
    "original": "Weird...",
    "translation": "",
    "stage": 0
  },
  {
    "key": "What should we do next?",
    "original": "What should we do next?",
    "translation": "",
    "stage": 0
  },
  {
    "key": "Try to fly up and stop moving your wings so you will slide down slowly while rubbing my dick.",
    "original": "Try to fly up and stop moving your wings so you will slide down slowly while rubbing my dick.",
    "translation": "",
    "stage": 0
  },
  {
    "key": "Hahaha! ",
    "original": "Hahaha! ",
    "translation": "",
    "stage": 0
  },
  {
    "key": "How is it?",
    "original": "How is it?",
    "translation": "",
    "stage": 0
  },
  {
    "key": "That's right! You're doing excellent!",
    "original": "That's right! You're doing excellent!",
    "translation": "",
    "stage": 0
  },
  {
    "key": "Dang! <br>",
    "original": "Dang! <br>",
    "translation": "",
    "stage": 0
  },
  {
    "key": "It's better than I thought.",
    "original": "It's better than I thought.",
    "translation": "",
    "stage": 0
  },
  {
    "key": "I can feel her tiny pussy rubbing against my dick as she slid down.",
    "original": "I can feel her tiny pussy rubbing against my dick as she slid down.",
    "translation": "",
    "stage": 0
  },
  {
    "key": "It feels so good... that I could levitate.",
    "original": "It feels so good... that I could levitate.",
    "translation": "",
    "stage": 0
  },
  {
    "key": "Ahh~",
    "original": "Ahh~",
    "translation": "",
    "stage": 0
  },
  {
    "key": "I can feel my slower part burning... <br>",
    "original": "I can feel my slower part burning... <br>",
    "translation": "",
    "stage": 0
  },
  {
    "key": "but somehow I really enjoy it.",
    "original": "but somehow I really enjoy it.",
    "translation": "",
    "stage": 0
  },
  {
    "key": "Cum",
    "original": "Cum",
    "translation": "",
    "stage": 0
  },
  {
    "key": "\\C[3]Pixie\\c[0]! I can't keep it anymore.",
    "original": "\\C[3]Pixie\\c[0]! I can't keep it anymore.",
    "translation": "",
    "stage": 0
  },
  {
    "key": "What!?",
    "original": "What!?",
    "translation": "",
    "stage": 0
  },
  {
    "key": "Hey!!! <br>",
    "original": "Hey!!! <br>",
    "translation": "",
    "stage": 0
  },
  {
    "key": "I almost fell.",
    "original": "I almost fell.",
    "translation": "",
    "stage": 0
  },
  {
    "key": "!!?",
    "original": "!!?",
    "translation": "",
    "stage": 0
  },
  {
    "key": "Why is it twitching like crazy!?",
    "original": "Why is it twitching like crazy!?",
    "translation": "",
    "stage": 0
  },
  {
    "key": "Hey! Did I do something wrong? <br>",
    "original": "Hey! Did I do something wrong? <br>",
    "translation": "",
    "stage": 0
  },
  {
    "key": "It feels like it's about to explode!",
    "original": "It feels like it's about to explode!",
    "translation": "",
    "stage": 0
  },
  {
    "key": "I'm sorry, \\C[3]Pixie\\c[0]!",
    "original": "I'm sorry, \\C[3]Pixie\\c[0]!",
    "translation": "",
    "stage": 0
  },
  {
    "key": "It's coming!!!",
    "original": "It's coming!!!",
    "translation": "",
    "stage": 0
  },
  {
    "key": "*Phew*",
    "original": "*Phew*",
    "translation": "",
    "stage": 0
  },
  {
    "key": "It's so good!",
    "original": "It's so good!",
    "translation": "",
    "stage": 0
  },
  {
    "key": "Is this your pee!!?",
    "original": "Is this your pee!!?",
    "translation": "",
    "stage": 0
  },
  {
    "key": "My whole body is covered in your pee now.",
    "original": "My whole body is covered in your pee now.",
    "translation": "",
    "stage": 0
  },
  {
    "key": "I can explain!",
    "original": "I can explain!",
    "translation": "",
    "stage": 0
  },
  {
    "key": "It's not pee. <br>",
    "original": "It's not pee. <br>",
    "translation": "",
    "stage": 0
  },
  {
    "key": "It's my m-milk...",
    "original": "It's my m-milk...",
    "translation": "",
    "stage": 0
  },
  {
    "key": "You know... <br>",
    "original": "You know... <br>",
    "translation": "",
    "stage": 0
  },
  {
    "key": "It's a similar thing that came from cow udders...",
    "original": "It's a similar thing that came from cow udders...",
    "translation": "",
    "stage": 0
  },
  {
    "key": "Its texture is slimy and sticky nothing like water liquid like pee.",
    "original": "Its texture is slimy and sticky nothing like water liquid like pee.",
    "translation": "",
    "stage": 0
  },
  {
    "key": "Milk!?",
    "original": "Milk!?",
    "translation": "",
    "stage": 0
  },
  {
    "key": "Yes!",
    "original": "Yes!",
    "translation": "",
    "stage": 0
  },
  {
    "key": "Just like a milk bath. <br>",
    "original": "Just like a milk bath. <br>",
    "translation": "",
    "stage": 0
  },
  {
    "key": "Your skin will be so much better.",
    "original": "Your skin will be so much better.",
    "translation": "",
    "stage": 0
  },
  {
    "key": "Hmm?",
    "original": "Hmm?",
    "translation": "",
    "stage": 0
  },
  {
    "key": "If you lie to me, <br>",
    "original": "If you lie to me, <br>",
    "translation": "",
    "stage": 0
  },
  {
    "key": "I will throw mini dust on you every day for a month.",
    "original": "I will throw mini dust on you every day for a month.",
    "translation": "",
    "stage": 0
  },
  {
    "key": "That's an expensive punish-",
    "original": "That's an expensive punish-",
    "translation": "",
    "stage": 0
  },
  {
    "key": "Wait! What are you doing!?",
    "original": "Wait! What are you doing!?",
    "translation": "",
    "stage": 0
  },
  {
    "key": "Shit! <br>",
    "original": "Shit! <br>",
    "translation": "",
    "stage": 0
  },
  {
    "key": "I'm done!",
    "original": "I'm done!",
    "translation": "",
    "stage": 0
  },
  {
    "key": "I heard cum taste awfully bad. <br>",
    "original": "I heard cum taste awfully bad. <br>",
    "translation": "",
    "stage": 0
  },
  {
    "key": "She definitely will kill me after this.",
    "original": "She definitely will kill me after this.",
    "translation": "",
    "stage": 0
  },
  {
    "key": "You're right!",
    "original": "You're right!",
    "translation": "",
    "stage": 0
  },
  {
    "key": "The flavor...",
    "original": "The flavor...",
    "translation": "",
    "stage": 0
  },
  {
    "key": "It has a very sweet taste like milk but somewhat tastier.",
    "original": "It has a very sweet taste like milk but somewhat tastier.",
    "translation": "",
    "stage": 0
  },
  {
    "key": "First is \\C[2]Anna\\C[0]. <br>",
    "original": "First is \\C[2]Anna\\C[0]. <br>",
    "translation": "",
    "stage": 0
  },
  {
    "key": "Now \\C[3]Pixie\\c[0] says the same thing.",
    "original": "Now \\C[3]Pixie\\c[0] says the same thing.",
    "translation": "",
    "stage": 0
  },
  {
    "key": "Should I go to the doctor?",
    "original": "Should I go to the doctor?",
    "translation": "",
    "stage": 0
  },
  {
    "key": "I can feel my Magic Energy increasing. ",
    "original": "I can feel my Magic Energy increasing. ",
    "translation": "",
    "stage": 0
  },
  {
    "key": "Can I have all of these? <br>",
    "original": "Can I have all of these? <br>",
    "translation": "",
    "stage": 0
  },
  {
    "key": "Pretty please!!!",
    "original": "Pretty please!!!",
    "translation": "",
    "stage": 0
  },
  {
    "key": "Huh!? <br>",
    "original": "Huh!? <br>",
    "translation": "",
    "stage": 0
  },
  {
    "key": "I guess sperm has a lot of nutrients.",
    "original": "I guess sperm has a lot of nutrients.",
    "translation": "",
    "stage": 0
  },
  {
    "key": "It's all yours.",
    "original": "It's all yours.",
    "translation": "",
    "stage": 0
  },
  {
    "key": "Hihihi! <br>",
    "original": "Hihihi! <br>",
    "translation": "",
    "stage": 0
  },
  {
    "key": "Thank you!!!",
    "original": "Thank you!!!",
    "translation": "",
    "stage": 0
  },
  {
    "key": "Oh, boi! <br>",
    "original": "Oh, boi! <br>",
    "translation": "",
    "stage": 0
  },
  {
    "key": "Your tongue is so small, it's so tickling.",
    "original": "Your tongue is so small, it's so tickling.",
    "translation": "",
    "stage": 0
  },
  {
    "key": "I can't stop cumming because of your whole body and your tiny tits rubbing on my most sensitive part.",
    "original": "I can't stop cumming because of your whole body and your tiny tits rubbing on my most sensitive part.",
    "translation": "",
    "stage": 0
  },
  {
    "key": "What is with this smell?",
    "original": "What is with this smell?",
    "translation": "",
    "stage": 0
  },
  {
    "key": "My head is spinning. <br>",
    "original": "My head is spinning. <br>",
    "translation": "",
    "stage": 0
  },
  {
    "key": "I can't keep myself from licking it...",
    "original": "I can't keep myself from licking it...",
    "translation": "",
    "stage": 0
  },
  {
    "key": "It's so weird but I don't hate it...",
    "original": "It's so weird but I don't hate it...",
    "translation": "",
    "stage": 0
  },
  {
    "key": "End",
    "original": "End",
    "translation": "",
    "stage": 0
  },
  {
    "key": "So amazing... <br>",
    "original": "So amazing... <br>",
    "translation": "",
    "stage": 0
  },
  {
    "key": "like a small mini cum every time she licks...",
    "original": "like a small mini cum every time she licks...",
    "translation": "",
    "stage": 0
  },
  {
    "key": "I will ascend at this state...",
    "original": "I will ascend at this state...",
    "translation": "",
    "stage": 0
  },
  {
    "key": "Oh, right! <br>",
    "original": "Oh, right! <br>",
    "translation": "",
    "stage": 0
  },
  {
    "key": "Stop! Stop!!!",
    "original": "Stop! Stop!!!",
    "translation": "",
    "stage": 0
  },
  {
    "key": "I could see my ancestor.",
    "original": "I could see my ancestor.",
    "translation": "",
    "stage": 0
  },
  {
    "key": "If we continue like this, <br>",
    "original": "If we continue like this, <br>",
    "translation": "",
    "stage": 0
  },
  {
    "key": "I would pay them a visit.",
    "original": "I would pay them a visit.",
    "translation": "",
    "stage": 0
  },
  {
    "key": "Hahaha!!! <br>",
    "original": "Hahaha!!! <br>",
    "translation": "",
    "stage": 0
  },
  {
    "key": "Look at you! ",
    "original": "Look at you! ",
    "translation": "",
    "stage": 0
  },
  {
    "key": "Your belly is so big. <br>",
    "original": "Your belly is so big. <br>",
    "translation": "",
    "stage": 0
  },
  {
    "key": "You look like a pregnant woman.",
    "original": "You look like a pregnant woman.",
    "translation": "",
    "stage": 0
  },
  {
    "key": "Oddly enough, <br>",
    "original": "Oddly enough, <br>",
    "translation": "",
    "stage": 0
  },
  {
    "key": "I couldn't stop myself from drinking it all.",
    "original": "I couldn't stop myself from drinking it all.",
    "translation": "",
    "stage": 0
  },
  {
    "key": "I can feel I would be stronger after I absorbed all of this.",
    "original": "I can feel I would be stronger after I absorbed all of this.",
    "translation": "",
    "stage": 0
  },
  {
    "key": "So cool!",
    "original": "So cool!",
    "translation": "",
    "stage": 0
  },
  {
    "key": "Can I drink your milk again?",
    "original": "Can I drink your milk again?",
    "translation": "",
    "stage": 0
  },
  {
    "key": "Absolutely!!",
    "original": "Absolutely!!",
    "translation": "",
    "stage": 0
  },
  {
    "key": "But I need some time to recover.",
    "original": "But I need some time to recover.",
    "translation": "",
    "stage": 0
  },
  {
    "key": "You know. <br>",
    "original": "You know. <br>",
    "translation": "",
    "stage": 0
  },
  {
    "key": "The conservation of energy thing.",
    "original": "The conservation of energy thing.",
    "translation": "",
    "stage": 0
  },
  {
    "key": "I almost forgot about that. <br>",
    "original": "I almost forgot about that. <br>",
    "translation": "",
    "stage": 0
  },
  {
    "key": "It must be required a lot of energy to be concentrated like that.",
    "original": "It must be required a lot of energy to be concentrated like that.",
    "translation": "",
    "stage": 0
  },
  {
    "key": "I will bring you something in return.",
    "original": "I will bring you something in return.",
    "translation": "",
    "stage": 0
  },
  {
    "key": "Wow! Thanks!",
    "original": "Wow! Thanks!",
    "translation": "",
    "stage": 0
  },
  {
    "key": "Damn, I feel a bit guilty.",
    "original": "Damn, I feel a bit guilty.",
    "translation": "",
    "stage": 0
  },
  {
    "key": "But if my elixir somehow makes her stronger then I'm happily willing to help.",
    "original": "But if my elixir somehow makes her stronger then I'm happily willing to help.",
    "translation": "",
    "stage": 0
  },
  {
    "key": "I could hear \\C[3]Pixie\\c[0] sounds.",
    "original": "I could hear \\C[3]Pixie\\c[0] sounds.",
    "translation": "",
    "stage": 0
  },
  {
    "key": "Should I hide?",
    "original": "Should I hide?",
    "translation": "",
    "stage": 0
  },
  {
    "key": "Hi, \\n[1]!",
    "original": "Hi, \\n[1]!",
    "translation": "",
    "stage": 0
  },
  {
    "key": "\\C[3]Pixie\\c[0].",
    "original": "\\C[3]Pixie\\c[0].",
    "translation": "",
    "stage": 0
  },
  {
    "key": "I want to play game!!!",
    "original": "I want to play game!!!",
    "translation": "",
    "stage": 0
  },
  {
    "key": "Hihi! <br>",
    "original": "Hihi! <br>",
    "translation": "",
    "stage": 0
  },
  {
    "key": "It's so warm and soft...",
    "original": "It's so warm and soft...",
    "translation": "",
    "stage": 0
  },
  {
    "key": "It's so good",
    "original": "It's so good",
    "translation": "",
    "stage": 0
  },
  {
    "key": "and I really enjoy it.",
    "original": "and I really enjoy it.",
    "translation": "",
    "stage": 0
  },
  {
    "key": "Mini Dust Sex",
    "original": "Mini Dust Sex",
    "translation": "",
    "stage": 0
  },
  {
    "key": "Hurry up!! I can't wait anymore!!!",
    "original": "Hurry up!! I can't wait anymore!!!",
    "translation": "",
    "stage": 0
  },
  {
    "key": "Alright!",
    "original": "Alright!",
    "translation": "",
    "stage": 0
  },
  {
    "key": "I command you to lick my pussy!",
    "original": "I command you to lick my pussy!",
    "translation": "",
    "stage": 0
  },
  {
    "key": "Hi hi hi!",
    "original": "Hi hi hi!",
    "translation": "",
    "stage": 0
  },
  {
    "key": "My pussy feels so itchy and funny...",
    "original": "My pussy feels so itchy and funny...",
    "translation": "",
    "stage": 0
  },
  {
    "key": "That's right work your tongue more!!!",
    "original": "That's right work your tongue more!!!",
    "translation": "",
    "stage": 0
  },
  {
    "key": "Next",
    "original": "Next",
    "translation": "",
    "stage": 0
  },
  {
    "key": "That should be enough, I will put it in now.",
    "original": "That should be enough, I will put it in now.",
    "translation": "",
    "stage": 0
  },
  {
    "key": "Okay!",
    "original": "Okay!",
    "translation": "",
    "stage": 0
  },
  {
    "key": "It's so cute!",
    "original": "It's so cute!",
    "translation": "",
    "stage": 0
  },
  {
    "key": "It's so soft...",
    "original": "It's so soft...",
    "translation": "",
    "stage": 0
  },
  {
    "key": "It's going to go inside me!",
    "original": "It's going to go inside me!",
    "translation": "",
    "stage": 0
  },
  {
    "key": "Mmmmm~",
    "original": "Mmmmm~",
    "translation": "",
    "stage": 0
  },
  {
    "key": "Hah hah... <br>",
    "original": "Hah hah... <br>",
    "translation": "",
    "stage": 0
  },
  {
    "key": "It's so good already.",
    "original": "It's so good already.",
    "translation": "",
    "stage": 0
  },
  {
    "key": "I will use more force, \\C[3]Pixie\\c[0]! <br>",
    "original": "I will use more force, \\C[3]Pixie\\c[0]! <br>",
    "translation": "",
    "stage": 0
  },
  {
    "key": "Hyaaa~",
    "original": "Hyaaa~",
    "translation": "",
    "stage": 0
  },
  {
    "key": "AAahhhh~",
    "original": "AAahhhh~",
    "translation": "",
    "stage": 0
  },
  {
    "key": "It's in!!!",
    "original": "It's in!!!",
    "translation": "",
    "stage": 0
  },
  {
    "key": "We're connected, \\n[1]!",
    "original": "We're connected, \\n[1]!",
    "translation": "",
    "stage": 0
  },
  {
    "key": "Hurry up! Fuck me! <br>",
    "original": "Hurry up! Fuck me! <br>",
    "translation": "",
    "stage": 0
  },
  {
    "key": "I can't wait anymore!!!",
    "original": "I can't wait anymore!!!",
    "translation": "",
    "stage": 0
  },
  {
    "key": "Yes, ma'am!!!",
    "original": "Yes, ma'am!!!",
    "translation": "",
    "stage": 0
  },
  {
    "key": "Holy shit! It's fucking amazing!",
    "original": "Holy shit! It's fucking amazing!",
    "translation": "",
    "stage": 0
  },
  {
    "key": "Your body is like a big piece of meat. ",
    "original": "Your body is like a big piece of meat. ",
    "translation": "",
    "stage": 0
  },
  {
    "key": "Ahhhhhh~",
    "original": "Ahhhhhh~",
    "translation": "",
    "stage": 0
  },
  {
    "key": "It feels so gooooood, \\n[1]!!!",
    "original": "It feels so gooooood, \\n[1]!!!",
    "translation": "",
    "stage": 0
  },
  {
    "key": "I can feel your dick moving inside me...",
    "original": "I can feel your dick moving inside me...",
    "translation": "",
    "stage": 0
  },
  {
    "key": "I'm going crazy!",
    "original": "I'm going crazy!",
    "translation": "",
    "stage": 0
  },
  {
    "key": "Hah! It's sucking me in!!!",
    "original": "Hah! It's sucking me in!!!",
    "translation": "",
    "stage": 0
  },
  {
    "key": "Your pussy is so wet and tight!!!",
    "original": "Your pussy is so wet and tight!!!",
    "translation": "",
    "stage": 0
  },
  {
    "key": "I want to go faster.",
    "original": "I want to go faster.",
    "translation": "",
    "stage": 0
  },
  {
    "key": "Go as rough as you can!",
    "original": "Go as rough as you can!",
    "translation": "",
    "stage": 0
  },
  {
    "key": "Faster",
    "original": "Faster",
    "translation": "",
    "stage": 0
  },
  {
    "key": "It's way too good.",
    "original": "It's way too good.",
    "translation": "",
    "stage": 0
  },
  {
    "key": "I could see the pink steamy releasing from her body. ",
    "original": "I could see the pink steamy releasing from her body. ",
    "translation": "",
    "stage": 0
  },
  {
    "key": "Her canal is so different. <br>",
    "original": "Her canal is so different. <br>",
    "translation": "",
    "stage": 0
  },
  {
    "key": "There are thousands of small electric dots that keep stimulating my dick.",
    "original": "There are thousands of small electric dots that keep stimulating my dick.",
    "translation": "",
    "stage": 0
  },
  {
    "key": "My dick feels so numb and always in a cum state.",
    "original": "My dick feels so numb and always in a cum state.",
    "translation": "",
    "stage": 0
  },
  {
    "key": "Fuck! My mind is going blank!",
    "original": "Fuck! My mind is going blank!",
    "translation": "",
    "stage": 0
  },
  {
    "key": "Hngggh~",
    "original": "Hngggh~",
    "translation": "",
    "stage": 0
  },
  {
    "key": "Your dick, it's so big and hot!",
    "original": "Your dick, it's so big and hot!",
    "translation": "",
    "stage": 0
  },
  {
    "key": "The rubbing is burning my inside!!!",
    "original": "The rubbing is burning my inside!!!",
    "translation": "",
    "stage": 0
  },
  {
    "key": "It's vibrating my soul's stereocilia hair!!!",
    "original": "It's vibrating my soul's stereocilia hair!!!",
    "translation": "",
    "stage": 0
  },
  {
    "key": "It's so gooooood! I can't hold it anymore!!!!",
    "original": "It's so gooooood! I can't hold it anymore!!!!",
    "translation": "",
    "stage": 0
  },
  {
    "key": "UGhh!!!",
    "original": "UGhh!!!",
    "translation": "",
    "stage": 0
  },
  {
    "key": "I'm cumming!!!",
    "original": "I'm cumming!!!",
    "translation": "",
    "stage": 0
  },
  {
    "key": "Shoot inside me! <br>",
    "original": "Shoot inside me! <br>",
    "translation": "",
    "stage": 0
  },
  {
    "key": "Give me all of your delicious milk!!!",
    "original": "Give me all of your delicious milk!!!",
    "translation": "",
    "stage": 0
  },
  {
    "key": "That was amazing!!!",
    "original": "That was amazing!!!",
    "translation": "",
    "stage": 0
  },
  {
    "key": "God damn! <br>",
    "original": "God damn! <br>",
    "translation": "",
    "stage": 0
  },
  {
    "key": "I came like a ton and look how compressed it is.",
    "original": "I came like a ton and look how compressed it is.",
    "translation": "",
    "stage": 0
  },
  {
    "key": "Your small pussy is holding so tight my cum...",
    "original": "Your small pussy is holding so tight my cum...",
    "translation": "",
    "stage": 0
  },
  {
    "key": "Heh heh~ <br>",
    "original": "Heh heh~ <br>",
    "translation": "",
    "stage": 0
  },
  {
    "key": "I need to refill my energy <br>",
    "original": "I need to refill my energy <br>",
    "translation": "",
    "stage": 0
  },
  {
    "key": "so I won't get dry when you suck on my tits.",
    "original": "so I won't get dry when you suck on my tits.",
    "translation": "",
    "stage": 0
  },
  {
    "key": "Holy shit! <br>",
    "original": "Holy shit! <br>",
    "translation": "",
    "stage": 0
  },
  {
    "key": "My dick is still so hard and twitching like crazy!",
    "original": "My dick is still so hard and twitching like crazy!",
    "translation": "",
    "stage": 0
  },
  {
    "key": "Hihihi~",
    "original": "Hihihi~",
    "translation": "",
    "stage": 0
  },
  {
    "key": "Oh! It is fully absorbed!!!",
    "original": "Oh! It is fully absorbed!!!",
    "translation": "",
    "stage": 0
  },
  {
    "key": "Better get the hell out of here!",
    "original": "Better get the hell out of here!",
    "translation": "",
    "stage": 0
  },
  {
    "key": "Don't you have work to do?",
    "original": "Don't you have work to do?",
    "translation": "",
    "stage": 0
  },
  {
    "key": "OH!! <br>",
    "original": "OH!! <br>",
    "translation": "",
    "stage": 0
  },
  {
    "key": "I almost forgot.",
    "original": "I almost forgot.",
    "translation": "",
    "stage": 0
  },
  {
    "key": "See you tomorrow.",
    "original": "See you tomorrow.",
    "translation": "",
    "stage": 0
  },
  {
    "key": "Bye!",
    "original": "Bye!",
    "translation": "",
    "stage": 0
  },
  {
    "key": "At least some warning!",
    "original": "At least some warning!",
    "translation": "",
    "stage": 0
  },
  {
    "key": "It is twitching like crazy!?",
    "original": "It is twitching like crazy!?",
    "translation": "",
    "stage": 0
  },
  {
    "key": "It feels like it's about to explode! <br>",
    "original": "It feels like it's about to explode! <br>",
    "translation": "",
    "stage": 0
  },
  {
    "key": "Is the milk gonna come out!?",
    "original": "Is the milk gonna come out!?",
    "translation": "",
    "stage": 0
  },
  {
    "key": "Milk! <br>",
    "original": "Milk! <br>",
    "translation": "",
    "stage": 0
  },
  {
    "key": "Delicious milk!",
    "original": "Delicious milk!",
    "translation": "",
    "stage": 0
  },
  {
    "key": "Thanks for your milk, \\n[1]! <br>",
    "original": "Thanks for your milk, \\n[1]! <br>",
    "translation": "",
    "stage": 0
  },
  {
    "key": "It's so delicious as always.",
    "original": "It's so delicious as always.",
    "translation": "",
    "stage": 0
  },
  {
    "key": "??? <br>",
    "original": "??? <br>",
    "translation": "",
    "stage": 0
  },
  {
    "key": "What is this feeling?",
    "original": "What is this feeling?",
    "translation": "",
    "stage": 0
  },
  {
    "key": "I can feel there is someone watching me...",
    "original": "I can feel there is someone watching me...",
    "translation": "",
    "stage": 0
  },
  {
    "key": "She noticed my existence.",
    "original": "She noticed my existence.",
    "translation": "",
    "stage": 0
  },
  {
    "key": "GO GO GO!",
    "original": "GO GO GO!",
    "translation": "",
    "stage": 0
  },
  {
    "key": "I'm CUMMING!!!",
    "original": "I'm CUMMING!!!",
    "translation": "",
    "stage": 0
  },
  {
    "key": "Hah-Hah... <br>",
    "original": "Hah-Hah... <br>",
    "translation": "",
    "stage": 0
  },
  {
    "key": "Better get out of here before she sees me.",
    "original": "Better get out of here before she sees me.",
    "translation": "",
    "stage": 0
  },
  {
    "key": "Leave",
    "original": "Leave",
    "translation": "",
    "stage": 0
  },
  {
    "key": "\\C[3]Pixie\\c[0]: \\C[3]+5\\C[0] <br>",
    "original": "\\C[3]Pixie\\c[0]: \\C[3]+5\\C[0] <br>",
    "translation": "",
    "stage": 0
  },
  {
    "key": "\\C[3]Pixie\\c[0]: \\v[33]",
    "original": "\\C[3]Pixie\\c[0]: \\v[33]",
    "translation": "",
    "stage": 0
  },
  {
    "key": "\\C[3]Pixie\\c[0]: \\C[3]+3\\C[0] <br>",
    "original": "\\C[3]Pixie\\c[0]: \\C[3]+3\\C[0] <br>",
    "translation": "",
    "stage": 0
  },
  {
    "key": "\\C[2]Anna\\C[0] <br>",
    "original": "\\C[2]Anna\\C[0] <br>",
    "translation": "",
    "stage": 0
  },
  {
    "key": "Mom's food is so delicious. I really want to know what her secret is?",
    "original": "Mom's food is so delicious. I really want to know what her secret is?",
    "translation": "",
    "stage": 0
  },
  {
    "key": "\\C[20]Auntie Daisy\\C[0] <br>",
    "original": "\\C[20]Auntie Daisy\\C[0] <br>",
    "translation": "",
    "stage": 0
  },
  {
    "key": "What is your plan, Sweetie?",
    "original": "What is your plan, Sweetie?",
    "translation": "",
    "stage": 0
  },
  {
    "key": "Fishing",
    "original": "Fishing",
    "translation": "",
    "stage": 0
  },
  {
    "key": "End the Picnic",
    "original": "End the Picnic",
    "translation": "",
    "stage": 0
  },
  {
    "key": "Nothing",
    "original": "Nothing",
    "translation": "",
    "stage": 0
  },
  {
    "key": "I will go and catch some fish.",
    "original": "I will go and catch some fish.",
    "translation": "",
    "stage": 0
  },
  {
    "key": "Me too, me too!!!",
    "original": "Me too, me too!!!",
    "translation": "",
    "stage": 0
  },
  {
    "key": "The water is so cool!",
    "original": "The water is so cool!",
    "translation": "",
    "stage": 0
  },
  {
    "key": "Damn! I forgot I don't have any fishing rods...",
    "original": "Damn! I forgot I don't have any fishing rods...",
    "translation": "",
    "stage": 0
  },
  {
    "key": "What are you d...",
    "original": "What are you d...",
    "translation": "",
    "stage": 0
  },
  {
    "key": "The last one in the water is a loser!",
    "original": "The last one in the water is a loser!",
    "translation": "",
    "stage": 0
  },
  {
    "key": "Ahhh... The water is really cool...",
    "original": "Ahhh... The water is really cool...",
    "translation": "",
    "stage": 0
  },
  {
    "key": "Take this!!!",
    "original": "Take this!!!",
    "translation": "",
    "stage": 0
  },
  {
    "key": "Ahh!!!",
    "original": "Ahh!!!",
    "translation": "",
    "stage": 0
  },
  {
    "key": "\\C[2]Anna\\C[0], you got water all over my dress!",
    "original": "\\C[2]Anna\\C[0], you got water all over my dress!",
    "translation": "",
    "stage": 0
  },
  {
    "key": "And my shoes...",
    "original": "And my shoes...",
    "translation": "",
    "stage": 0
  },
  {
    "key": "Now my socks are going to be all soggy...",
    "original": "Now my socks are going to be all soggy...",
    "translation": "",
    "stage": 0
  },
  {
    "key": "Come on, guys! It’s really cool in here.",
    "original": "Come on, guys! It’s really cool in here.",
    "translation": "",
    "stage": 0
  },
  {
    "key": "Ahh... So cool...",
    "original": "Ahh... So cool...",
    "translation": "",
    "stage": 0
  },
  {
    "key": "Way better than sitting in the sun.",
    "original": "Way better than sitting in the sun.",
    "translation": "",
    "stage": 0
  },
  {
    "key": "Right, mom?",
    "original": "Right, mom?",
    "translation": "",
    "stage": 0
  },
  {
    "key": "Here’s some more!",
    "original": "Here’s some more!",
    "translation": "",
    "stage": 0
  },
  {
    "key": "!!!",
    "original": "!!!",
    "translation": "",
    "stage": 0
  },
  {
    "key": "Haha!",
    "original": "Haha!",
    "translation": "",
    "stage": 0
  },
  {
    "key": "You’re going to get my hair all wet!",
    "original": "You’re going to get my hair all wet!",
    "translation": "",
    "stage": 0
  },
  {
    "key": "Take this, \\n[1]!",
    "original": "Take this, \\n[1]!",
    "translation": "",
    "stage": 0
  },
  {
    "key": "Anna has such a nice body...",
    "original": "Anna has such a nice body...",
    "translation": "",
    "stage": 0
  },
  {
    "key": "I want to take a bite out of her juicy butt...",
    "original": "I want to take a bite out of her juicy butt...",
    "translation": "",
    "stage": 0
  },
  {
    "key": "And Auntie looks like a Venus...",
    "original": "And Auntie looks like a Venus...",
    "translation": "",
    "stage": 0
  },
  {
    "key": "I’m so lucky to be surrounded by such beauties...",
    "original": "I’m so lucky to be surrounded by such beauties...",
    "translation": "",
    "stage": 0
  },
  {
    "key": "Ha-ha!!! Look, mom!",
    "original": "Ha-ha!!! Look, mom!",
    "translation": "",
    "stage": 0
  },
  {
    "key": "\\n[1]'s thingie is getting bigger!",
    "original": "\\n[1]'s thingie is getting bigger!",
    "translation": "",
    "stage": 0
  },
  {
    "key": "What?",
    "original": "What?",
    "translation": "",
    "stage": 0
  },
  {
    "key": "N-no it’s not.",
    "original": "N-no it’s not.",
    "translation": "",
    "stage": 0
  },
  {
    "key": "S-shut up! Take this!",
    "original": "S-shut up! Take this!",
    "translation": "",
    "stage": 0
  },
  {
    "key": "Mom??? Why are you splashing water on me!?",
    "original": "Mom??? Why are you splashing water on me!?",
    "translation": "",
    "stage": 0
  },
  {
    "key": "Because you are the one who started this war!",
    "original": "Because you are the one who started this war!",
    "translation": "",
    "stage": 0
  },
  {
    "key": "Ha-ha! Sorry. I’ve picked my side.",
    "original": "Ha-ha! Sorry. I’ve picked my side.",
    "translation": "",
    "stage": 0
  },
  {
    "key": "Yeah, get her!",
    "original": "Yeah, get her!",
    "translation": "",
    "stage": 0
  },
  {
    "key": "Fire, fire, fire!!!",
    "original": "Fire, fire, fire!!!",
    "translation": "",
    "stage": 0
  },
  {
    "key": "It's not fair!!!",
    "original": "It's not fair!!!",
    "translation": "",
    "stage": 0
  },
  {
    "key": "What a beautiful day!",
    "original": "What a beautiful day!",
    "translation": "",
    "stage": 0
  },
  {
    "key": "I enjoy coming out here.",
    "original": "I enjoy coming out here.",
    "translation": "",
    "stage": 0
  },
  {
    "key": "The air is so fresh and clean. I love the feeling of the sun.",
    "original": "The air is so fresh and clean. I love the feeling of the sun.",
    "translation": "",
    "stage": 0
  },
  {
    "key": "And the sound of the water, and the mountains.",
    "original": "And the sound of the water, and the mountains.",
    "translation": "",
    "stage": 0
  },
  {
    "key": "You’re speaking like a poet...",
    "original": "You’re speaking like a poet...",
    "translation": "",
    "stage": 0
  },
  {
    "key": "It’s how I really feel.",
    "original": "It’s how I really feel.",
    "translation": "",
    "stage": 0
  },
  {
    "key": "Don’t understand him, \\C[2]Anna\\C[0].",
    "original": "Don’t understand him, \\C[2]Anna\\C[0].",
    "translation": "",
    "stage": 0
  },
  {
    "key": "He’s very smart for such a cute young boy.",
    "original": "He’s very smart for such a cute young boy.",
    "translation": "",
    "stage": 0
  },
  {
    "key": "Aren’t you, Callum?",
    "original": "Aren’t you, Callum?",
    "translation": "",
    "stage": 0
  },
  {
    "key": "Huh?",
    "original": "Huh?",
    "translation": "",
    "stage": 0
  },
  {
    "key": "I guess...",
    "original": "I guess...",
    "translation": "",
    "stage": 0
  },
  {
    "key": "Come here. Let’s eat some food.",
    "original": "Come here. Let’s eat some food.",
    "translation": "",
    "stage": 0
  },
  {
    "key": "It took a while to get here and we still haven't eaten since morning.",
    "original": "It took a while to get here and we still haven't eaten since morning.",
    "translation": "",
    "stage": 0
  },
  {
    "key": "...",
    "original": "...",
    "translation": "",
    "stage": 0
  },
  {
    "key": "Mom, how did you manage to bring steak?!?",
    "original": "Mom, how did you manage to bring steak?!?",
    "translation": "",
    "stage": 0
  },
  {
    "key": "It’s all for you guys! Enjoy!",
    "original": "It’s all for you guys! Enjoy!",
    "translation": "",
    "stage": 0
  },
  {
    "key": "Wow!!!",
    "original": "Wow!!!",
    "translation": "",
    "stage": 0
  },
  {
    "key": "Let’s go fish.",
    "original": "Let’s go fish.",
    "translation": "",
    "stage": 0
  },
  {
    "key": "I’m a bit too full for fishing, dear. I’m going to sit in the sun.",
    "original": "I’m a bit too full for fishing, dear. I’m going to sit in the sun.",
    "translation": "",
    "stage": 0
  },
  {
    "key": "We have to go back by afternoon, so you can do whatever you want until then.",
    "original": "We have to go back by afternoon, so you can do whatever you want until then.",
    "translation": "",
    "stage": 0
  },
  {
    "key": "\\C[2]Anna\\C[0] has such a nice body...",
    "original": "\\C[2]Anna\\C[0] has such a nice body...",
    "translation": "",
    "stage": 0
  },
  {
    "key": "I had a lot of fun.",
    "original": "I had a lot of fun.",
    "translation": "",
    "stage": 0
  },
  {
    "key": "Yeah me too.",
    "original": "Yeah me too.",
    "translation": "",
    "stage": 0
  },
  {
    "key": "Let’s go home, it’s getting dark.",
    "original": "Let’s go home, it’s getting dark.",
    "translation": "",
    "stage": 0
  },
  {
    "key": "\\C[20]Auntie Daisy\\C[0]: \\C[3]+5\\C[0] <br>",
    "original": "\\C[20]Auntie Daisy\\C[0]: \\C[3]+5\\C[0] <br>",
    "translation": "",
    "stage": 0
  },
  {
    "key": "\\C[20]Auntie Daisy\\C[0]: \\v[21]",
    "original": "\\C[20]Auntie Daisy\\C[0]: \\v[21]",
    "translation": "",
    "stage": 0
  },
  {
    "key": "\\C[2]Anna\\C[0]: \\C[3]+5\\C[0] <br>",
    "original": "\\C[2]Anna\\C[0]: \\C[3]+5\\C[0] <br>",
    "translation": "",
    "stage": 0
  },
  {
    "key": "\\C[2]Anna\\C[0]: \\v[23]",
    "original": "\\C[2]Anna\\C[0]: \\v[23]",
    "translation": "",
    "stage": 0
  },
  {
    "key": "\\C[20]Auntie Daisy\\C[0]: \\C[3]+2\\C[0] <br>",
    "original": "\\C[20]Auntie Daisy\\C[0]: \\C[3]+2\\C[0] <br>",
    "translation": "",
    "stage": 0
  },
  {
    "key": "\\C[2]Anna\\C[0]: \\C[3]+2\\C[0] <br>",
    "original": "\\C[2]Anna\\C[0]: \\C[3]+2\\C[0] <br>",
    "translation": "",
    "stage": 0
  }
]