[
  {
    "key": "Me <br>",
    "original": "Me <br>",
    "translation": "我 <br>",
    "stage": 1
  },
  {
    "key": "AAhhh!!!",
    "original": "AAhhh!!!",
    "translation": "啊啊啊！！！",
    "stage": 1
  },
  {
    "key": "??? <br>",
    "original": "??? <br>",
    "translation": "??? <br>",
    "stage": 1
  },
  {
    "key": "H...elp... me...",
    "original": "H...elp... me...",
    "translation": "帮……我……",
    "stage": 1
  },
  {
    "key": "Shiiiiit!!!",
    "original": "Shiiiiit!!!",
    "translation": "我去去去去去！！！",
    "stage": 1
  },
  {
    "key": "I can't move!",
    "original": "I can't move!",
    "translation": "我动不了了！",
    "stage": 1
  },
  {
    "key": "I can't feel my body!!!",
    "original": "I can't feel my body!!!",
    "translation": "我感觉不到身子了！！！",
    "stage": 1
  },
  {
    "key": "URGhhh!!",
    "original": "URGhhh!!",
    "translation": "呃啊啊啊！！",
    "stage": 1
  },
  {
    "key": "I can't breathe. <br>",
    "original": "I can't breathe. <br>",
    "translation": "我没法呼吸了<br>",
    "stage": 1
  },
  {
    "key": "My neck feels like it's tied with a rope!!",
    "original": "My neck feels like it's tied with a rope!!",
    "translation": "感觉像有绳子勒住脖子一样！！",
    "stage": 1
  },
  {
    "key": "Hah hah...",
    "original": "Hah hah...",
    "translation": "哈哈……",
    "stage": 1
  },
  {
    "key": "It's gone...",
    "original": "It's gone...",
    "translation": "可算走了……",
    "stage": 1
  },
  {
    "key": "Where is it!?",
    "original": "Where is it!?",
    "translation": "它去哪了？！",
    "stage": 1
  },
  {
    "key": "Just like \\C[3]Elphaba\\C[0]'s servant said, <br>",
    "original": "Just like \\C[3]Elphaba\\C[0]'s servant said, <br>",
    "translation": "就像\\C[3]埃尔珐芭\\C[0]的仆人说的<br>",
    "stage": 1
  },
  {
    "key": "it just wants to play me like a rag doll.",
    "original": "it just wants to play me like a rag doll.",
    "translation": "她玩我就像玩洋娃娃一样",
    "stage": 1
  }
]