[
  {
    "key": "\\C[6]Ms. Betty\\C[0] <br>",
    "original": "\\C[6]Ms. Betty\\C[0] <br>",
    "translation": "\\C[6]贝蒂小姐\\C[0] <br>",
    "stage": 1
  },
  {
    "key": "What are you doing in my office?",
    "original": "What are you doing in my office?",
    "translation": "你在我办公室干什么？",
    "stage": 1
  },
  {
    "key": "Go out and play with your friend.",
    "original": "Go out and play with your friend.",
    "translation": "去找你朋友玩去",
    "stage": 1
  },
  {
    "key": "Me <br>",
    "original": "Me <br>",
    "translation": "我 <br>",
    "stage": 1
  },
  {
    "key": "Wierd as fuck looking cactus!",
    "original": "Wierd as fuck looking cactus!",
    "translation": "仙人掌长得好怪！",
    "stage": 1
  },
  {
    "key": "It's locked.",
    "original": "It's locked.",
    "translation": "锁住了",
    "stage": 1
  },
  {
    "key": "You can't just touch someone property!",
    "original": "You can't just touch someone property!",
    "translation": "不能乱碰别人的东西！",
    "stage": 1
  },
  {
    "key": "I'm sorry, \\C[6]Ms. Betty\\C[0]!",
    "original": "I'm sorry, \\C[6]Ms. Betty\\C[0]!",
    "translation": "抱歉，\\C[6]贝蒂小姐\\C[0]！",
    "stage": 1
  },
  {
    "key": "So flashy...",
    "original": "So flashy...",
    "translation": "真闪啊……",
    "stage": 1
  },
  {
    "key": "Documents and stuff...",
    "original": "Documents and stuff...",
    "translation": "文件之类的……",
    "stage": 1
  },
  {
    "key": "Don't you mind? I'm working!",
    "original": "Don't you mind? I'm working!",
    "translation": "别闹了，我在干活！",
    "stage": 1
  }
]