[
  {
    "key": "\\C[20]Auntie Daisy\\C[0] <br>",
    "original": "\\C[20]Auntie Daisy\\C[0] <br>",
    "translation": "\\C[20]黛西阿姨\\C[0] <br>",
    "stage": 1
  },
  {
    "key": "It was super good.",
    "original": "It was super good.",
    "translation": "太棒了",
    "stage": 1
  },
  {
    "key": "Thank you very much, Sweetie.",
    "original": "Thank you very much, Sweetie.",
    "translation": "谢谢你，小甜心",
    "stage": 1
  },
  {
    "key": "*Yawn*",
    "original": "*Yawn*",
    "translation": "*哈欠*",
    "stage": 1
  },
  {
    "key": "It's getting late. You better go to bed now sweetie.",
    "original": "It's getting late. You better go to bed now sweetie.",
    "translation": "有点太晚了，你该回去睡觉了",
    "stage": 1
  },
  {
    "key": "And sleep well, Sweatie!",
    "original": "And sleep well, Sweatie!",
    "translation": "做个好梦，亲爱的！",
    "stage": 1
  },
  {
    "key": "Me <br>",
    "original": "Me <br>",
    "translation": "我 <br>",
    "stage": 1
  },
  {
    "key": "Oh, okay, good night Auntie!",
    "original": "Oh, okay, good night Auntie!",
    "translation": "好，晚安阿姨！",
    "stage": 1
  },
  {
    "key": "\\C[20]Auntie Daisy\\C[0]: \\C[3]+2\\C[0] <br>",
    "original": "\\C[20]Auntie Daisy\\C[0]: \\C[3]+2\\C[0] <br>",
    "translation": "\\C[20]黛西阿姨\\C[0]: \\C[3]+2\\C[0] <br>",
    "stage": 1
  },
  {
    "key": "\\C[20]Auntie Daisy\\C[0]: \\v[21]",
    "original": "\\C[20]Auntie Daisy\\C[0]: \\v[21]",
    "translation": "\\C[20]黛西阿姨\\C[0]: \\v[21]",
    "stage": 1
  }
]