[
  {
    "key": "Me <br>",
    "original": "Me <br>",
    "translation": "我 <br>",
    "stage": 1
  },
  {
    "key": "Okay! Now I'm going to train your body sensations by stimulating your body parts.",
    "original": "Okay! Now I'm going to train your body sensations by stimulating your body parts.",
    "translation": "好了！现在我要刺激你的身体来训练忍耐力了！",
    "stage": 1
  },
  {
    "key": "You have to do your homework while enduring your stimulation.",
    "original": "You have to do your homework while enduring your stimulation.",
    "translation": "你必须边被我刺激边好好写作业",
    "stage": 1
  },
  {
    "key": "\\C[2]Anna\\C[0] <br>",
    "original": "\\C[2]Anna\\C[0] <br>",
    "translation": "\\C[2]安娜\\C[0] <br>",
    "stage": 1
  },
  {
    "key": "Alright!",
    "original": "Alright!",
    "translation": "行！",
    "stage": 1
  },
  {
    "key": "He-he. This is fun. I should go easy at first or she couldn't handle it.",
    "original": "He-he. This is fun. I should go easy at first or she couldn't handle it.",
    "translation": "嘿嘿，真有趣。我一开始应该温柔点，怕她受不了。",
    "stage": 1
  },
  {
    "key": "Stop, Stop!",
    "original": "Stop, Stop!",
    "translation": "停，停！",
    "stage": 1
  },
  {
    "key": "It should be enough.",
    "original": "It should be enough.",
    "translation": "应该够了",
    "stage": 1
  },
  {
    "key": "What do you mean?",
    "original": "What do you mean?",
    "translation": "你想说什么？",
    "stage": 1
  },
  {
    "key": "Today's lesson, of course.",
    "original": "Today's lesson, of course.",
    "translation": "今天的课，嗯嗯",
    "stage": 1
  },
  {
    "key": "It feels so good, I feel so weird!",
    "original": "It feels so good, I feel so weird!",
    "translation": "好舒服啊……",
    "stage": 1
  },
  {
    "key": "Something is coming out!",
    "original": "Something is coming out!",
    "translation": "有什么……要出来了！",
    "stage": 1
  },
  {
    "key": "Whoa!",
    "original": "Whoa!",
    "translation": "哇啊！",
    "stage": 1
  },
  {
    "key": "Hah-hah...",
    "original": "Hah-hah...",
    "translation": "哈啊……哈啊……",
    "stage": 1
  },
  {
    "key": "It was so good. What is that?",
    "original": "It was so good. What is that?",
    "translation": "好舒服啊……怎么回事？",
    "stage": 1
  },
  {
    "key": "Next",
    "original": "Next",
    "translation": "继续",
    "stage": 1
  }
]