[
  {
    "key": "Me <br>",
    "original": "Me <br>",
    "translation": "我<br>",
    "stage": 1
  },
  {
    "key": "...",
    "original": "...",
    "translation": "...",
    "stage": 1
  },
  {
    "key": "Or.. I guess a little peek won't hurt.",
    "original": "Or.. I guess a little peek won't hurt.",
    "translation": "我猜……偷偷看一眼应该没什么",
    "stage": 1
  },
  {
    "key": "Such a bad sleeping position, just like she always.",
    "original": "Such a bad sleeping position, just like she always.",
    "translation": "和平时一样，她睡姿真差",
    "stage": 1
  },
  {
    "key": "She's so careless. I can even see her Titty from here.",
    "original": "She's so careless. I can even see her Titty from here.",
    "translation": "真不注意睡相，从这里看她的小乳头看得一清二楚",
    "stage": 1
  },
  {
    "key": "Well, I better leave before she wakes up.",
    "original": "Well, I better leave before she wakes up.",
    "translation": "好了，得趁她醒前快溜",
    "stage": 1
  },
  {
    "key": "Oh man, it's getting weird now.",
    "original": "Oh man, it's getting weird now.",
    "translation": "哦，感觉有点奇怪了",
    "stage": 1
  },
  {
    "key": "Since the last time, I have seen her milk a cow. And it's making me horny for some reason.",
    "original": "Since the last time, I have seen her milk a cow. And it's making me horny for some reason.",
    "translation": "自从上次看她给奶牛挤奶后，每想到这个就让我焦躁难耐",
    "stage": 1
  },
  {
    "key": "I... I just can't get it out of my head. ",
    "original": "I... I just can't get it out of my head. ",
    "translation": "我……没法控制自己不去想它",
    "stage": 1
  },
  {
    "key": "Her hand looks so soft... I bet it would feel really damn good if I rub my penis inside it.",
    "original": "Her hand looks so soft... I bet it would feel really damn good if I rub my penis inside it.",
    "translation": "她的小手看起来真软……握住我的小鸡鸡一定很舒服",
    "stage": 1
  },
  {
    "key": "She is my cousin though. She would obviously help a brother in need if I asked.",
    "original": "She is my cousin though. She would obviously help a brother in need if I asked.",
    "translation": "怎么说都是我表妹，她肯定愿意帮帮她的好哥哥",
    "stage": 1
  },
  {
    "key": "Still, I hope it won't wake her up...",
    "original": "Still, I hope it won't wake her up...",
    "translation": "嗯，最好别弄醒她",
    "stage": 1
  },
  {
    "key": "\\C[2]Anna\\C[0]: \\C[3]+3\\C[0] <br>",
    "original": "\\C[2]Anna\\C[0]: \\C[3]+3\\C[0] <br>",
    "translation": "\\C[2]安娜\\C[0]: \\C[3]+3\\C[0] <br>",
    "stage": 1
  },
  {
    "key": "\\C[2]Anna\\C[0]: \\v[23]",
    "original": "\\C[2]Anna\\C[0]: \\v[23]",
    "translation": "\\C[2]安娜\\C[0]: \\v[23]",
    "stage": 1
  },
  {
    "key": "Can't seem to put it in.",
    "original": "Can't seem to put it in.",
    "translation": "应该塞不进去",
    "stage": 1
  },
  {
    "key": "Man, It's so small ... ",
    "original": "Man, It's so small ... ",
    "translation": "老天，她也太紧了……",
    "stage": 1
  },
  {
    "key": "Or... my thingy, it is just too damn big. Ha-ha.",
    "original": "Or... my thingy, it is just too damn big. Ha-ha.",
    "translation": "或者说……是我的小兄弟太大了，嘿嘿",
    "stage": 1
  },
  {
    "key": "I want to put it in so badly... ",
    "original": "I want to put it in so badly... ",
    "translation": "我真的很想塞进去……",
    "stage": 1
  },
  {
    "key": "Wait! I can buy that tiny powder from \\C[3]Pixie\\c[0] to make my dick smaller.",
    "original": "Wait! I can buy that tiny powder from \\C[3]Pixie\\c[0] to make my dick smaller.",
    "translation": "等等！我可以用从\\C[3]皮可茜\\C[0]那里买来的迷你粉让我的鸡鸡变小",
    "stage": 1
  },
  {
    "key": "*Gulp*",
    "original": "*Gulp*",
    "translation": "*咽口水*",
    "stage": 1
  },
  {
    "key": "Wait! I can use \\c[14]Tiny Miny Mini Dust\\i[317]\\c[0] to make my dick smaller.",
    "original": "Wait! I can use \\c[14]Tiny Miny Mini Dust\\i[317]\\c[0] to make my dick smaller.",
    "translation": "等等！我可以用\\C[14]迷你粉\\i[317]\\C[0]让我的鸡鸡变小",
    "stage": 1
  },
  {
    "key": "Her pussy so smooth and fluffy. ",
    "original": "Her pussy so smooth and fluffy. ",
    "translation": "她的小穴真光滑真软",
    "stage": 1
  },
  {
    "key": "Wow! It's so pumped. ",
    "original": "Wow! It's so pumped. ",
    "translation": "哇哦！一弹一弹的",
    "stage": 1
  },
  {
    "key": "So soft and fluffy...",
    "original": "So soft and fluffy...",
    "translation": "软乎乎的……",
    "stage": 1
  },
  {
    "key": "Never thought it would be this good. ",
    "original": "Never thought it would be this good. ",
    "translation": "竟然有这么舒服",
    "stage": 1
  },
  {
    "key": "Faster",
    "original": "Faster",
    "translation": "更快点",
    "stage": 1
  },
  {
    "key": "Next",
    "original": "Next",
    "translation": "继续",
    "stage": 1
  },
  {
    "key": "So warm. I almost came just by rubbing my dick between her pussy lips.",
    "original": "So warm. I almost came just by rubbing my dick between her pussy lips.",
    "translation": "好暖和，我光在小穴口蹭蹭就快要射了",
    "stage": 1
  },
  {
    "key": "Cum",
    "original": "Cum",
    "translation": "射精",
    "stage": 1
  },
  {
    "key": "It feels so good!",
    "original": "It feels so good!",
    "translation": "感觉好舒服！",
    "stage": 1
  },
  {
    "key": "I'm cumming!!!",
    "original": "I'm cumming!!!",
    "translation": "我要射了！！",
    "stage": 1
  },
  {
    "key": "It was so good, I came a lot just by rubbing my dick between her fatty pussy.",
    "original": "It was so good, I came a lot just by rubbing my dick between her fatty pussy.",
    "translation": "真是太舒服了，我光在小穴口蹭蹭就能射这么多",
    "stage": 1
  },
  {
    "key": "Pull Out",
    "original": "Pull Out",
    "translation": "拔出",
    "stage": 1
  },
  {
    "key": "Better get out of here before she wakes up.",
    "original": "Better get out of here before she wakes up.",
    "translation": "趁她醒前快走吧",
    "stage": 1
  },
  {
    "key": "So good...",
    "original": "So good...",
    "translation": "真棒……",
    "stage": 1
  },
  {
    "key": "Slower",
    "original": "Slower",
    "translation": "慢点",
    "stage": 1
  },
  {
    "key": "It's a bit tight, I never thought it would fit so perfectly.  ",
    "original": "It's a bit tight, I never thought it would fit so perfectly.  ",
    "translation": "有点紧，没想到这个大小这么合适",
    "stage": 1
  },
  {
    "key": "Start Moving",
    "original": "Start Moving",
    "translation": "开始动",
    "stage": 1
  },
  {
    "key": "Damn! It feels so good!",
    "original": "Damn! It feels so good!",
    "translation": "老天！真是太舒服了！",
    "stage": 1
  },
  {
    "key": "My dick too sensitive for some reason.",
    "original": "My dick too sensitive for some reason.",
    "translation": "不知道为什么我的小鸡鸡特别敏感",
    "stage": 1
  },
  {
    "key": "!!?",
    "original": "!!?",
    "translation": "！？",
    "stage": 1
  },
  {
    "key": "What is this? It's so tight suddenly.",
    "original": "What is this? It's so tight suddenly.",
    "translation": "怎么回事？突然变紧了",
    "stage": 1
  },
  {
    "key": "Hah...hah... So good... ",
    "original": "Hah...hah... So good... ",
    "translation": "哈啊……哈啊……太舒服了……",
    "stage": 1
  },
  {
    "key": "I can't hold it anymore.",
    "original": "I can't hold it anymore.",
    "translation": "我要忍不住了",
    "stage": 1
  },
  {
    "key": "Hah...hah. Holy fuck! I came like a ton.",
    "original": "Hah...hah. Holy fuck! I came like a ton.",
    "translation": "哈啊……我去！感觉一滴都没剩下",
    "stage": 1
  },
  {
    "key": "Holy, It poured out like a flood!",
    "original": "Holy, It poured out like a flood!",
    "translation": "老天，都满到溢出来了！",
    "stage": 1
  },
  {
    "key": "I guess her little dam too weak to handle my enormous flood. ",
    "original": "I guess her little dam too weak to handle my enormous flood. ",
    "translation": "我猜她的小穴塞不下我的白色洪流",
    "stage": 1
  },
  {
    "key": "Man, after all of that she's still sleeping like a corpse.",
    "original": "Man, after all of that she's still sleeping like a corpse.",
    "translation": "老天，没想到她还能睡得这么舒坦",
    "stage": 1
  },
  {
    "key": "Oh right, better get out of here.",
    "original": "Oh right, better get out of here.",
    "translation": "对了，快溜",
    "stage": 1
  },
  {
    "key": "Rub",
    "original": "Rub",
    "translation": "摩擦",
    "stage": 1
  },
  {
    "key": "Pull out",
    "original": "Pull out",
    "translation": "拔出",
    "stage": 1
  },
  {
    "key": "Ha...ha... It feels so good.",
    "original": "Ha...ha... It feels so good.",
    "translation": "哈啊……感觉好舒服",
    "stage": 1
  },
  {
    "key": "Better clean it up...",
    "original": "Better clean it up...",
    "translation": "最好清理一下",
    "stage": 1
  },
  {
    "key": "!!!",
    "original": "!!!",
    "translation": "！！",
    "stage": 1
  },
  {
    "key": "damnnn! She's doing her \"milking\" again...",
    "original": "damnnn! She's doing her \"milking\" again...",
    "translation": "我去！她又在“挤奶”了……",
    "stage": 1
  },
  {
    "key": "Double cumshot, or more like double paradises. I guess this is how it feels like in heaven...",
    "original": "Double cumshot, or more like double paradises. I guess this is how it feels like in heaven...",
    "translation": "双倍射精，感觉我要上天了……",
    "stage": 1
  },
  {
    "key": "Finish",
    "original": "Finish",
    "translation": "结束",
    "stage": 1
  },
  {
    "key": "Better pull my mini me out, as he's getting very sensitive now...",
    "original": "Better pull my mini me out, as he's getting very sensitive now...",
    "translation": "得赶快把我的小鸡鸡拔出来，现在变得好敏感……",
    "stage": 1
  },
  {
    "key": "\\c[14]Tiny Miny Mini Dust\\i[317]\\c[0]",
    "original": "\\c[14]Tiny Miny Mini Dust\\i[317]\\c[0]",
    "translation": "\\C[14]迷你粉\\i[317]\\C[0]",
    "stage": 1
  },
  {
    "key": "Withdraw",
    "original": "Withdraw",
    "translation": "撤退",
    "stage": 1
  },
  {
    "key": "Do Nothing",
    "original": "Do Nothing",
    "translation": "什么都不做",
    "stage": 1
  },
  {
    "key": "Alright, here we go! ",
    "original": "Alright, here we go! ",
    "translation": "好了，我们上！",
    "stage": 1
  },
  {
    "key": "Abra-Kadabra-Alakazam!!!",
    "original": "Abra-Kadabra-Alakazam!!!",
    "translation": "阿布啦咔哒不啦！！",
    "stage": 1
  },
  {
    "key": "Holy shit! It's actually tiny now. ",
    "original": "Holy shit! It's actually tiny now. ",
    "translation": "我去！真的变小了",
    "stage": 1
  },
  {
    "key": "I knew it would work. But I'm still amazed after using it. ",
    "original": "I knew it would work. But I'm still amazed after using it. ",
    "translation": "我知道会变小，只是没想到效果这么好",
    "stage": 1
  },
  {
    "key": "With this size, it's definitely possible to put it in without problems.",
    "original": "With this size, it's definitely possible to put it in without problems.",
    "translation": "这个大小绝对能塞进去了",
    "stage": 1
  },
  {
    "key": "Alright, let's do it! ",
    "original": "Alright, let's do it! ",
    "translation": "好了，开干！",
    "stage": 1
  },
  {
    "key": "I should spend more time with \\C[2]Anna\\C[0], I feel a bit weird. Maybe next time...",
    "original": "I should spend more time with \\C[2]Anna\\C[0], I feel a bit weird. Maybe next time...",
    "translation": "我得花更多时间在\\C[2]安娜\\C[0]身上，要不下次再来吧……",
    "stage": 1
  },
  {
    "key": "That's it, nice and slow...",
    "original": "That's it, nice and slow...",
    "translation": "没错，慢慢来……",
    "stage": 1
  },
  {
    "key": "I guess if I do it really slow and gentle, then she won't wake up from it.",
    "original": "I guess if I do it really slow and gentle, then she won't wake up from it.",
    "translation": "我猜我慢一点温柔一点不会弄醒她",
    "stage": 1
  },
  {
    "key": "Damn, it feels so good and this is just her hand!",
    "original": "Damn, it feels so good and this is just her hand!",
    "translation": "老天，她的小手揉起来可真舒服！",
    "stage": 1
  },
  {
    "key": "Her fingers are rubbed around my penis sensitive spots now and damn, it really tickles in a great way.",
    "original": "Her fingers are rubbed around my penis sensitive spots now and damn, it really tickles in a great way.",
    "translation": "她的手指轻轻摸着我鸡巴最敏感的地方，感觉浑身痒酥酥的",
    "stage": 1
  },
  {
    "key": "Her hand is so soft and smooth. It feels so good that my hip just moves on its own.",
    "original": "Her hand is so soft and smooth. It feels so good that my hip just moves on its own.",
    "translation": "她的小手真软真滑，我的腰都舒服得自己动起来了",
    "stage": 1
  },
  {
    "key": "Shit. Did she wake up!!!",
    "original": "Shit. Did she wake up!!!",
    "translation": "不好，她是不是醒了！！",
    "stage": 1
  },
  {
    "key": "Fuck!!! What should I do?",
    "original": "Fuck!!! What should I do?",
    "translation": "我去！我该怎么办？",
    "stage": 1
  },
  {
    "key": "!?",
    "original": "!?",
    "translation": "！？",
    "stage": 1
  },
  {
    "key": "Wh-What is she doing?",
    "original": "Wh-What is she doing?",
    "translation": "她-她在干嘛？",
    "stage": 1
  },
  {
    "key": "It seems like she is milking...",
    "original": "It seems like she is milking...",
    "translation": "好像在挤奶……",
    "stage": 1
  },
  {
    "key": "SHE'S MILKING ME WHILE SHE'S SLEEPING.",
    "original": "SHE'S MILKING ME WHILE SHE'S SLEEPING.",
    "translation": "她连睡觉都在挤奶",
    "stage": 1
  },
  {
    "key": "Damn... It feels so good...",
    "original": "Damn... It feels so good...",
    "translation": "老天……感觉好舒服……",
    "stage": 1
  },
  {
    "key": "Ha...ha... It's incredible. I just came twice in one go...",
    "original": "Ha...ha... It's incredible. I just came twice in one go...",
    "translation": "哈啊……怎么会这样，我一口气射精了两回……",
    "stage": 1
  },
  {
    "key": "I haven't had this feeling before now, it feels just like I'm in heaven...",
    "original": "I haven't had this feeling before now, it feels just like I'm in heaven...",
    "translation": "我之前从来没有过这种感觉，现在感觉爽得要上天了……",
    "stage": 1
  },
  {
    "key": "And her soft hand is STILL milking me. It still feels so good, more or less at least.",
    "original": "And her soft hand is STILL milking me. It still feels so good, more or less at least.",
    "translation": "她的小手手还在挤着，感觉真舒服",
    "stage": 1
  },
  {
    "key": "Better pull it out now though, as I'm at my limit now.",
    "original": "Better pull it out now though, as I'm at my limit now.",
    "translation": "最好快点拔出来，我要撑不住了",
    "stage": 1
  },
  {
    "key": "Hot damn, some of my cum got in her mouth. Then again, I guess that not entirely my fault.",
    "original": "Hot damn, some of my cum got in her mouth. Then again, I guess that not entirely my fault.",
    "translation": "我去，有几滴射进她嘴巴里了，不完全算是我的错吧……",
    "stage": 1
  },
  {
    "key": "There's another \"cow\" you should take care of and \"milk\" from now on Anna.",
    "original": "There's another \"cow\" you should take care of and \"milk\" from now on Anna.",
    "translation": "安娜你现在有另一头“牛”要“挤奶”咯",
    "stage": 1
  },
  {
    "key": "I will leave it to you.",
    "original": "I will leave it to you.",
    "translation": "就留给你自己办吧",
    "stage": 1
  },
  {
    "key": "It's getting late and I'm so tired. It's time to take a much needed nap now.",
    "original": "It's getting late and I'm so tired. It's time to take a much needed nap now.",
    "translation": "现在太晚了，我得去睡觉了",
    "stage": 1
  }
]