[
  {
    "key": "Me <br>",
    "original": "Me <br>",
    "translation": "我 <br>",
    "stage": 1
  },
  {
    "key": "(Damn! She is smoking... <br>",
    "original": "(Damn! She is smoking... <br>",
    "translation": "(我去！她在抽烟……<br>",
    "stage": 1
  },
  {
    "key": "Isn't it not allowed to smoke in this school?)",
    "original": "Isn't it not allowed to smoke in this school?)",
    "translation": "学校里不是不让抽吗？)",
    "stage": 1
  },
  {
    "key": "(She looks so cool...)",
    "original": "(She looks so cool...)",
    "translation": "(她看起来还挺酷的……)",
    "stage": 1
  },
  {
    "key": "*\\n[1] hears her mumble something*",
    "original": "*\\n[1] hears her mumble something*",
    "translation": "*\\n[1] 听见她在嘟囔什么*",
    "stage": 1
  },
  {
    "key": "\\C[20]Tana\\C[0] <br>",
    "original": "\\C[20]Tana\\C[0] <br>",
    "translation": "\\C[20]塔娜\\C[0] <br>",
    "stage": 1
  },
  {
    "key": "I SAID!!!",
    "original": "I SAID!!!",
    "translation": "我说！！",
    "stage": 1
  },
  {
    "key": "YOU AGAIN!!!",
    "original": "YOU AGAIN!!!",
    "translation": "又是你！！",
    "stage": 1
  },
  {
    "key": "WHAT THE HELL YOU LOOKIN' AT!??",
    "original": "WHAT THE HELL YOU LOOKIN' AT!??",
    "translation": "你丫到底在看什么？！",
    "stage": 1
  },
  {
    "key": "I see you eyeing me up, pervert!",
    "original": "I see you eyeing me up, pervert!",
    "translation": "我看见你打量我的样子了，变态！",
    "stage": 1
  },
  {
    "key": "What? No, I-",
    "original": "What? No, I-",
    "translation": "什么？我没-",
    "stage": 1
  },
  {
    "key": "You wanna piece of this? ",
    "original": "You wanna piece of this? ",
    "translation": "你想要这样吗？",
    "stage": 1
  },
  {
    "key": "Here! I'll give you something to think about!",
    "original": "Here! I'll give you something to think about!",
    "translation": "来！让我好好拾掇拾掇你",
    "stage": 1
  },
  {
    "key": "Wait please, what are you?",
    "original": "Wait please, what are you?",
    "translation": "等等，你搞什么？",
    "stage": 1
  },
  {
    "key": "Hey, we're in the hallway!",
    "original": "Hey, we're in the hallway!",
    "translation": "嘿！我们还在走廊里！",
    "stage": 1
  },
  {
    "key": "Shut up already!",
    "original": "Shut up already!",
    "translation": "闭嘴！",
    "stage": 1
  },
  {
    "key": "Why are you pulling my pants down!?",
    "original": "Why are you pulling my pants down!?",
    "translation": "你脱我裤子干嘛？！",
    "stage": 1
  },
  {
    "key": "This is the price you pay when you judge others!",
    "original": "This is the price you pay when you judge others!",
    "translation": "这就是你乱审视别人的代价！",
    "stage": 1
  },
  {
    "key": "Now I will judge your dick!",
    "original": "Now I will judge your dick!",
    "translation": "现在我也要审视你的小鸡鸡！",
    "stage": 1
  },
  {
    "key": "(What the hell is this!? <br>",
    "original": "(What the hell is this!? <br>",
    "translation": "(搞什么鬼？！<br>",
    "stage": 1
  },
  {
    "key": "It's like a big elephant trunk!!!)",
    "original": "It's like a big elephant trunk!!!)",
    "translation": "像大象鼻子一样大！！)",
    "stage": 1
  },
  {
    "key": "Ahem... <br>",
    "original": "Ahem... <br>",
    "translation": "啊呃……<br>",
    "stage": 1
  },
  {
    "key": "It's pretty n-normal but you're nothing but a shower.",
    "original": "It's pretty n-normal but you're nothing but a shower.",
    "translation": "看起来还蛮一般的",
    "stage": 1
  },
  {
    "key": "(I don't know what she just said, <br>",
    "original": "(I don't know what she just said, <br>",
    "translation": "(我不知道她搞什么鬼<br>",
    "stage": 1
  },
  {
    "key": "but she smells so good...)",
    "original": "but she smells so good...)",
    "translation": "但她闻起来还挺香的……)",
    "stage": 1
  },
  {
    "key": "(What the hell!!! It's s-so BIG!!!)",
    "original": "(What the hell!!! It's s-so BIG!!!)",
    "translation": "(什么鬼！！这也太大了吧！！)",
    "stage": 1
  },
  {
    "key": "(Don't you think it's a little weird that something this big is attached to this small body...)",
    "original": "(Don't you think it's a little weird that something this big is attached to this small body...)",
    "translation": "(这小孩儿怎么会有这么大的东西，太怪了吧……)",
    "stage": 1
  },
  {
    "key": "Can you let me go? <br>",
    "original": "Can you let me go? <br>",
    "translation": "你能放我走了吗？<br>",
    "stage": 1
  },
  {
    "key": "I feel a bit embarrassed...",
    "original": "I feel a bit embarrassed...",
    "translation": "我感觉有点儿尴尬……",
    "stage": 1
  },
  {
    "key": "Don't you get cocky! <br>",
    "original": "Don't you get cocky! <br>",
    "translation": "别打岔！<br>",
    "stage": 1
  },
  {
    "key": "What's the point of having a big cock if it only last a few seconds.",
    "original": "What's the point of having a big cock if it only last a few seconds.",
    "translation": "不持久的话，就算再大也没用",
    "stage": 1
  },
  {
    "key": "Oh.. uh.. okay...",
    "original": "Oh.. uh.. okay...",
    "translation": "哦……呃……好吧……",
    "stage": 1
  },
  {
    "key": "*Closes eyes, relaxes and starts enjoying*",
    "original": "*Closes eyes, relaxes and starts enjoying*",
    "translation": "*闭上眼睛开始享受*",
    "stage": 1
  },
  {
    "key": "(Damn... <br>",
    "original": "(Damn... <br>",
    "translation": "(我去……<br>",
    "stage": 1
  },
  {
    "key": "It feels weirdly good when she violently strokes my dick...)",
    "original": "It feels weirdly good when she violently strokes my dick...)",
    "translation": "被她这么粗暴对待感觉好奇怪……)",
    "stage": 1
  },
  {
    "key": "Faster",
    "original": "Faster",
    "translation": "更快点",
    "stage": 1
  },
  {
    "key": "(What the hell is this!?)",
    "original": "(What the hell is this!?)",
    "translation": "(搞什么鬼？！)",
    "stage": 1
  },
  {
    "key": "(I need to do it faster!!)",
    "original": "(I need to do it faster!!)",
    "translation": "(我得再快点！！)",
    "stage": 1
  },
  {
    "key": "Hah-hah...",
    "original": "Hah-hah...",
    "translation": "哈啊……",
    "stage": 1
  },
  {
    "key": "If you keep doing it like that, <br>",
    "original": "If you keep doing it like that, <br>",
    "translation": "如果你在继续下去，<br>",
    "stage": 1
  },
  {
    "key": "I won't be able to hold it anymore...",
    "original": "I won't be able to hold it anymore...",
    "translation": "我就要忍不住了……",
    "stage": 1
  },
  {
    "key": "End",
    "original": "End",
    "translation": "结束",
    "stage": 1
  },
  {
    "key": "Touch her Tit",
    "original": "Touch her Tit",
    "translation": "摸她的奶子",
    "stage": 1
  },
  {
    "key": "(Shit! My arm is so sore...)",
    "original": "(Shit! My arm is so sore...)",
    "translation": "(干！我胳膊都酸了……)",
    "stage": 1
  },
  {
    "key": "How's that feel? Huh?",
    "original": "How's that feel? Huh?",
    "translation": "感觉怎么样啊，嗯？",
    "stage": 1
  },
  {
    "key": "It feels pretty good...",
    "original": "It feels pretty good...",
    "translation": "感觉好舒服……",
    "stage": 1
  },
  {
    "key": "Yeah yeah, whatever, you've had enough, perv!",
    "original": "Yeah yeah, whatever, you've had enough, perv!",
    "translation": "嗯嗯，随你怎么说吧，变态！",
    "stage": 1
  },
  {
    "key": "You better let it all out. <br>",
    "original": "You better let it all out. <br>",
    "translation": "你最好还是放手吧<br>",
    "stage": 1
  },
  {
    "key": "Good luck with impotence!",
    "original": "Good luck with impotence!",
    "translation": "闭嘴，阳痿男！",
    "stage": 1
  },
  {
    "key": "Hahaha!!!",
    "original": "Hahaha!!!",
    "translation": "哈哈哈！！",
    "stage": 1
  },
  {
    "key": "Huh!?",
    "original": "Huh!?",
    "translation": "哈？！",
    "stage": 1
  },
  {
    "key": "Hey wait! <br>",
    "original": "Hey wait! <br>",
    "translation": "嘿等等！<br>",
    "stage": 1
  },
  {
    "key": "You can't leave me like this!",
    "original": "You can't leave me like this!",
    "translation": "你不能就这样把我丢在这儿！",
    "stage": 1
  },
  {
    "key": "(Crap, what do I do? <br>",
    "original": "(Crap, what do I do? <br>",
    "translation": "(我去，我该怎么办？<br>",
    "stage": 1
  },
  {
    "key": "People are coming, I gotta hide!)",
    "original": "People are coming, I gotta hide!)",
    "translation": "有人要来了，我得躲起来！)",
    "stage": 1
  },
  {
    "key": "(Oh no, the male restroom is under maintenance! <br>",
    "original": "(Oh no, the male restroom is under maintenance! <br>",
    "translation": "(哦不，男厕所在维护！<br>",
    "stage": 1
  },
  {
    "key": "Let's try upstairs!)",
    "original": "Let's try upstairs!)",
    "translation": "上楼试试吧！)",
    "stage": 1
  },
  {
    "key": "Go to Emmi",
    "original": "Go to Emmi",
    "translation": "去找埃米",
    "stage": 1
  },
  {
    "key": "Endure",
    "original": "Endure",
    "translation": "忍耐",
    "stage": 1
  },
  {
    "key": "What the hell are you doin', perv!!?",
    "original": "What the hell are you doin', perv!!?",
    "translation": "变态，你到底在搞什么鬼？！",
    "stage": 1
  },
  {
    "key": "I-I'm sorry...",
    "original": "I-I'm sorry...",
    "translation": "对-对不起……",
    "stage": 1
  },
  {
    "key": "What are you lookin' at!?",
    "original": "What are you lookin' at!?",
    "translation": "你在看什么？！",
    "stage": 1
  }
]