[
  {
    "key": "Me <br>",
    "original": "Me <br>",
    "translation": "我 <br>",
    "stage": 1
  },
  {
    "key": "(Wow... I've almost forgotten how pretty \\C[14]Ms. Emmi\\C[0] is.)",
    "original": "(Wow... I've almost forgotten how pretty \\C[14]Ms. Emmi\\C[0] is.)",
    "translation": "(天啊……我不知道原来\\C[14]埃米小姐\\C[0]这么漂亮)",
    "stage": 1
  },
  {
    "key": "(Maybe I should try talking to her more...)",
    "original": "(Maybe I should try talking to her more...)",
    "translation": "(我该试试多和她聊聊的……)",
    "stage": 1
  },
  {
    "key": "Oh, here's the office.",
    "original": "Oh, here's the office.",
    "translation": "哦，到办公室了",
    "stage": 1
  },
  {
    "key": "Moshi moshi...",
    "original": "Moshi moshi...",
    "translation": "有人吗……",
    "stage": 1
  },
  {
    "key": "Hmm, I guess no one's here...",
    "original": "Hmm, I guess no one's here...",
    "translation": "嗯，大概没人……",
    "stage": 1
  },
  {
    "key": "I'll just leave the request in the mailbox then.",
    "original": "I'll just leave the request in the mailbox then.",
    "translation": "我直接丢进信箱好了",
    "stage": 1
  },
  {
    "key": "\\C[4]Ms. Susan\\C[0] <br>",
    "original": "\\C[4]Ms. Susan\\C[0] <br>",
    "translation": "\\C[4]苏珊小姐\\C[0] <br>",
    "stage": 1
  },
  {
    "key": "Oh hey, \\n[1]! <br>",
    "original": "Oh hey, \\n[1]! <br>",
    "translation": "哦嘿，\\n[1]!",
    "stage": 1
  },
  {
    "key": "Are you looking for the restroom?",
    "original": "Are you looking for the restroom?",
    "translation": "你在找卫生间吗？",
    "stage": 1
  },
  {
    "key": "The only one that's still available is the teacher's female toi-",
    "original": "The only one that's still available is the teacher's female toi-",
    "translation": "现在能用的只有教师女wei——",
    "stage": 1
  },
  {
    "key": "Okay, thanks! Gotta go!!!",
    "original": "Okay, thanks! Gotta go!!!",
    "translation": "哦谢了！我这就去！！！",
    "stage": 1
  },
  {
    "key": "No time for that.",
    "original": "No time for that.",
    "translation": "可没空做这个",
    "stage": 1
  },
  {
    "key": "Too early.",
    "original": "Too early.",
    "translation": "太早了",
    "stage": 1
  },
  {
    "key": "Too late, I should come back tomorrow.",
    "original": "Too late, I should come back tomorrow.",
    "translation": "太晚了，我明天早点来",
    "stage": 1
  },
  {
    "key": "His office is probably here. ",
    "original": "His office is probably here. ",
    "translation": "他的办公室大概在这儿",
    "stage": 1
  },
  {
    "key": "\\C[30]Adeera\\C[0]... Such a strange name.",
    "original": "\\C[30]Adeera\\C[0]... Such a strange name.",
    "translation": "\\C[30]阿黛拉\\C[0]……好奇怪的名字",
    "stage": 1
  },
  {
    "key": "Why is no one answering that? ",
    "original": "Why is no one answering that? ",
    "translation": "怎么没人回应？",
    "stage": 1
  },
  {
    "key": "Hello, Is anyone in there? I came here for my presence. I am a new transfer student. ",
    "original": "Hello, Is anyone in there? I came here for my presence. I am a new transfer student. ",
    "translation": "有人吗？我是新的转校生",
    "stage": 1
  },
  {
    "key": "He's probably not here by now. Should come back another time. ",
    "original": "He's probably not here by now. Should come back another time. ",
    "translation": "大概他现在不在吧，回头再来",
    "stage": 1
  },
  {
    "key": "What sound is that? ",
    "original": "What sound is that? ",
    "translation": "什么声音？",
    "stage": 1
  },
  {
    "key": "Huh!? ",
    "original": "Huh!? ",
    "translation": "哈？！",
    "stage": 1
  },
  {
    "key": "Woman moaning...",
    "original": "Woman moaning...",
    "translation": "有女人在娇喘……",
    "stage": 1
  },
  {
    "key": "Are they having sex inside? ...The daily work of the secretary. ",
    "original": "Are they having sex inside? ...The daily work of the secretary. ",
    "translation": "他们在里面做爱吗？……秘书之类的……",
    "stage": 1
  },
  {
    "key": "??? <br>",
    "original": "??? <br>",
    "translation": "？？？<br>",
    "stage": 1
  },
  {
    "key": "Who's there? ",
    "original": "Who's there? ",
    "translation": "是谁？",
    "stage": 1
  },
  {
    "key": "Shit! What should I do?",
    "original": "Shit! What should I do?",
    "translation": "哦干，我该怎么办？",
    "stage": 1
  },
  {
    "key": "H-Hello, I came here for my presence. I am a new transfer student. ",
    "original": "H-Hello, I came here for my presence. I am a new transfer student. ",
    "translation": "你-你好，我是新的转校生",
    "stage": 1
  },
  {
    "key": "Come in.",
    "original": "Come in.",
    "translation": "进来",
    "stage": 1
  },
  {
    "key": "*Gulp*",
    "original": "*Gulp*",
    "translation": "*咽口水*",
    "stage": 1
  },
  {
    "key": "There's it is...",
    "original": "There's it is...",
    "translation": "这就对了……",
    "stage": 1
  },
  {
    "key": "Peek",
    "original": "Peek",
    "translation": "偷看",
    "stage": 1
  },
  {
    "key": "No",
    "original": "No",
    "translation": "不",
    "stage": 1
  },
  {
    "key": "She's doing some naughty stuff in there again.",
    "original": "She's doing some naughty stuff in there again.",
    "translation": "她又在干坏事了",
    "stage": 1
  },
  {
    "key": "This place is for staff only. It's okay to look for a little. ",
    "original": "This place is for staff only. It's okay to look for a little. ",
    "translation": "这里只有员工可入内，我看一眼应该没啥大事",
    "stage": 1
  },
  {
    "key": "She's riding her toy again.",
    "original": "She's riding her toy again.",
    "translation": "她又骑在那个大宝贝上了",
    "stage": 1
  },
  {
    "key": "Knock",
    "original": "Knock",
    "translation": "敲门",
    "stage": 1
  },
  {
    "key": "Leave",
    "original": "Leave",
    "translation": "离开",
    "stage": 1
  },
  {
    "key": "\\C[30]Mrs. Adeera\\C[0] <br>",
    "original": "\\C[30]Mrs. Adeera\\C[0] <br>",
    "translation": "\\C[30]阿黛拉女士\\C[0] <br>",
    "stage": 1
  }
]