[
  {
    "key": "Me <br>",
    "original": "Me <br>",
    "translation": "我 <br>",
    "stage": 1
  },
  {
    "key": "Let's take some in case I get thirsty.",
    "original": "Let's take some in case I get thirsty.",
    "translation": "先拿点吧，以防万一我渴了",
    "stage": 1
  },
  {
    "key": "It's locked.",
    "original": "It's locked.",
    "translation": "锁住了",
    "stage": 1
  },
  {
    "key": "I must find a way to open it.",
    "original": "I must find a way to open it.",
    "translation": "我得找办法打开它",
    "stage": 1
  },
  {
    "key": "What is this thing?",
    "original": "What is this thing?",
    "translation": "这是什么？",
    "stage": 1
  },
  {
    "key": "The door is opening!",
    "original": "The door is opening!",
    "translation": "门打开了！",
    "stage": 1
  },
  {
    "key": "Let's get out of this weird place.",
    "original": "Let's get out of this weird place.",
    "translation": "赶快离开这个鬼地方",
    "stage": 1
  },
  {
    "key": "\\C[20]Auntie Daisy\\C[0] <br>",
    "original": "\\C[20]Auntie Daisy\\C[0] <br>",
    "translation": "\\C[20]黛西阿姨\\C[0] <br>",
    "stage": 1
  },
  {
    "key": "Where are you going?",
    "original": "Where are you going?",
    "translation": "你要去哪？",
    "stage": 1
  },
  {
    "key": "Crap!",
    "original": "Crap!",
    "translation": "干！",
    "stage": 1
  },
  {
    "key": "<c:0,120,0>Ugh... How could you?",
    "original": "<c:0,120,0>Ugh... How could you?",
    "translation": "呃……你怎么做到的？",
    "stage": 1
  }
]