[
  {
    "key": "Sprite",
    "original": "Sprite",
    "translation": "",
    "stage": 0
  },
  {
    "key": "Bust",
    "original": "Bust",
    "translation": "",
    "stage": 0
  },
  {
    "key": "Picture",
    "original": "Picture",
    "translation": "",
    "stage": 0
  },
  {
    "key": "Scene",
    "original": "Scene",
    "translation": "",
    "stage": 0
  },
  {
    "key": "Clear Stuck Image",
    "original": "Clear Stuck Image",
    "translation": "",
    "stage": 0
  },
  {
    "key": "Back",
    "original": "Back",
    "translation": "",
    "stage": 0
  },
  {
    "key": "Nude",
    "original": "Nude",
    "translation": "",
    "stage": 0
  },
  {
    "key": "Day",
    "original": "Day",
    "translation": "",
    "stage": 0
  },
  {
    "key": "Night",
    "original": "Night",
    "translation": "",
    "stage": 0
  },
  {
    "key": "Apron",
    "original": "Apron",
    "translation": "",
    "stage": 0
  },
  {
    "key": "Lady Nude",
    "original": "Lady Nude",
    "translation": "",
    "stage": 0
  },
  {
    "key": "Lady",
    "original": "Lady",
    "translation": "",
    "stage": 0
  },
  {
    "key": "Picnic Dress",
    "original": "Picnic Dress",
    "translation": "",
    "stage": 0
  },
  {
    "key": "Hug",
    "original": "Hug",
    "translation": "",
    "stage": 0
  },
  {
    "key": "Bathroom",
    "original": "Bathroom",
    "translation": "",
    "stage": 0
  },
  {
    "key": "Under Table",
    "original": "Under Table",
    "translation": "",
    "stage": 0
  },
  {
    "key": "Sweat",
    "original": "Sweat",
    "translation": "",
    "stage": 0
  },
  {
    "key": "Morning Barn Work",
    "original": "Morning Barn Work",
    "translation": "",
    "stage": 0
  },
  {
    "key": "Boob Squeeze",
    "original": "Boob Squeeze",
    "translation": "",
    "stage": 0
  },
  {
    "key": "Normal Clothes",
    "original": "Normal Clothes",
    "translation": "",
    "stage": 0
  },
  {
    "key": "Work 1",
    "original": "Work 1",
    "translation": "",
    "stage": 0
  },
  {
    "key": "Work 2",
    "original": "Work 2",
    "translation": "",
    "stage": 0
  },
  {
    "key": "Slap",
    "original": "Slap",
    "translation": "",
    "stage": 0
  },
  {
    "key": "Daisy Stretch",
    "original": "Daisy Stretch",
    "translation": "",
    "stage": 0
  },
  {
    "key": "Pee",
    "original": "Pee",
    "translation": "",
    "stage": 0
  },
  {
    "key": "1",
    "original": "1",
    "translation": "",
    "stage": 0
  },
  {
    "key": "2",
    "original": "2",
    "translation": "",
    "stage": 0
  },
  {
    "key": "3",
    "original": "3",
    "translation": "",
    "stage": 0
  },
  {
    "key": "4",
    "original": "4",
    "translation": "",
    "stage": 0
  },
  {
    "key": "5",
    "original": "5",
    "translation": "",
    "stage": 0
  },
  {
    "key": "River Picnic",
    "original": "River Picnic",
    "translation": "",
    "stage": 0
  },
  {
    "key": "Barn",
    "original": "Barn",
    "translation": "",
    "stage": 0
  },
  {
    "key": "Friday Apron",
    "original": "Friday Apron",
    "translation": "",
    "stage": 0
  },
  {
    "key": "Sleep Together",
    "original": "Sleep Together",
    "translation": "",
    "stage": 0
  },
  {
    "key": "Morning Bathroom",
    "original": "Morning Bathroom",
    "translation": "",
    "stage": 0
  },
  {
    "key": "Come Closer",
    "original": "Come Closer",
    "translation": "",
    "stage": 0
  },
  {
    "key": "Boob Suck",
    "original": "Boob Suck",
    "translation": "",
    "stage": 0
  },
  {
    "key": "Thighjob",
    "original": "Thighjob",
    "translation": "",
    "stage": 0
  },
  {
    "key": "Normal",
    "original": "Normal",
    "translation": "",
    "stage": 0
  },
  {
    "key": "Cum",
    "original": "Cum",
    "translation": "",
    "stage": 0
  },
  {
    "key": "Back Rub",
    "original": "Back Rub",
    "translation": "",
    "stage": 0
  },
  {
    "key": "Anal MC Druged",
    "original": "Anal MC Druged",
    "translation": "",
    "stage": 0
  },
  {
    "key": "Footjob",
    "original": "Footjob",
    "translation": "",
    "stage": 0
  },
  {
    "key": "Buttjob",
    "original": "Buttjob",
    "translation": "",
    "stage": 0
  },
  {
    "key": "Slow",
    "original": "Slow",
    "translation": "",
    "stage": 0
  },
  {
    "key": "Fast",
    "original": "Fast",
    "translation": "",
    "stage": 0
  },
  {
    "key": "Friction",
    "original": "Friction",
    "translation": "",
    "stage": 0
  },
  {
    "key": "Insert",
    "original": "Insert",
    "translation": "",
    "stage": 0
  },
  {
    "key": "Dripping",
    "original": "Dripping",
    "translation": "",
    "stage": 0
  },
  {
    "key": "Show/Hide MC",
    "original": "Show/Hide MC",
    "translation": "",
    "stage": 0
  },
  {
    "key": "Damaged Floor Plank",
    "original": "Damaged Floor Plank",
    "translation": "",
    "stage": 0
  },
  {
    "key": "Morning Bath Peep",
    "original": "Morning Bath Peep",
    "translation": "",
    "stage": 0
  },
  {
    "key": "Morning Bath Together",
    "original": "Morning Bath Together",
    "translation": "",
    "stage": 0
  },
  {
    "key": "Morning Bath After",
    "original": "Morning Bath After",
    "translation": "",
    "stage": 0
  },
  {
    "key": "Wank",
    "original": "Wank",
    "translation": "",
    "stage": 0
  },
  {
    "key": "Callum's Stage",
    "original": "Callum's Stage",
    "translation": "",
    "stage": 0
  },
  {
    "key": "Hide/Show Bathtub Wall",
    "original": "Hide/Show Bathtub Wall",
    "translation": "",
    "stage": 0
  },
  {
    "key": "Daisy Masturbates",
    "original": "Daisy Masturbates",
    "translation": "",
    "stage": 0
  },
  {
    "key": "Eye 1",
    "original": "Eye 1",
    "translation": "",
    "stage": 0
  },
  {
    "key": "Eye 2",
    "original": "Eye 2",
    "translation": "",
    "stage": 0
  },
  {
    "key": "Body 1",
    "original": "Body 1",
    "translation": "",
    "stage": 0
  },
  {
    "key": "Body 2",
    "original": "Body 2",
    "translation": "",
    "stage": 0
  },
  {
    "key": "Erase",
    "original": "Erase",
    "translation": "",
    "stage": 0
  },
  {
    "key": "Hide",
    "original": "Hide",
    "translation": "",
    "stage": 0
  },
  {
    "key": "Show",
    "original": "Show",
    "translation": "",
    "stage": 0
  },
  {
    "key": "Boob",
    "original": "Boob",
    "translation": "",
    "stage": 0
  },
  {
    "key": "Nipple",
    "original": "Nipple",
    "translation": "",
    "stage": 0
  },
  {
    "key": "Nipple Fast",
    "original": "Nipple Fast",
    "translation": "",
    "stage": 0
  },
  {
    "key": "Finger",
    "original": "Finger",
    "translation": "",
    "stage": 0
  },
  {
    "key": "Finger Fast",
    "original": "Finger Fast",
    "translation": "",
    "stage": 0
  },
  {
    "key": "Daisy's Face",
    "original": "Daisy's Face",
    "translation": "",
    "stage": 0
  },
  {
    "key": "Close",
    "original": "Close",
    "translation": "",
    "stage": 0
  },
  {
    "key": "Open",
    "original": "Open",
    "translation": "",
    "stage": 0
  },
  {
    "key": "Enter",
    "original": "Enter",
    "translation": "",
    "stage": 0
  },
  {
    "key": "Shower",
    "original": "Shower",
    "translation": "",
    "stage": 0
  },
  {
    "key": "Soft Dick",
    "original": "Soft Dick",
    "translation": "",
    "stage": 0
  },
  {
    "key": "Twitching Dick",
    "original": "Twitching Dick",
    "translation": "",
    "stage": 0
  },
  {
    "key": "Orgasm",
    "original": "Orgasm",
    "translation": "",
    "stage": 0
  },
  {
    "key": "Finger Out",
    "original": "Finger Out",
    "translation": "",
    "stage": 0
  },
  {
    "key": "Daisy's Stage",
    "original": "Daisy's Stage",
    "translation": "",
    "stage": 0
  },
  {
    "key": "Soft",
    "original": "Soft",
    "translation": "",
    "stage": 0
  },
  {
    "key": "Hard",
    "original": "Hard",
    "translation": "",
    "stage": 0
  },
  {
    "key": "Masturbate",
    "original": "Masturbate",
    "translation": "",
    "stage": 0
  },
  {
    "key": "Spank",
    "original": "Spank",
    "translation": "",
    "stage": 0
  },
  {
    "key": "Lady Attacks",
    "original": "Lady Attacks",
    "translation": "",
    "stage": 0
  },
  {
    "key": "Blowjob",
    "original": "Blowjob",
    "translation": "",
    "stage": 0
  },
  {
    "key": "Female Butter Churner",
    "original": "Female Butter Churner",
    "translation": "",
    "stage": 0
  },
  {
    "key": "Blood Color",
    "original": "Blood Color",
    "translation": "",
    "stage": 0
  },
  {
    "key": "Tease 1",
    "original": "Tease 1",
    "translation": "",
    "stage": 0
  },
  {
    "key": "Tease 2",
    "original": "Tease 2",
    "translation": "",
    "stage": 0
  },
  {
    "key": "Blowjob Fast",
    "original": "Blowjob Fast",
    "translation": "",
    "stage": 0
  },
  {
    "key": "BLowjob Cum",
    "original": "BLowjob Cum",
    "translation": "",
    "stage": 0
  },
  {
    "key": "Blood color",
    "original": "Blood color",
    "translation": "",
    "stage": 0
  },
  {
    "key": "Red",
    "original": "Red",
    "translation": "",
    "stage": 0
  },
  {
    "key": "White",
    "original": "White",
    "translation": "",
    "stage": 0
  },
  {
    "key": "Dish Washing",
    "original": "Dish Washing",
    "translation": "",
    "stage": 0
  },
  {
    "key": "Corn Harvesting",
    "original": "Corn Harvesting",
    "translation": "",
    "stage": 0
  },
  {
    "key": "Strange Sound at Night",
    "original": "Strange Sound at Night",
    "translation": "",
    "stage": 0
  },
  {
    "key": "Undress",
    "original": "Undress",
    "translation": "",
    "stage": 0
  },
  {
    "key": "Handjob",
    "original": "Handjob",
    "translation": "",
    "stage": 0
  },
  {
    "key": "Choice",
    "original": "Choice",
    "translation": "",
    "stage": 0
  },
  {
    "key": "Put in",
    "original": "Put in",
    "translation": "",
    "stage": 0
  },
  {
    "key": "Shy",
    "original": "Shy",
    "translation": "",
    "stage": 0
  },
  {
    "key": "Naughty",
    "original": "Naughty",
    "translation": "",
    "stage": 0
  },
  {
    "key": "Boob Massage",
    "original": "Boob Massage",
    "translation": "",
    "stage": 0
  },
  {
    "key": "Wall Hole",
    "original": "Wall Hole",
    "translation": "",
    "stage": 0
  },
  {
    "key": "Chest",
    "original": "Chest",
    "translation": "",
    "stage": 0
  },
  {
    "key": "Boobs",
    "original": "Boobs",
    "translation": "",
    "stage": 0
  },
  {
    "key": "Hide/Show Wall",
    "original": "Hide/Show Wall",
    "translation": "",
    "stage": 0
  },
  {
    "key": "Go to School Together",
    "original": "Go to School Together",
    "translation": "",
    "stage": 0
  },
  {
    "key": "No Pantie",
    "original": "No Pantie",
    "translation": "",
    "stage": 0
  },
  {
    "key": "Bathtub",
    "original": "Bathtub",
    "translation": "",
    "stage": 0
  },
  {
    "key": "Small Talk",
    "original": "Small Talk",
    "translation": "",
    "stage": 0
  },
  {
    "key": "Touch Butt",
    "original": "Touch Butt",
    "translation": "",
    "stage": 0
  },
  {
    "key": "Changing Clothes",
    "original": "Changing Clothes",
    "translation": "",
    "stage": 0
  },
  {
    "key": "Milking Cow",
    "original": "Milking Cow",
    "translation": "",
    "stage": 0
  },
  {
    "key": "Washing Hair",
    "original": "Washing Hair",
    "translation": "",
    "stage": 0
  },
  {
    "key": "Keep Watching",
    "original": "Keep Watching",
    "translation": "",
    "stage": 0
  },
  {
    "key": "Handjob Soft",
    "original": "Handjob Soft",
    "translation": "",
    "stage": 0
  },
  {
    "key": "Handjob Hard",
    "original": "Handjob Hard",
    "translation": "",
    "stage": 0
  },
  {
    "key": "Handjob Resist",
    "original": "Handjob Resist",
    "translation": "",
    "stage": 0
  },
  {
    "key": "Lesbian Magazine Vol 1",
    "original": "Lesbian Magazine Vol 1",
    "translation": "",
    "stage": 0
  },
  {
    "key": "Lesbian Magazine Vol 2",
    "original": "Lesbian Magazine Vol 2",
    "translation": "",
    "stage": 0
  },
  {
    "key": "Lesbian Magazine Vol 3",
    "original": "Lesbian Magazine Vol 3",
    "translation": "",
    "stage": 0
  },
  {
    "key": "Morning Wake Up",
    "original": "Morning Wake Up",
    "translation": "",
    "stage": 0
  },
  {
    "key": "Bath Together",
    "original": "Bath Together",
    "translation": "",
    "stage": 0
  },
  {
    "key": "Homework",
    "original": "Homework",
    "translation": "",
    "stage": 0
  },
  {
    "key": "\\c[10]Lesbian\\c[0] content \\c[7]OFFLINE\\c[0].",
    "original": "\\c[10]Lesbian\\c[0] content \\c[7]OFFLINE\\c[0].",
    "translation": "",
    "stage": 0
  },
  {
    "key": "Nipple Kiss",
    "original": "Nipple Kiss",
    "translation": "",
    "stage": 0
  },
  {
    "key": "Nipple Lick",
    "original": "Nipple Lick",
    "translation": "",
    "stage": 0
  },
  {
    "key": "Nipple Suck",
    "original": "Nipple Suck",
    "translation": "",
    "stage": 0
  },
  {
    "key": "Boob 69",
    "original": "Boob 69",
    "translation": "",
    "stage": 0
  },
  {
    "key": "Anna Undresses",
    "original": "Anna Undresses",
    "translation": "",
    "stage": 0
  },
  {
    "key": "Standing",
    "original": "Standing",
    "translation": "",
    "stage": 0
  },
  {
    "key": "Scissor",
    "original": "Scissor",
    "translation": "",
    "stage": 0
  },
  {
    "key": "Anna Finger Normal",
    "original": "Anna Finger Normal",
    "translation": "",
    "stage": 0
  },
  {
    "key": "Anna Finger Fast",
    "original": "Anna Finger Fast",
    "translation": "",
    "stage": 0
  },
  {
    "key": "Daisy Rub Normal",
    "original": "Daisy Rub Normal",
    "translation": "",
    "stage": 0
  },
  {
    "key": "Daisy Rub Fast",
    "original": "Daisy Rub Fast",
    "translation": "",
    "stage": 0
  },
  {
    "key": "Daisy",
    "original": "Daisy",
    "translation": "",
    "stage": 0
  },
  {
    "key": "Suck",
    "original": "Suck",
    "translation": "",
    "stage": 0
  },
  {
    "key": "Lick",
    "original": "Lick",
    "translation": "",
    "stage": 0
  },
  {
    "key": "Anna Slaps",
    "original": "Anna Slaps",
    "translation": "",
    "stage": 0
  },
  {
    "key": "Lick Fast",
    "original": "Lick Fast",
    "translation": "",
    "stage": 0
  },
  {
    "key": "Armpit Job",
    "original": "Armpit Job",
    "translation": "",
    "stage": 0
  },
  {
    "key": "Armpit Job Fast",
    "original": "Armpit Job Fast",
    "translation": "",
    "stage": 0
  },
  {
    "key": "Flasing Tit",
    "original": "Flasing Tit",
    "translation": "",
    "stage": 0
  },
  {
    "key": "Milk",
    "original": "Milk",
    "translation": "",
    "stage": 0
  },
  {
    "key": "Squeeze",
    "original": "Squeeze",
    "translation": "",
    "stage": 0
  },
  {
    "key": "Motivation",
    "original": "Motivation",
    "translation": "",
    "stage": 0
  },
  {
    "key": "Butt",
    "original": "Butt",
    "translation": "",
    "stage": 0
  },
  {
    "key": "Emmi Butt",
    "original": "Emmi Butt",
    "translation": "",
    "stage": 0
  },
  {
    "key": "Poke",
    "original": "Poke",
    "translation": "",
    "stage": 0
  },
  {
    "key": "Pool Peep",
    "original": "Pool Peep",
    "translation": "",
    "stage": 0
  },
  {
    "key": "Bikini",
    "original": "Bikini",
    "translation": "",
    "stage": 0
  },
  {
    "key": "Belly Rub",
    "original": "Belly Rub",
    "translation": "",
    "stage": 0
  },
  {
    "key": "Locker Room",
    "original": "Locker Room",
    "translation": "",
    "stage": 0
  },
  {
    "key": "CPR",
    "original": "CPR",
    "translation": "",
    "stage": 0
  },
  {
    "key": "Rub",
    "original": "Rub",
    "translation": "",
    "stage": 0
  },
  {
    "key": "Show Boob",
    "original": "Show Boob",
    "translation": "",
    "stage": 0
  },
  {
    "key": "Ball",
    "original": "Ball",
    "translation": "",
    "stage": 0
  },
  {
    "key": "Dick",
    "original": "Dick",
    "translation": "",
    "stage": 0
  },
  {
    "key": "Helping Hand",
    "original": "Helping Hand",
    "translation": "",
    "stage": 0
  },
  {
    "key": "Fence Stuck",
    "original": "Fence Stuck",
    "translation": "",
    "stage": 0
  },
  {
    "key": "Test Answer Steal",
    "original": "Test Answer Steal",
    "translation": "",
    "stage": 0
  },
  {
    "key": "Charm",
    "original": "Charm",
    "translation": "",
    "stage": 0
  },
  {
    "key": "Hold Hand",
    "original": "Hold Hand",
    "translation": "",
    "stage": 0
  },
  {
    "key": "After Class",
    "original": "After Class",
    "translation": "",
    "stage": 0
  },
  {
    "key": "Locker Inside ",
    "original": "Locker Inside ",
    "translation": "",
    "stage": 0
  },
  {
    "key": "Reject",
    "original": "Reject",
    "translation": "",
    "stage": 0
  },
  {
    "key": "Cheek Squeeze ",
    "original": "Cheek Squeeze ",
    "translation": "",
    "stage": 0
  },
  {
    "key": "Neck Kiss",
    "original": "Neck Kiss",
    "translation": "",
    "stage": 0
  },
  {
    "key": "Tit Squeeze ",
    "original": "Tit Squeeze ",
    "translation": "",
    "stage": 0
  },
  {
    "key": "Pant Pull Down",
    "original": "Pant Pull Down",
    "translation": "",
    "stage": 0
  },
  {
    "key": "Butt Rub",
    "original": "Butt Rub",
    "translation": "",
    "stage": 0
  },
  {
    "key": "Too Close",
    "original": "Too Close",
    "translation": "",
    "stage": 0
  },
  {
    "key": "Resist",
    "original": "Resist",
    "translation": "",
    "stage": 0
  },
  {
    "key": "Fall",
    "original": "Fall",
    "translation": "",
    "stage": 0
  },
  {
    "key": "Pants Pull Up",
    "original": "Pants Pull Up",
    "translation": "",
    "stage": 0
  },
  {
    "key": "Locker Outside",
    "original": "Locker Outside",
    "translation": "",
    "stage": 0
  },
  {
    "key": "Megan",
    "original": "Megan",
    "translation": "",
    "stage": 0
  },
  {
    "key": "Without Megan",
    "original": "Without Megan",
    "translation": "",
    "stage": 0
  },
  {
    "key": "Slip",
    "original": "Slip",
    "translation": "",
    "stage": 0
  },
  {
    "key": "Anal ",
    "original": "Anal ",
    "translation": "",
    "stage": 0
  },
  {
    "key": "Anal Fast",
    "original": "Anal Fast",
    "translation": "",
    "stage": 0
  },
  {
    "key": "Cum Torture",
    "original": "Cum Torture",
    "translation": "",
    "stage": 0
  },
  {
    "key": "Pull Out",
    "original": "Pull Out",
    "translation": "",
    "stage": 0
  },
  {
    "key": "Without Cum",
    "original": "Without Cum",
    "translation": "",
    "stage": 0
  },
  {
    "key": "Pool Shower",
    "original": "Pool Shower",
    "translation": "",
    "stage": 0
  },
  {
    "key": "Swimsuit",
    "original": "Swimsuit",
    "translation": "",
    "stage": 0
  },
  {
    "key": "Cindy",
    "original": "Cindy",
    "translation": "",
    "stage": 0
  },
  {
    "key": "Already Wore Pantie",
    "original": "Already Wore Pantie",
    "translation": "",
    "stage": 0
  },
  {
    "key": "Tease",
    "original": "Tease",
    "translation": "",
    "stage": 0
  },
  {
    "key": "Without Shirt",
    "original": "Without Shirt",
    "translation": "",
    "stage": 0
  },
  {
    "key": "Morning Loading Help",
    "original": "Morning Loading Help",
    "translation": "",
    "stage": 0
  },
  {
    "key": "Night Small Talk",
    "original": "Night Small Talk",
    "translation": "",
    "stage": 0
  },
  {
    "key": "Baby Boy",
    "original": "Baby Boy",
    "translation": "",
    "stage": 0
  },
  {
    "key": "Vineyard - Carter Cheating",
    "original": "Vineyard - Carter Cheating",
    "translation": "",
    "stage": 0
  },
  {
    "key": "Cucumber",
    "original": "Cucumber",
    "translation": "",
    "stage": 0
  },
  {
    "key": "Plum",
    "original": "Plum",
    "translation": "",
    "stage": 0
  },
  {
    "key": "Suck with Milk",
    "original": "Suck with Milk",
    "translation": "",
    "stage": 0
  },
  {
    "key": "Solo",
    "original": "Solo",
    "translation": "",
    "stage": 0
  },
  {
    "key": "Deep",
    "original": "Deep",
    "translation": "",
    "stage": 0
  },
  {
    "key": "Press",
    "original": "Press",
    "translation": "",
    "stage": 0
  },
  {
    "key": "Fold",
    "original": "Fold",
    "translation": "",
    "stage": 0
  },
  {
    "key": "Spread",
    "original": "Spread",
    "translation": "",
    "stage": 0
  },
  {
    "key": "Faster",
    "original": "Faster",
    "translation": "",
    "stage": 0
  },
  {
    "key": "Butt Tease",
    "original": "Butt Tease",
    "translation": "",
    "stage": 0
  },
  {
    "key": "Horse",
    "original": "Horse",
    "translation": "",
    "stage": 0
  },
  {
    "key": "Memories",
    "original": "Memories",
    "translation": "",
    "stage": 0
  },
  {
    "key": "Horse Trip",
    "original": "Horse Trip",
    "translation": "",
    "stage": 0
  },
  {
    "key": "Boob Grab",
    "original": "Boob Grab",
    "translation": "",
    "stage": 0
  },
  {
    "key": "Shirt Off",
    "original": "Shirt Off",
    "translation": "",
    "stage": 0
  },
  {
    "key": "Pull",
    "original": "Pull",
    "translation": "",
    "stage": 0
  },
  {
    "key": "Release",
    "original": "Release",
    "translation": "",
    "stage": 0
  },
  {
    "key": "Too much",
    "original": "Too much",
    "translation": "",
    "stage": 0
  },
  {
    "key": "Slap Douie's Butt",
    "original": "Slap Douie's Butt",
    "translation": "",
    "stage": 0
  },
  {
    "key": "Train",
    "original": "Train",
    "translation": "",
    "stage": 0
  },
  {
    "key": "Ride Horse Together",
    "original": "Ride Horse Together",
    "translation": "",
    "stage": 0
  },
  {
    "key": "Horse Bath",
    "original": "Horse Bath",
    "translation": "",
    "stage": 0
  },
  {
    "key": "Mae",
    "original": "Mae",
    "translation": "",
    "stage": 0
  },
  {
    "key": "Callum",
    "original": "Callum",
    "translation": "",
    "stage": 0
  },
  {
    "key": "Start",
    "original": "Start",
    "translation": "",
    "stage": 0
  },
  {
    "key": "Missionary",
    "original": "Missionary",
    "translation": "",
    "stage": 0
  },
  {
    "key": "Douie and her husband",
    "original": "Douie and her husband",
    "translation": "",
    "stage": 0
  },
  {
    "key": "Touch",
    "original": "Touch",
    "translation": "",
    "stage": 0
  },
  {
    "key": "Rest",
    "original": "Rest",
    "translation": "",
    "stage": 0
  },
  {
    "key": "Boobjob",
    "original": "Boobjob",
    "translation": "",
    "stage": 0
  },
  {
    "key": "Wake Up",
    "original": "Wake Up",
    "translation": "",
    "stage": 0
  },
  {
    "key": "No",
    "original": "No",
    "translation": "",
    "stage": 0
  },
  {
    "key": "None",
    "original": "None",
    "translation": "",
    "stage": 0
  },
  {
    "key": "Christmas Night",
    "original": "Christmas Night",
    "translation": "",
    "stage": 0
  },
  {
    "key": "Dick Lick",
    "original": "Dick Lick",
    "translation": "",
    "stage": 0
  },
  {
    "key": "Cowgirl",
    "original": "Cowgirl",
    "translation": "",
    "stage": 0
  },
  {
    "key": "Leak",
    "original": "Leak",
    "translation": "",
    "stage": 0
  },
  {
    "key": "Twitch",
    "original": "Twitch",
    "translation": "",
    "stage": 0
  },
  {
    "key": "Normal Slow",
    "original": "Normal Slow",
    "translation": "",
    "stage": 0
  },
  {
    "key": "Normal Fast",
    "original": "Normal Fast",
    "translation": "",
    "stage": 0
  },
  {
    "key": "Short Slow",
    "original": "Short Slow",
    "translation": "",
    "stage": 0
  },
  {
    "key": "Short Fast",
    "original": "Short Fast",
    "translation": "",
    "stage": 0
  },
  {
    "key": "Head Fingering",
    "original": "Head Fingering",
    "translation": "",
    "stage": 0
  },
  {
    "key": "Lift Dress",
    "original": "Lift Dress",
    "translation": "",
    "stage": 0
  },
  {
    "key": "Sliding Game",
    "original": "Sliding Game",
    "translation": "",
    "stage": 0
  },
  {
    "key": "Stuck on Tree",
    "original": "Stuck on Tree",
    "translation": "",
    "stage": 0
  },
  {
    "key": "I'm Special",
    "original": "I'm Special",
    "translation": "",
    "stage": 0
  },
  {
    "key": "Petal",
    "original": "Petal",
    "translation": "",
    "stage": 0
  },
  {
    "key": "Stamen",
    "original": "Stamen",
    "translation": "",
    "stage": 0
  },
  {
    "key": "Slide",
    "original": "Slide",
    "translation": "",
    "stage": 0
  },
  {
    "key": "Slide Fast",
    "original": "Slide Fast",
    "translation": "",
    "stage": 0
  },
  {
    "key": "Cum Licking",
    "original": "Cum Licking",
    "translation": "",
    "stage": 0
  },
  {
    "key": "Pixie's Face",
    "original": "Pixie's Face",
    "translation": "",
    "stage": 0
  },
  {
    "key": "Angry",
    "original": "Angry",
    "translation": "",
    "stage": 0
  },
  {
    "key": "Happy",
    "original": "Happy",
    "translation": "",
    "stage": 0
  },
  {
    "key": "Endure",
    "original": "Endure",
    "translation": "",
    "stage": 0
  },
  {
    "key": "Horny",
    "original": "Horny",
    "translation": "",
    "stage": 0
  },
  {
    "key": "Boob Enlargement",
    "original": "Boob Enlargement",
    "translation": "",
    "stage": 0
  },
  {
    "key": "Boob Sucking",
    "original": "Boob Sucking",
    "translation": "",
    "stage": 0
  },
  {
    "key": "Put in 1",
    "original": "Put in 1",
    "translation": "",
    "stage": 0
  },
  {
    "key": "Put in 2",
    "original": "Put in 2",
    "translation": "",
    "stage": 0
  },
  {
    "key": "Day Only Dress",
    "original": "Day Only Dress",
    "translation": "",
    "stage": 0
  },
  {
    "key": "Fake Contract",
    "original": "Fake Contract",
    "translation": "",
    "stage": 0
  },
  {
    "key": "Standing Pee",
    "original": "Standing Pee",
    "translation": "",
    "stage": 0
  },
  {
    "key": "Dress",
    "original": "Dress",
    "translation": "",
    "stage": 0
  },
  {
    "key": "Cross Leg",
    "original": "Cross Leg",
    "translation": "",
    "stage": 0
  },
  {
    "key": "Toy Anal",
    "original": "Toy Anal",
    "translation": "",
    "stage": 0
  },
  {
    "key": "Door",
    "original": "Door",
    "translation": "",
    "stage": 0
  },
  {
    "key": "Without Door",
    "original": "Without Door",
    "translation": "",
    "stage": 0
  },
  {
    "key": "Zipper",
    "original": "Zipper",
    "translation": "",
    "stage": 0
  },
  {
    "key": "Twitching",
    "original": "Twitching",
    "translation": "",
    "stage": 0
  },
  {
    "key": "Oil Massage",
    "original": "Oil Massage",
    "translation": "",
    "stage": 0
  },
  {
    "key": "Normal Oil",
    "original": "Normal Oil",
    "translation": "",
    "stage": 0
  },
  {
    "key": "Lover Oil",
    "original": "Lover Oil",
    "translation": "",
    "stage": 0
  },
  {
    "key": "Massage",
    "original": "Massage",
    "translation": "",
    "stage": 0
  },
  {
    "key": "Weak",
    "original": "Weak",
    "translation": "",
    "stage": 0
  },
  {
    "key": "Strong",
    "original": "Strong",
    "translation": "",
    "stage": 0
  },
  {
    "key": "ON/OFF MC's Arm",
    "original": "ON/OFF MC's Arm",
    "translation": "",
    "stage": 0
  },
  {
    "key": "Behind the Courtyard",
    "original": "Behind the Courtyard",
    "translation": "",
    "stage": 0
  },
  {
    "key": "Photo",
    "original": "Photo",
    "translation": "",
    "stage": 0
  },
  {
    "key": "Vagina Sex",
    "original": "Vagina Sex",
    "translation": "",
    "stage": 0
  },
  {
    "key": "Minimize",
    "original": "Minimize",
    "translation": "",
    "stage": 0
  },
  {
    "key": "Sex",
    "original": "Sex",
    "translation": "",
    "stage": 0
  },
  {
    "key": "Callum's face",
    "original": "Callum's face",
    "translation": "",
    "stage": 0
  },
  {
    "key": "Lick Cum",
    "original": "Lick Cum",
    "translation": "",
    "stage": 0
  },
  {
    "key": "Frighten",
    "original": "Frighten",
    "translation": "",
    "stage": 0
  },
  {
    "key": "Enjoy",
    "original": "Enjoy",
    "translation": "",
    "stage": 0
  },
  {
    "key": "Night Undress",
    "original": "Night Undress",
    "translation": "",
    "stage": 0
  },
  {
    "key": "Sleep",
    "original": "Sleep",
    "translation": "",
    "stage": 0
  }
]