[
  {
    "key": "Me <br>",
    "original": "Me <br>",
    "translation": "",
    "stage": 0
  },
  {
    "key": "I made it and it's still available!",
    "original": "I made it and it's still available!",
    "translation": "",
    "stage": 0
  },
  {
    "key": "I made it!!!",
    "original": "I made it!!!",
    "translation": "",
    "stage": 0
  },
  {
    "key": "\\C[14]Ms. Emmi\\C[0] <br>",
    "original": "\\C[14]Ms. Emmi\\C[0] <br>",
    "translation": "",
    "stage": 0
  },
  {
    "key": "\\n[1]! What are you doing??",
    "original": "\\n[1]! What are you doing??",
    "translation": "",
    "stage": 0
  },
  {
    "key": "Uhhh...",
    "original": "Uhhh...",
    "translation": "",
    "stage": 0
  },
  {
    "key": "Sorry, \\C[14]Ms. Emmi\\C[0]! <br>",
    "original": "Sorry, \\C[14]Ms. Emmi\\C[0]! <br>",
    "translation": "",
    "stage": 0
  },
  {
    "key": "I'm having an issue so I'd rather hide and wait it out...",
    "original": "I'm having an issue so I'd rather hide and wait it out...",
    "translation": "",
    "stage": 0
  },
  {
    "key": "Well what kind of-",
    "original": "Well what kind of-",
    "translation": "",
    "stage": 0
  },
  {
    "key": "Oh my...",
    "original": "Oh my...",
    "translation": "",
    "stage": 0
  },
  {
    "key": "Do you think maybe you can help me out like before...?",
    "original": "Do you think maybe you can help me out like before...?",
    "translation": "",
    "stage": 0
  },
  {
    "key": "\\n[1]! We can't do that! <br>",
    "original": "\\n[1]! We can't do that! <br>",
    "translation": "",
    "stage": 0
  },
  {
    "key": "Especially not here!",
    "original": "Especially not here!",
    "translation": "",
    "stage": 0
  },
  {
    "key": "(Wait! <br>",
    "original": "(Wait! <br>",
    "translation": "",
    "stage": 0
  },
  {
    "key": "What was that one technique I read about in the book that \\n[1] left on my desk...)",
    "original": "What was that one technique I read about in the book that \\n[1] left on my desk...)",
    "translation": "",
    "stage": 0
  },
  {
    "key": "(One of the fastest way to make him cum... <br>",
    "original": "(One of the fastest way to make him cum... <br>",
    "translation": "",
    "stage": 0
  },
  {
    "key": "What was it called? <br>",
    "original": "What was it called? <br>",
    "translation": "",
    "stage": 0
  },
  {
    "key": "The Turbo Titty Blow?)",
    "original": "The Turbo Titty Blow?)",
    "translation": "",
    "stage": 0
  },
  {
    "key": "(Hmmm...)",
    "original": "(Hmmm...)",
    "translation": "",
    "stage": 0
  },
  {
    "key": "Actually, on second thought, I think I have an idea!",
    "original": "Actually, on second thought, I think I have an idea!",
    "translation": "",
    "stage": 0
  },
  {
    "key": "Promise me you won't tell anyone!",
    "original": "Promise me you won't tell anyone!",
    "translation": "",
    "stage": 0
  },
  {
    "key": "Of course, <br>",
    "original": "Of course, <br>",
    "translation": "",
    "stage": 0
  },
  {
    "key": "I won't tell anyone what you gonna do with me even tho I don't know what it is.",
    "original": "I won't tell anyone what you gonna do with me even tho I don't know what it is.",
    "translation": "",
    "stage": 0
  },
  {
    "key": "Of course!!!",
    "original": "Of course!!!",
    "translation": "",
    "stage": 0
  },
  {
    "key": "Come with me...",
    "original": "Come with me...",
    "translation": "",
    "stage": 0
  },
  {
    "key": "Get inside!",
    "original": "Get inside!",
    "translation": "",
    "stage": 0
  },
  {
    "key": "Okay!",
    "original": "Okay!",
    "translation": "",
    "stage": 0
  },
  {
    "key": "Wow, this feels amazing, \\C[14]Ms. Emmi\\C[0]! ",
    "original": "Wow, this feels amazing, \\C[14]Ms. Emmi\\C[0]! ",
    "translation": "",
    "stage": 0
  },
  {
    "key": "I've never seen something like this before!",
    "original": "I've never seen something like this before!",
    "translation": "",
    "stage": 0
  },
  {
    "key": "(Wow! What is this!? <br>",
    "original": "(Wow! What is this!? <br>",
    "translation": "",
    "stage": 0
  },
  {
    "key": "It's so soft...)",
    "original": "It's so soft...)",
    "translation": "",
    "stage": 0
  },
  {
    "key": "(\\C[14]Ms. Emmi\\C[0] is so close. <br>",
    "original": "(\\C[14]Ms. Emmi\\C[0] is so close. <br>",
    "translation": "",
    "stage": 0
  },
  {
    "key": "I can smell her scent from her body and the shampoo on her hair.)",
    "original": "I can smell her scent from her body and the shampoo on her hair.)",
    "translation": "",
    "stage": 0
  },
  {
    "key": "Can it get better than this??",
    "original": "Can it get better than this??",
    "translation": "",
    "stage": 0
  },
  {
    "key": "Hush, \\n[1]! Let me concentrate.",
    "original": "Hush, \\n[1]! Let me concentrate.",
    "translation": "",
    "stage": 0
  },
  {
    "key": "Oh right!",
    "original": "Oh right!",
    "translation": "",
    "stage": 0
  },
  {
    "key": "(What is with this size... <br>",
    "original": "(What is with this size... <br>",
    "translation": "",
    "stage": 0
  },
  {
    "key": "It's so big, don't know if my jaw can handle this...)",
    "original": "It's so big, don't know if my jaw can handle this...)",
    "translation": "",
    "stage": 0
  },
  {
    "key": "(I hope I'm doing this right)",
    "original": "(I hope I'm doing this right)",
    "translation": "",
    "stage": 0
  },
  {
    "key": "Woah, it CAN get better!",
    "original": "Woah, it CAN get better!",
    "translation": "",
    "stage": 0
  },
  {
    "key": "Lower your voice! Someone may hear us...",
    "original": "Lower your voice! Someone may hear us...",
    "translation": "",
    "stage": 0
  },
  {
    "key": "My bad...",
    "original": "My bad...",
    "translation": "",
    "stage": 0
  },
  {
    "key": "Faster",
    "original": "Faster",
    "translation": "",
    "stage": 0
  },
  {
    "key": "(His dick is too hot... <br>",
    "original": "(His dick is too hot... <br>",
    "translation": "",
    "stage": 0
  },
  {
    "key": "I can feel my mouth burning...)",
    "original": "I can feel my mouth burning...)",
    "translation": "",
    "stage": 0
  },
  {
    "key": "Is it feel good, \\n[1]?",
    "original": "Is it feel good, \\n[1]?",
    "translation": "",
    "stage": 0
  },
  {
    "key": "Yes... \\C[14]Ms. Emmi\\C[0]!",
    "original": "Yes... \\C[14]Ms. Emmi\\C[0]!",
    "translation": "",
    "stage": 0
  },
  {
    "key": "Hah-hah! <br>",
    "original": "Hah-hah! <br>",
    "translation": "",
    "stage": 0
  },
  {
    "key": "Your mouth is soft and slippery...",
    "original": "Your mouth is soft and slippery...",
    "translation": "",
    "stage": 0
  },
  {
    "key": "I can feel your little tongue every time it rubs on the tip of my penis. <br>",
    "original": "I can feel your little tongue every time it rubs on the tip of my penis. <br>",
    "translation": "",
    "stage": 0
  },
  {
    "key": "It's amazing!!!",
    "original": "It's amazing!!!",
    "translation": "",
    "stage": 0
  },
  {
    "key": "Cum",
    "original": "Cum",
    "translation": "",
    "stage": 0
  },
  {
    "key": "I think I can feel it coming, \\C[14]Ms. Emmi\\C[0]!!!",
    "original": "I think I can feel it coming, \\C[14]Ms. Emmi\\C[0]!!!",
    "translation": "",
    "stage": 0
  },
  {
    "key": "(It's so hot and twitching so much. <br>",
    "original": "(It's so hot and twitching so much. <br>",
    "translation": "",
    "stage": 0
  },
  {
    "key": "Is he about to cum!?)",
    "original": "Is he about to cum!?)",
    "translation": "",
    "stage": 0
  },
  {
    "key": "Here it comes!!",
    "original": "Here it comes!!",
    "translation": "",
    "stage": 0
  },
  {
    "key": "Hah- hah...",
    "original": "Hah- hah...",
    "translation": "",
    "stage": 0
  },
  {
    "key": "(Ughh! What is with this amount?)",
    "original": "(Ughh! What is with this amount?)",
    "translation": "",
    "stage": 0
  },
  {
    "key": "(He came so much...) ",
    "original": "(He came so much...) ",
    "translation": "",
    "stage": 0
  },
  {
    "key": "(I can't get this scent out of my head, <br>",
    "original": "(I can't get this scent out of my head, <br>",
    "translation": "",
    "stage": 0
  },
  {
    "key": "my panties are getting wet just by sucking on my dear student's dick...)",
    "original": "my panties are getting wet just by sucking on my dear student's dick...)",
    "translation": "",
    "stage": 0
  },
  {
    "key": "(!!!)",
    "original": "(!!!)",
    "translation": "",
    "stage": 0
  },
  {
    "key": "(Oh my!!! What am I thinking!?)",
    "original": "(Oh my!!! What am I thinking!?)",
    "translation": "",
    "stage": 0
  },
  {
    "key": "(It was his fault for bringing me that dirty book...)",
    "original": "(It was his fault for bringing me that dirty book...)",
    "translation": "",
    "stage": 0
  },
  {
    "key": "Are you okay, \\C[14]Ms. Emmi\\C[0]?",
    "original": "Are you okay, \\C[14]Ms. Emmi\\C[0]?",
    "translation": "",
    "stage": 0
  },
  {
    "key": "\\n[1] you should go, and make sure nobody sees you!",
    "original": "\\n[1] you should go, and make sure nobody sees you!",
    "translation": "",
    "stage": 0
  },
  {
    "key": "Right okay! <br>",
    "original": "Right okay! <br>",
    "translation": "",
    "stage": 0
  },
  {
    "key": "Thanks again, \\C[14]Ms. Emmi\\C[0]!",
    "original": "Thanks again, \\C[14]Ms. Emmi\\C[0]!",
    "translation": "",
    "stage": 0
  },
  {
    "key": "(Oh my god! <br>",
    "original": "(Oh my god! <br>",
    "translation": "",
    "stage": 0
  },
  {
    "key": "Why did I... actually really enjoy doing that...)",
    "original": "Why did I... actually really enjoy doing that...)",
    "translation": "",
    "stage": 0
  },
  {
    "key": "(I can still feel the shape of my student's penis in my mouth.)",
    "original": "(I can still feel the shape of my student's penis in my mouth.)",
    "translation": "",
    "stage": 0
  },
  {
    "key": "End",
    "original": "End",
    "translation": "",
    "stage": 0
  },
  {
    "key": "\\C[14]Ms. Emmi\\C[0]: \\C[3]+5\\C[0] <br>",
    "original": "\\C[14]Ms. Emmi\\C[0]: \\C[3]+5\\C[0] <br>",
    "translation": "",
    "stage": 0
  },
  {
    "key": "\\C[14]Ms. Emmi\\C[0]: \\v[83]",
    "original": "\\C[14]Ms. Emmi\\C[0]: \\v[83]",
    "translation": "",
    "stage": 0
  },
  {
    "key": "\\C[14]Ms. Emmi\\C[0]: \\C[3]+3\\C[0] <br>",
    "original": "\\C[14]Ms. Emmi\\C[0]: \\C[3]+3\\C[0] <br>",
    "translation": "",
    "stage": 0
  },
  {
    "key": "\\C[6]Ms. Betty\\C[0] <br>",
    "original": "\\C[6]Ms. Betty\\C[0] <br>",
    "translation": "",
    "stage": 0
  },
  {
    "key": "Stop!!!",
    "original": "Stop!!!",
    "translation": "",
    "stage": 0
  },
  {
    "key": "What are you doing here!?",
    "original": "What are you doing here!?",
    "translation": "",
    "stage": 0
  },
  {
    "key": "\\C[6]Ms. Betty\\C[0]!!!",
    "original": "\\C[6]Ms. Betty\\C[0]!!!",
    "translation": "",
    "stage": 0
  },
  {
    "key": "What is happening, \\C[6]Betty\\C[0]!?",
    "original": "What is happening, \\C[6]Betty\\C[0]!?",
    "translation": "",
    "stage": 0
  },
  {
    "key": "Get out there and see what your dear student is up to.",
    "original": "Get out there and see what your dear student is up to.",
    "translation": "",
    "stage": 0
  },
  {
    "key": "\\n[1]! What are you doing here?",
    "original": "\\n[1]! What are you doing here?",
    "translation": "",
    "stage": 0
  },
  {
    "key": "Mornin', \\C[14]Ms. Emmi\\C[0] and \\C[6]Ms. Betty\\C[0]...",
    "original": "Mornin', \\C[14]Ms. Emmi\\C[0] and \\C[6]Ms. Betty\\C[0]...",
    "translation": "",
    "stage": 0
  },
  {
    "key": "I-I really need to pee and I didn't think anyone was in here so...",
    "original": "I-I really need to pee and I didn't think anyone was in here so...",
    "translation": "",
    "stage": 0
  },
  {
    "key": "It's okay, just don't do it again.",
    "original": "It's okay, just don't do it again.",
    "translation": "",
    "stage": 0
  },
  {
    "key": "Sorry, \\C[14]Ms. Emmi\\C[0]!",
    "original": "Sorry, \\C[14]Ms. Emmi\\C[0]!",
    "translation": "",
    "stage": 0
  },
  {
    "key": "You're so easygoing, \\C[14]Emmi\\C[0]!",
    "original": "You're so easygoing, \\C[14]Emmi\\C[0]!",
    "translation": "",
    "stage": 0
  },
  {
    "key": "You believe in what this perv said!?",
    "original": "You believe in what this perv said!?",
    "translation": "",
    "stage": 0
  },
  {
    "key": "Come on, \\C[6]Betty\\C[0]! <br>",
    "original": "Come on, \\C[6]Betty\\C[0]! <br>",
    "translation": "",
    "stage": 0
  },
  {
    "key": "It's not that big a deal, he hasn't done anything bad.",
    "original": "It's not that big a deal, he hasn't done anything bad.",
    "translation": "",
    "stage": 0
  },
  {
    "key": "(This is no fun!)",
    "original": "(This is no fun!)",
    "translation": "",
    "stage": 0
  },
  {
    "key": "You really need to pee, right?",
    "original": "You really need to pee, right?",
    "translation": "",
    "stage": 0
  },
  {
    "key": "Y-Yeah!",
    "original": "Y-Yeah!",
    "translation": "",
    "stage": 0
  },
  {
    "key": "Do it right now, then!",
    "original": "Do it right now, then!",
    "translation": "",
    "stage": 0
  },
  {
    "key": "She's just joking, it's not that serious.",
    "original": "She's just joking, it's not that serious.",
    "translation": "",
    "stage": 0
  },
  {
    "key": "(Hmm!!! I'll get his tail next time!)",
    "original": "(Hmm!!! I'll get his tail next time!)",
    "translation": "",
    "stage": 0
  },
  {
    "key": "(Probably \\C[6]Ms. Betty\\C[0] is in there.",
    "original": "(Probably \\C[6]Ms. Betty\\C[0] is in there.",
    "translation": "",
    "stage": 0
  },
  {
    "key": "I wish I can take a look...)",
    "original": "I wish I can take a look...)",
    "translation": "",
    "stage": 0
  }
]