[
  {
    "key": "Me <br>",
    "original": "Me <br>",
    "translation": "我 <br>",
    "stage": 1
  },
  {
    "key": "I guess it could be used on something.",
    "original": "I guess it could be used on something.",
    "translation": "这应该能拿来做什么",
    "stage": 1
  },
  {
    "key": "<c:0,120,0>Ugh... How could you?",
    "original": "<c:0,120,0>Ugh... How could you?",
    "translation": "<c:0,120,0>呃……你怎么做到的？",
    "stage": 1
  },
  {
    "key": "My Clothes.",
    "original": "My Clothes.",
    "translation": "我的衣服",
    "stage": 1
  },
  {
    "key": "<c:4,120,0>It was so close!",
    "original": "<c:4,120,0>It was so close!",
    "translation": "<c:4,120,0>就差一点！",
    "stage": 1
  }
]