[
  {
    "key": "Me <br>",
    "original": "Me <br>",
    "translation": "",
    "stage": 0
  },
  {
    "key": "That was so much fun!",
    "original": "That was so much fun!",
    "translation": "",
    "stage": 0
  },
  {
    "key": "I gotta go, see you tomorrow!",
    "original": "I gotta go, see you tomorrow!",
    "translation": "",
    "stage": 0
  },
  {
    "key": "\\C[20]Mae\\C[0] <br>",
    "original": "\\C[20]Mae\\C[0] <br>",
    "translation": "",
    "stage": 0
  },
  {
    "key": "Hey! Do you want to see something cool?",
    "original": "Hey! Do you want to see something cool?",
    "translation": "",
    "stage": 0
  },
  {
    "key": "Where? What is it?",
    "original": "Where? What is it?",
    "translation": "",
    "stage": 0
  },
  {
    "key": "Come here at night and I will show you.",
    "original": "Come here at night and I will show you.",
    "translation": "",
    "stage": 0
  },
  {
    "key": "Cool!",
    "original": "Cool!",
    "translation": "",
    "stage": 0
  },
  {
    "key": "I'm so curious about the thing \\C[20]Mae\\C[0] said.",
    "original": "I'm so curious about the thing \\C[20]Mae\\C[0] said.",
    "translation": "",
    "stage": 0
  },
  {
    "key": "Where is she anyway?",
    "original": "Where is she anyway?",
    "translation": "",
    "stage": 0
  },
  {
    "key": "Boo!",
    "original": "Boo!",
    "translation": "",
    "stage": 0
  },
  {
    "key": "Hey. Slow your voice down. Are you a girl?",
    "original": "Hey. Slow your voice down. Are you a girl?",
    "translation": "",
    "stage": 0
  },
  {
    "key": "So why are you scaring me like that? Do you know it's nighttime?",
    "original": "So why are you scaring me like that? Do you know it's nighttime?",
    "translation": "",
    "stage": 0
  },
  {
    "key": "You are so pussy. Follow me!",
    "original": "You are so pussy. Follow me!",
    "translation": "",
    "stage": 0
  },
  {
    "key": "??? <br>",
    "original": "??? <br>",
    "translation": "",
    "stage": 0
  },
  {
    "key": "Oh Yeahhh! Fuck me!",
    "original": "Oh Yeahhh! Fuck me!",
    "translation": "",
    "stage": 0
  },
  {
    "key": "What is that sound?",
    "original": "What is that sound?",
    "translation": "",
    "stage": 0
  },
  {
    "key": "Don't make any loud noise, they'll hear it.",
    "original": "Don't make any loud noise, they'll hear it.",
    "translation": "",
    "stage": 0
  },
  {
    "key": "Okay.",
    "original": "Okay.",
    "translation": "",
    "stage": 0
  },
  {
    "key": "Right here!",
    "original": "Right here!",
    "translation": "",
    "stage": 0
  },
  {
    "key": "\\C[25]Aunt Douie\\C[0] <br>",
    "original": "\\C[25]Aunt Douie\\C[0] <br>",
    "translation": "",
    "stage": 0
  },
  {
    "key": "Mmmmmmm...",
    "original": "Mmmmmmm...",
    "translation": "",
    "stage": 0
  },
  {
    "key": "Fuck Yesss! It's so good!",
    "original": "Fuck Yesss! It's so good!",
    "translation": "",
    "stage": 0
  },
  {
    "key": "Your family is so difficult.",
    "original": "Your family is so difficult.",
    "translation": "",
    "stage": 0
  },
  {
    "key": "Why do you say that?",
    "original": "Why do you say that?",
    "translation": "",
    "stage": 0
  },
  {
    "key": "Your parents had an argument and now your dad is hitting your mom horribly.",
    "original": "Your parents had an argument and now your dad is hitting your mom horribly.",
    "translation": "",
    "stage": 0
  },
  {
    "key": "...",
    "original": "...",
    "translation": "",
    "stage": 0
  },
  {
    "key": "For some reason, I feel like your mother is enjoying it. It's very weird.",
    "original": "For some reason, I feel like your mother is enjoying it. It's very weird.",
    "translation": "",
    "stage": 0
  },
  {
    "key": "They are having sex. You are so stupid!",
    "original": "They are having sex. You are so stupid!",
    "translation": "",
    "stage": 0
  },
  {
    "key": "Whoa! So cool!",
    "original": "Whoa! So cool!",
    "translation": "",
    "stage": 0
  },
  {
    "key": "What is sex?",
    "original": "What is sex?",
    "translation": "",
    "stage": 0
  },
  {
    "key": "I guess some kind of game.",
    "original": "I guess some kind of game.",
    "translation": "",
    "stage": 0
  },
  {
    "key": "You're so smart!",
    "original": "You're so smart!",
    "translation": "",
    "stage": 0
  },
  {
    "key": "Next",
    "original": "Next",
    "translation": "",
    "stage": 0
  },
  {
    "key": "Hey, let me see your pee pee.",
    "original": "Hey, let me see your pee pee.",
    "translation": "",
    "stage": 0
  },
  {
    "key": "Huh? Why?",
    "original": "Huh? Why?",
    "translation": "",
    "stage": 0
  },
  {
    "key": "Hurry!",
    "original": "Hurry!",
    "translation": "",
    "stage": 0
  },
  {
    "key": "It's a bit weird if I'm the alone one naked.",
    "original": "It's a bit weird if I'm the alone one naked.",
    "translation": "",
    "stage": 0
  },
  {
    "key": "Stop complaining, I've already taken my clothes off.",
    "original": "Stop complaining, I've already taken my clothes off.",
    "translation": "",
    "stage": 0
  },
  {
    "key": "Wow! So cool. This is the first time I see a pee pee this close.",
    "original": "Wow! So cool. This is the first time I see a pee pee this close.",
    "translation": "",
    "stage": 0
  },
  {
    "key": "It looks so cute and shiny.",
    "original": "It looks so cute and shiny.",
    "translation": "",
    "stage": 0
  },
  {
    "key": "Can I touch it?",
    "original": "Can I touch it?",
    "translation": "",
    "stage": 0
  },
  {
    "key": "Sure, it's not a big deal.",
    "original": "Sure, it's not a big deal.",
    "translation": "",
    "stage": 0
  },
  {
    "key": "Whoa! It's so soft and squishy. I could play with it all day.",
    "original": "Whoa! It's so soft and squishy. I could play with it all day.",
    "translation": "",
    "stage": 0
  },
  {
    "key": "Are we done yet? It starts getting cold.",
    "original": "Are we done yet? It starts getting cold.",
    "translation": "",
    "stage": 0
  },
  {
    "key": "Okay, okay.",
    "original": "Okay, okay.",
    "translation": "",
    "stage": 0
  },
  {
    "key": "End",
    "original": "End",
    "translation": "",
    "stage": 0
  },
  {
    "key": "Ah-ahhs! So good. ",
    "original": "Ah-ahhs! So good. ",
    "translation": "",
    "stage": 0
  },
  {
    "key": "\\C[2]Mr. Carter\\C[0] <br>",
    "original": "\\C[2]Mr. Carter\\C[0] <br>",
    "translation": "",
    "stage": 0
  },
  {
    "key": "Guahhgghh! You're so wet and tight as always.",
    "original": "Guahhgghh! You're so wet and tight as always.",
    "translation": "",
    "stage": 0
  },
  {
    "key": "Harder! I'm almost there.",
    "original": "Harder! I'm almost there.",
    "translation": "",
    "stage": 0
  },
  {
    "key": "Whoa! They're are still fighting hard as always.",
    "original": "Whoa! They're are still fighting hard as always.",
    "translation": "",
    "stage": 0
  },
  {
    "key": "How many times have I said, they're making love.",
    "original": "How many times have I said, they're making love.",
    "translation": "",
    "stage": 0
  },
  {
    "key": "Ohhhh, yessss!",
    "original": "Ohhhh, yessss!",
    "translation": "",
    "stage": 0
  },
  {
    "key": "I wonder how it feels...",
    "original": "I wonder how it feels...",
    "translation": "",
    "stage": 0
  },
  {
    "key": "It would be great I guess.",
    "original": "It would be great I guess.",
    "translation": "",
    "stage": 0
  },
  {
    "key": "Hey! Let's do it.",
    "original": "Hey! Let's do it.",
    "translation": "",
    "stage": 0
  },
  {
    "key": "Okay, I think here is far enough.",
    "original": "Okay, I think here is far enough.",
    "translation": "",
    "stage": 0
  },
  {
    "key": "I never get bored when I see it.",
    "original": "I never get bored when I see it.",
    "translation": "",
    "stage": 0
  },
  {
    "key": "It's so soft, I don't think you can put it on me at this stage.",
    "original": "It's so soft, I don't think you can put it on me at this stage.",
    "translation": "",
    "stage": 0
  },
  {
    "key": "What are we gonna do? I want to do the sex.",
    "original": "What are we gonna do? I want to do the sex.",
    "translation": "",
    "stage": 0
  },
  {
    "key": "Don't worry, As my mom sais it's a soft state. I can make it bigger and harder.",
    "original": "Don't worry, As my mom sais it's a soft state. I can make it bigger and harder.",
    "translation": "",
    "stage": 0
  },
  {
    "key": "Wow! So cool, I didn't know it could morph.",
    "original": "Wow! So cool, I didn't know it could morph.",
    "translation": "",
    "stage": 0
  },
  {
    "key": "So what to do now? ",
    "original": "So what to do now? ",
    "translation": "",
    "stage": 0
  },
  {
    "key": "Just stay still. I'll put it in my mouth.",
    "original": "Just stay still. I'll put it in my mouth.",
    "translation": "",
    "stage": 0
  },
  {
    "key": "It will grow bigger... I guess... I see my mom did it plenty of times.",
    "original": "It will grow bigger... I guess... I see my mom did it plenty of times.",
    "translation": "",
    "stage": 0
  },
  {
    "key": "!?",
    "original": "!?",
    "translation": "",
    "stage": 0
  },
  {
    "key": "Ha-ha!",
    "original": "Ha-ha!",
    "translation": "",
    "stage": 0
  },
  {
    "key": "Are you serious? It's where I pee.",
    "original": "Are you serious? It's where I pee.",
    "translation": "",
    "stage": 0
  },
  {
    "key": "You are simply drinking my piss indirectly.",
    "original": "You are simply drinking my piss indirectly.",
    "translation": "",
    "stage": 0
  },
  {
    "key": "It's very clean and it doesn't smell weird either.",
    "original": "It's very clean and it doesn't smell weird either.",
    "translation": "",
    "stage": 0
  },
  {
    "key": "Of course, I just had a shower and my mom washes it very clean every day.",
    "original": "Of course, I just had a shower and my mom washes it very clean every day.",
    "translation": "",
    "stage": 0
  },
  {
    "key": "Are you still bathing with your mother? You are such a baby boy.",
    "original": "Are you still bathing with your mother? You are such a baby boy.",
    "translation": "",
    "stage": 0
  },
  {
    "key": "I don't think that's strange at all.",
    "original": "I don't think that's strange at all.",
    "translation": "",
    "stage": 0
  },
  {
    "key": "Put that aside. I think it would be fine.",
    "original": "Put that aside. I think it would be fine.",
    "translation": "",
    "stage": 0
  },
  {
    "key": "It looks so yummy and edible. I've been wanting to try it in my mouth for a long time.",
    "original": "It looks so yummy and edible. I've been wanting to try it in my mouth for a long time.",
    "translation": "",
    "stage": 0
  },
  {
    "key": "Okay. Do what you want, but don't use your teeth.",
    "original": "Okay. Do what you want, but don't use your teeth.",
    "translation": "",
    "stage": 0
  },
  {
    "key": "Don't worry, I just put it in my mouth.",
    "original": "Don't worry, I just put it in my mouth.",
    "translation": "",
    "stage": 0
  },
  {
    "key": "Ahhh...",
    "original": "Ahhh...",
    "translation": "",
    "stage": 0
  },
  {
    "key": "Whoa! ",
    "original": "Whoa! ",
    "translation": "",
    "stage": 0
  },
  {
    "key": "Your breath, it's so warm. For some reason, it feels kind of good.",
    "original": "Your breath, it's so warm. For some reason, it feels kind of good.",
    "translation": "",
    "stage": 0
  },
  {
    "key": "Oohhh! ",
    "original": "Oohhh! ",
    "translation": "",
    "stage": 0
  },
  {
    "key": "Something wrong?",
    "original": "Something wrong?",
    "translation": "",
    "stage": 0
  },
  {
    "key": "No, I feel electric waves running through my body. ",
    "original": "No, I feel electric waves running through my body. ",
    "translation": "",
    "stage": 0
  },
  {
    "key": "It's super duper.",
    "original": "It's super duper.",
    "translation": "",
    "stage": 0
  },
  {
    "key": "Ooohhhhh...",
    "original": "Ooohhhhh...",
    "translation": "",
    "stage": 0
  },
  {
    "key": "Wow! What are you doing? ",
    "original": "Wow! What are you doing? ",
    "translation": "",
    "stage": 0
  },
  {
    "key": "I feel like my penis is being swallowed.",
    "original": "I feel like my penis is being swallowed.",
    "translation": "",
    "stage": 0
  },
  {
    "key": "I'm sucking it. The feeling is really interesting.",
    "original": "I'm sucking it. The feeling is really interesting.",
    "translation": "",
    "stage": 0
  },
  {
    "key": "I really love it!",
    "original": "I really love it!",
    "translation": "",
    "stage": 0
  },
  {
    "key": "Does it make you feel pain?",
    "original": "Does it make you feel pain?",
    "translation": "",
    "stage": 0
  },
  {
    "key": "No, it feels so much better.",
    "original": "No, it feels so much better.",
    "translation": "",
    "stage": 0
  },
  {
    "key": "Are you okay? ",
    "original": "Are you okay? ",
    "translation": "",
    "stage": 0
  },
  {
    "key": "It is throbbing so much, it felt like a living thing.",
    "original": "It is throbbing so much, it felt like a living thing.",
    "translation": "",
    "stage": 0
  },
  {
    "key": "Hurry up and put it out. I think my piss is about to shoot out.",
    "original": "Hurry up and put it out. I think my piss is about to shoot out.",
    "translation": "",
    "stage": 0
  },
  {
    "key": "Phew! So close.",
    "original": "Phew! So close.",
    "translation": "",
    "stage": 0
  },
  {
    "key": "You almost got a mouthful of my piss. You should thank me after this.",
    "original": "You almost got a mouthful of my piss. You should thank me after this.",
    "translation": "",
    "stage": 0
  },
  {
    "key": "I held it as best as I could... but some still came out.",
    "original": "I held it as best as I could... but some still came out.",
    "translation": "",
    "stage": 0
  },
  {
    "key": "Whoa! There is some white stuff leaking out.",
    "original": "Whoa! There is some white stuff leaking out.",
    "translation": "",
    "stage": 0
  },
  {
    "key": "Huh!? My piss looks a bit weird today.",
    "original": "Huh!? My piss looks a bit weird today.",
    "translation": "",
    "stage": 0
  },
  {
    "key": "I heard my mother say, if I'm not wrong, it looks like you just ejaculated. ",
    "original": "I heard my mother say, if I'm not wrong, it looks like you just ejaculated. ",
    "translation": "",
    "stage": 0
  },
  {
    "key": "It's sperm... I guess",
    "original": "It's sperm... I guess",
    "translation": "",
    "stage": 0
  },
  {
    "key": "What the hell even that?",
    "original": "What the hell even that?",
    "translation": "",
    "stage": 0
  },
  {
    "key": "I don't know, I guess a different kind of piss.",
    "original": "I don't know, I guess a different kind of piss.",
    "translation": "",
    "stage": 0
  },
  {
    "key": "Wow! Your pee pee is much bigger now.",
    "original": "Wow! Your pee pee is much bigger now.",
    "translation": "",
    "stage": 0
  },
  {
    "key": "It's morphing time.",
    "original": "It's morphing time.",
    "translation": "",
    "stage": 0
  },
  {
    "key": "It's already hard. I think it could go in at this state.",
    "original": "It's already hard. I think it could go in at this state.",
    "translation": "",
    "stage": 0
  },
  {
    "key": "Let's go!",
    "original": "Let's go!",
    "translation": "",
    "stage": 0
  },
  {
    "key": "Alright! Put it in my pussy.",
    "original": "Alright! Put it in my pussy.",
    "translation": "",
    "stage": 0
  },
  {
    "key": "You look so funny, I can even see your butthole.",
    "original": "You look so funny, I can even see your butthole.",
    "translation": "",
    "stage": 0
  },
  {
    "key": "I think your posture is not correct. You should be on four and point your butt to me or something.",
    "original": "I think your posture is not correct. You should be on four and point your butt to me or something.",
    "translation": "",
    "stage": 0
  },
  {
    "key": "This is the first time so I want to see it. ",
    "original": "This is the first time so I want to see it. ",
    "translation": "",
    "stage": 0
  },
  {
    "key": "I remember that your father put something on his penis.",
    "original": "I remember that your father put something on his penis.",
    "translation": "",
    "stage": 0
  },
  {
    "key": "Just put it in. I think it should be fine.",
    "original": "Just put it in. I think it should be fine.",
    "translation": "",
    "stage": 0
  },
  {
    "key": "It's so hard already. I don't think my legs can keep this for too long.",
    "original": "It's so hard already. I don't think my legs can keep this for too long.",
    "translation": "",
    "stage": 0
  },
  {
    "key": "Your pussy is so soft and fluffy.",
    "original": "Your pussy is so soft and fluffy.",
    "translation": "",
    "stage": 0
  },
  {
    "key": "My heart is beating so fast.",
    "original": "My heart is beating so fast.",
    "translation": "",
    "stage": 0
  },
  {
    "key": "What's going on?",
    "original": "What's going on?",
    "translation": "",
    "stage": 0
  },
  {
    "key": "I think we shouldn't do this. For some reason, I feel like your father will beat me to death if I put it in.",
    "original": "I think we shouldn't do this. For some reason, I feel like your father will beat me to death if I put it in.",
    "translation": "",
    "stage": 0
  },
  {
    "key": "I won't tell anyone, don't worry.",
    "original": "I won't tell anyone, don't worry.",
    "translation": "",
    "stage": 0
  },
  {
    "key": "Here we go!",
    "original": "Here we go!",
    "translation": "",
    "stage": 0
  },
  {
    "key": "It keeps slipping. I can't get it in.",
    "original": "It keeps slipping. I can't get it in.",
    "translation": "",
    "stage": 0
  },
  {
    "key": "Try few more times.",
    "original": "Try few more times.",
    "translation": "",
    "stage": 0
  },
  {
    "key": "It can't seem to go in. I guess this is not the right place, I should put it in your butthole instead?",
    "original": "It can't seem to go in. I guess this is not the right place, I should put it in your butthole instead?",
    "translation": "",
    "stage": 0
  },
  {
    "key": "Let's try this way.",
    "original": "Let's try this way.",
    "translation": "",
    "stage": 0
  },
  {
    "key": "Wow! So many holes here!",
    "original": "Wow! So many holes here!",
    "translation": "",
    "stage": 0
  },
  {
    "key": "Whoa! So much different now!",
    "original": "Whoa! So much different now!",
    "translation": "",
    "stage": 0
  },
  {
    "key": "I can feel it's going in.",
    "original": "I can feel it's going in.",
    "translation": "",
    "stage": 0
  },
  {
    "key": "Uuugghhh!",
    "original": "Uuugghhh!",
    "translation": "",
    "stage": 0
  },
  {
    "key": "!!?",
    "original": "!!?",
    "translation": "",
    "stage": 0
  },
  {
    "key": "!!? Are you okay?",
    "original": "!!? Are you okay?",
    "translation": "",
    "stage": 0
  },
  {
    "key": "I-I'm fine.",
    "original": "I-I'm fine.",
    "translation": "",
    "stage": 0
  },
  {
    "key": "Sorry! It's so slippery and wet. It went in easier than I thought.",
    "original": "Sorry! It's so slippery and wet. It went in easier than I thought.",
    "translation": "",
    "stage": 0
  },
  {
    "key": "I'm okay now. ",
    "original": "I'm okay now. ",
    "translation": "",
    "stage": 0
  },
  {
    "key": "It was a bit painful at first but it doesn't seem to hurt anymore.",
    "original": "It was a bit painful at first but it doesn't seem to hurt anymore.",
    "translation": "",
    "stage": 0
  },
  {
    "key": "Phew!",
    "original": "Phew!",
    "translation": "",
    "stage": 0
  },
  {
    "key": "Your pee pee is so big. It feels like I'm being stuffed up.",
    "original": "Your pee pee is so big. It feels like I'm being stuffed up.",
    "translation": "",
    "stage": 0
  },
  {
    "key": "Wow! It's wrapping me so tight, your inside is so warm. I can't imagine it feeling this good.",
    "original": "Wow! It's wrapping me so tight, your inside is so warm. I can't imagine it feeling this good.",
    "translation": "",
    "stage": 0
  },
  {
    "key": "I can't wait anymore. Hurry!",
    "original": "I can't wait anymore. Hurry!",
    "translation": "",
    "stage": 0
  },
  {
    "key": "Oouuhhh! ",
    "original": "Oouuhhh! ",
    "translation": "",
    "stage": 0
  },
  {
    "key": "It's so good. I can't stop squatting.",
    "original": "It's so good. I can't stop squatting.",
    "translation": "",
    "stage": 0
  },
  {
    "key": "I'm starting to feel a little numb in my legs. ",
    "original": "I'm starting to feel a little numb in my legs. ",
    "translation": "",
    "stage": 0
  },
  {
    "key": "Come on! I also feel great. It's so good, don't stop moving.",
    "original": "Come on! I also feel great. It's so good, don't stop moving.",
    "translation": "",
    "stage": 0
  },
  {
    "key": "Even if I want to I probably could't stop.",
    "original": "Even if I want to I probably could't stop.",
    "translation": "",
    "stage": 0
  },
  {
    "key": "It's way too good. They move on their own now and I can feel your pussy keep sucking my pee pee in.",
    "original": "It's way too good. They move on their own now and I can feel your pussy keep sucking my pee pee in.",
    "translation": "",
    "stage": 0
  },
  {
    "key": "Faster",
    "original": "Faster",
    "translation": "",
    "stage": 0
  },
  {
    "key": "Hah-hah... Right there, that feels amazing, \\n[1]!",
    "original": "Hah-hah... Right there, that feels amazing, \\n[1]!",
    "translation": "",
    "stage": 0
  },
  {
    "key": "Your pee pee is stretching me out but it's so good!",
    "original": "Your pee pee is stretching me out but it's so good!",
    "translation": "",
    "stage": 0
  },
  {
    "key": "Cum",
    "original": "Cum",
    "translation": "",
    "stage": 0
  },
  {
    "key": "I can't hold it anymore.",
    "original": "I can't hold it anymore.",
    "translation": "",
    "stage": 0
  },
  {
    "key": "Me too. Something about to go out.",
    "original": "Me too. Something about to go out.",
    "translation": "",
    "stage": 0
  },
  {
    "key": "Hah-hah... ",
    "original": "Hah-hah... ",
    "translation": "",
    "stage": 0
  },
  {
    "key": "It's so good. It keep coming out!",
    "original": "It's so good. It keep coming out!",
    "translation": "",
    "stage": 0
  },
  {
    "key": "Your pussy is throbbing and sucking me so hard!",
    "original": "Your pussy is throbbing and sucking me so hard!",
    "translation": "",
    "stage": 0
  },
  {
    "key": "Pull Out",
    "original": "Pull Out",
    "translation": "",
    "stage": 0
  },
  {
    "key": "Hah-hah... It was amazing.",
    "original": "Hah-hah... It was amazing.",
    "translation": "",
    "stage": 0
  },
  {
    "key": "My white piss came out like a ton.",
    "original": "My white piss came out like a ton.",
    "translation": "",
    "stage": 0
  },
  {
    "key": "Oh crap!",
    "original": "Oh crap!",
    "translation": "",
    "stage": 0
  },
  {
    "key": "I forgot to make it outside, I'm sorry!",
    "original": "I forgot to make it outside, I'm sorry!",
    "translation": "",
    "stage": 0
  },
  {
    "key": "Your piss is so warm, I can feel its warmth in my belly and I really love it.",
    "original": "Your piss is so warm, I can feel its warmth in my belly and I really love it.",
    "translation": "",
    "stage": 0
  },
  {
    "key": "I feel the same way too. Shooting it inside feels amazing. My penis is still throbbing.",
    "original": "I feel the same way too. Shooting it inside feels amazing. My penis is still throbbing.",
    "translation": "",
    "stage": 0
  },
  {
    "key": "Oh!",
    "original": "Oh!",
    "translation": "",
    "stage": 0
  },
  {
    "key": "It's still leaking out. You look so sexy now.",
    "original": "It's still leaking out. You look so sexy now.",
    "translation": "",
    "stage": 0
  },
  {
    "key": "My pee pee is hard again. Let's do another round.",
    "original": "My pee pee is hard again. Let's do another round.",
    "translation": "",
    "stage": 0
  },
  {
    "key": "Give me a break. ",
    "original": "Give me a break. ",
    "translation": "",
    "stage": 0
  },
  {
    "key": "I'm fine but I don't think I could do it anymore.",
    "original": "I'm fine but I don't think I could do it anymore.",
    "translation": "",
    "stage": 0
  },
  {
    "key": "Maybe tomorrow.",
    "original": "Maybe tomorrow.",
    "translation": "",
    "stage": 0
  },
  {
    "key": "Hell yeah, I can't wait for tomorrow to come.",
    "original": "Hell yeah, I can't wait for tomorrow to come.",
    "translation": "",
    "stage": 0
  },
  {
    "key": "Seriously! <br>",
    "original": "Seriously! <br>",
    "translation": "",
    "stage": 0
  },
  {
    "key": "Do you still bathe with your mother <br>",
    "original": "Do you still bathe with your mother <br>",
    "translation": "",
    "stage": 0
  },
  {
    "key": "and she even washes your Little Johnny?",
    "original": "and she even washes your Little Johnny?",
    "translation": "",
    "stage": 0
  },
  {
    "key": "What is wrong with that!?",
    "original": "What is wrong with that!?",
    "translation": "",
    "stage": 0
  },
  {
    "key": "Well, I don't know. <br>",
    "original": "Well, I don't know. <br>",
    "translation": "",
    "stage": 0
  },
  {
    "key": "Just a bit weird.",
    "original": "Just a bit weird.",
    "translation": "",
    "stage": 0
  },
  {
    "key": "Ahh... I'm all sticky! <br>",
    "original": "Ahh... I'm all sticky! <br>",
    "translation": "",
    "stage": 0
  },
  {
    "key": "Do you think it is okay?",
    "original": "Do you think it is okay?",
    "translation": "",
    "stage": 0
  },
  {
    "key": "I saw your dad use something on his dick while doing it.",
    "original": "I saw your dad use something on his dick while doing it.",
    "translation": "",
    "stage": 0
  },
  {
    "key": "Who knows!? <br>",
    "original": "Who knows!? <br>",
    "translation": "",
    "stage": 0
  },
  {
    "key": "Even if there is, <br>",
    "original": "Even if there is, <br>",
    "translation": "",
    "stage": 0
  },
  {
    "key": "I don't want a sock inside my pussy.",
    "original": "I don't want a sock inside my pussy.",
    "translation": "",
    "stage": 0
  },
  {
    "key": "Or you don't want to play it anymore? <br>",
    "original": "Or you don't want to play it anymore? <br>",
    "translation": "",
    "stage": 0
  },
  {
    "key": "Ha ha, you pussy!",
    "original": "Ha ha, you pussy!",
    "translation": "",
    "stage": 0
  },
  {
    "key": "That's not what I meant.",
    "original": "That's not what I meant.",
    "translation": "",
    "stage": 0
  },
  {
    "key": "You should go home and let your dear mommy wash your dick.",
    "original": "You should go home and let your dear mommy wash your dick.",
    "translation": "",
    "stage": 0
  },
  {
    "key": "I need to use it tomorrow.",
    "original": "I need to use it tomorrow.",
    "translation": "",
    "stage": 0
  },
  {
    "key": "Okay! <br>",
    "original": "Okay! <br>",
    "translation": "",
    "stage": 0
  },
  {
    "key": "See you tomorrow, \\C[20]Mae\\C[0]!",
    "original": "See you tomorrow, \\C[20]Mae\\C[0]!",
    "translation": "",
    "stage": 0
  },
  {
    "key": "\\C[21]Joyce\\C[0] <br>",
    "original": "\\C[21]Joyce\\C[0] <br>",
    "translation": "",
    "stage": 0
  },
  {
    "key": "Look at you, all dirty.",
    "original": "Look at you, all dirty.",
    "translation": "",
    "stage": 0
  },
  {
    "key": "I've played with \\C[20]Mae\\C[0]. <br>",
    "original": "I've played with \\C[20]Mae\\C[0]. <br>",
    "translation": "",
    "stage": 0
  },
  {
    "key": "We sweated a lot.",
    "original": "We sweated a lot.",
    "translation": "",
    "stage": 0
  },
  {
    "key": "Sweat is good. <br>",
    "original": "Sweat is good. <br>",
    "translation": "",
    "stage": 0
  },
  {
    "key": "Come to the bathroom, I need a bath too.",
    "original": "Come to the bathroom, I need a bath too.",
    "translation": "",
    "stage": 0
  },
  {
    "key": "Okay, Mom!",
    "original": "Okay, Mom!",
    "translation": "",
    "stage": 0
  },
  {
    "key": "It's all sticky! You probably sweat a lot.",
    "original": "It's all sticky! You probably sweat a lot.",
    "translation": "",
    "stage": 0
  },
  {
    "key": "What game did you play?",
    "original": "What game did you play?",
    "translation": "",
    "stage": 0
  },
  {
    "key": "I don't know. <br>",
    "original": "I don't know. <br>",
    "translation": "",
    "stage": 0
  },
  {
    "key": "It's kind of momentum, back and forth.",
    "original": "It's kind of momentum, back and forth.",
    "translation": "",
    "stage": 0
  },
  {
    "key": "A chase game? <br>",
    "original": "A chase game? <br>",
    "translation": "",
    "stage": 0
  },
  {
    "key": "It's a may a game but a good exercise. <br>",
    "original": "It's a may a game but a good exercise. <br>",
    "translation": "",
    "stage": 0
  },
  {
    "key": "You've made a good friend.",
    "original": "You've made a good friend.",
    "translation": "",
    "stage": 0
  },
  {
    "key": "Why don't you buy her some snacks tomorrow? <br>",
    "original": "Why don't you buy her some snacks tomorrow? <br>",
    "translation": "",
    "stage": 0
  },
  {
    "key": "She will definitely love it.",
    "original": "She will definitely love it.",
    "translation": "",
    "stage": 0
  },
  {
    "key": "Sure, Mom!",
    "original": "Sure, Mom!",
    "translation": "",
    "stage": 0
  },
  {
    "key": "Oh my!",
    "original": "Oh my!",
    "translation": "",
    "stage": 0
  },
  {
    "key": "My son's weenie is so big. <br>",
    "original": "My son's weenie is so big. <br>",
    "translation": "",
    "stage": 0
  },
  {
    "key": "I wash it every day and I can't help myself from surprising.",
    "original": "I wash it every day and I can't help myself from surprising.",
    "translation": "",
    "stage": 0
  },
  {
    "key": "It's time to wash your most important part. <br>",
    "original": "It's time to wash your most important part. <br>",
    "translation": "",
    "stage": 0
  },
  {
    "key": "You need to keep yourself clean. No girls like a stinky boy.",
    "original": "You need to keep yourself clean. No girls like a stinky boy.",
    "translation": "",
    "stage": 0
  },
  {
    "key": "Hah hah... <br>",
    "original": "Hah hah... <br>",
    "translation": "",
    "stage": 0
  },
  {
    "key": "It's so good, Mom...",
    "original": "It's so good, Mom...",
    "translation": "",
    "stage": 0
  },
  {
    "key": "Huh!? <br>",
    "original": "Huh!? <br>",
    "translation": "",
    "stage": 0
  },
  {
    "key": "Is my son's dick a bit stiff? ",
    "original": "Is my son's dick a bit stiff? ",
    "translation": "",
    "stage": 0
  },
  {
    "key": "He normally doesn't say something like that...",
    "original": "He normally doesn't say something like that...",
    "translation": "",
    "stage": 0
  },
  {
    "key": "It's getting weird... I should finish it quickly.",
    "original": "It's getting weird... I should finish it quickly.",
    "translation": "",
    "stage": 0
  },
  {
    "key": "Mom... <br>",
    "original": "Mom... <br>",
    "translation": "",
    "stage": 0
  },
  {
    "key": "My peepee is so sensitive!",
    "original": "My peepee is so sensitive!",
    "translation": "",
    "stage": 0
  },
  {
    "key": "Hold with it, honey.",
    "original": "Hold with it, honey.",
    "translation": "",
    "stage": 0
  },
  {
    "key": "We need to wash it properly.  <br>",
    "original": "We need to wash it properly.  <br>",
    "translation": "",
    "stage": 0
  },
  {
    "key": "It will end quickly.",
    "original": "It will end quickly.",
    "translation": "",
    "stage": 0
  },
  {
    "key": "I... I... can't, Mom! <br>",
    "original": "I... I... can't, Mom! <br>",
    "translation": "",
    "stage": 0
  },
  {
    "key": "It feels too good!",
    "original": "It feels too good!",
    "translation": "",
    "stage": 0
  },
  {
    "key": "I can't keep it anymore!!!",
    "original": "I can't keep it anymore!!!",
    "translation": "",
    "stage": 0
  },
  {
    "key": "It's coming!!!",
    "original": "It's coming!!!",
    "translation": "",
    "stage": 0
  },
  {
    "key": "What!?",
    "original": "What!?",
    "translation": "",
    "stage": 0
  },
  {
    "key": "Oh my goodness! <br>",
    "original": "Oh my goodness! <br>",
    "translation": "",
    "stage": 0
  },
  {
    "key": "Did I just make him cum!?",
    "original": "Did I just make him cum!?",
    "translation": "",
    "stage": 0
  },
  {
    "key": "Your washing is the best, Mom...",
    "original": "Your washing is the best, Mom...",
    "translation": "",
    "stage": 0
  },
  {
    "key": "He let out so much... and it's so hot...",
    "original": "He let out so much... and it's so hot...",
    "translation": "",
    "stage": 0
  },
  {
    "key": "And-And that how to wash your weenie. <br>",
    "original": "And-And that how to wash your weenie. <br>",
    "translation": "",
    "stage": 0
  },
  {
    "key": "You should do this by yourself from now on.",
    "original": "You should do this by yourself from now on.",
    "translation": "",
    "stage": 0
  },
  {
    "key": "Why Mom!? <br>",
    "original": "Why Mom!? <br>",
    "translation": "",
    "stage": 0
  },
  {
    "key": "Don't you wash it all the time?",
    "original": "Don't you wash it all the time?",
    "translation": "",
    "stage": 0
  },
  {
    "key": "You're a boy, son.",
    "original": "You're a boy, son.",
    "translation": "",
    "stage": 0
  },
  {
    "key": "You need to do it by yourself.",
    "original": "You need to do it by yourself.",
    "translation": "",
    "stage": 0
  },
  {
    "key": "That's my boy!",
    "original": "That's my boy!",
    "translation": "",
    "stage": 0
  }
]