[
  {
    "key": "Me <br>",
    "original": "Me <br>",
    "translation": "我 <br>",
    "stage": 1
  },
  {
    "key": "What is this statue? ",
    "original": "What is this statue? ",
    "translation": "这雕像是什么？",
    "stage": 1
  },
  {
    "key": "There is a lever here.",
    "original": "There is a lever here.",
    "translation": "这有根拉杆",
    "stage": 1
  },
  {
    "key": "What is that sound!? I think I just opened something. ",
    "original": "What is that sound!? I think I just opened something. ",
    "translation": "什么声音？！我是打开了什么东西吗？",
    "stage": 1
  },
  {
    "key": "It's broken...",
    "original": "It's broken...",
    "translation": "坏掉了……",
    "stage": 1
  },
  {
    "key": "I broke the handle...",
    "original": "I broke the handle...",
    "translation": "我把把手弄坏了……",
    "stage": 1
  },
  {
    "key": "My Clothes.",
    "original": "My Clothes.",
    "translation": "我的衣服",
    "stage": 1
  },
  {
    "key": "What is this thing?",
    "original": "What is this thing?",
    "translation": "这是什么东西？",
    "stage": 1
  }
]