[
  {
    "key": "\\C[2]Anna\\C[0] <br>",
    "original": "\\C[2]Anna\\C[0] <br>",
    "translation": "",
    "stage": 0
  },
  {
    "key": "Mom!",
    "original": "Mom!",
    "translation": "",
    "stage": 0
  },
  {
    "key": "\\C[20]Auntie Daisy\\C[0] <br>",
    "original": "\\C[20]Auntie Daisy\\C[0] <br>",
    "translation": "",
    "stage": 0
  },
  {
    "key": "What is it, \\C[2]Anna\\C[0]?",
    "original": "What is it, \\C[2]Anna\\C[0]?",
    "translation": "",
    "stage": 0
  },
  {
    "key": "Mom, I found something really cool!",
    "original": "Mom, I found something really cool!",
    "translation": "",
    "stage": 0
  },
  {
    "key": "What is it? Let's me see it.",
    "original": "What is it? Let's me see it.",
    "translation": "",
    "stage": 0
  },
  {
    "key": "WHAT!? Where did you get it from?",
    "original": "WHAT!? Where did you get it from?",
    "translation": "",
    "stage": 0
  },
  {
    "key": "Huh? I found it in \\n[1]'s room.",
    "original": "Huh? I found it in \\n[1]'s room.",
    "translation": "",
    "stage": 0
  },
  {
    "key": "\\n[1]!!!",
    "original": "\\n[1]!!!",
    "translation": "",
    "stage": 0
  },
  {
    "key": "He reads this kind of book?",
    "original": "He reads this kind of book?",
    "translation": "",
    "stage": 0
  },
  {
    "key": "Mom, they look like having fun. Can we do it?",
    "original": "Mom, they look like having fun. Can we do it?",
    "translation": "",
    "stage": 0
  },
  {
    "key": "No, we can't do this kind of thing!",
    "original": "No, we can't do this kind of thing!",
    "translation": "",
    "stage": 0
  },
  {
    "key": "Why mom?",
    "original": "Why mom?",
    "translation": "",
    "stage": 0
  },
  {
    "key": "Just can't!",
    "original": "Just can't!",
    "translation": "",
    "stage": 0
  },
  {
    "key": "Eh, fine. I will do it with \\n[1].",
    "original": "Eh, fine. I will do it with \\n[1].",
    "translation": "",
    "stage": 0
  },
  {
    "key": "What? Wait!",
    "original": "What? Wait!",
    "translation": "",
    "stage": 0
  },
  {
    "key": "Fine.",
    "original": "Fine.",
    "translation": "",
    "stage": 0
  },
  {
    "key": "\\n[1], you bring me so many troubles.",
    "original": "\\n[1], you bring me so many troubles.",
    "translation": "",
    "stage": 0
  },
  {
    "key": "Me <br>",
    "original": "Me <br>",
    "translation": "",
    "stage": 0
  },
  {
    "key": "Shit! The magazine that \\C[22]Theo\\C[0] gave me.",
    "original": "Shit! The magazine that \\C[22]Theo\\C[0] gave me.",
    "translation": "",
    "stage": 0
  },
  {
    "key": "How did \\C[2]Anna\\C[0] find it? I hid it very well. ",
    "original": "How did \\C[2]Anna\\C[0] find it? I hid it very well. ",
    "translation": "",
    "stage": 0
  },
  {
    "key": "Aunite will beat me to death.",
    "original": "Aunite will beat me to death.",
    "translation": "",
    "stage": 0
  },
  {
    "key": "!!!",
    "original": "!!!",
    "translation": "",
    "stage": 0
  },
  {
    "key": "Whoa! Your boobs are so big, mom!",
    "original": "Whoa! Your boobs are so big, mom!",
    "translation": "",
    "stage": 0
  },
  {
    "key": "Wow! It's so soft.",
    "original": "Wow! It's so soft.",
    "translation": "",
    "stage": 0
  },
  {
    "key": "Next",
    "original": "Next",
    "translation": "",
    "stage": 0
  },
  {
    "key": "My nipple is so sensitive. I can feel an electric current flowing through my spine every time she kisses and licks. ",
    "original": "My nipple is so sensitive. I can feel an electric current flowing through my spine every time she kisses and licks. ",
    "translation": "",
    "stage": 0
  },
  {
    "key": "Did you feel good, mom? In the magazine they're kind of enjoying this.",
    "original": "Did you feel good, mom? In the magazine they're kind of enjoying this.",
    "translation": "",
    "stage": 0
  },
  {
    "key": "It... It feels good.",
    "original": "It... It feels good.",
    "translation": "",
    "stage": 0
  },
  {
    "key": "Really! I want to know how it feels too.",
    "original": "Really! I want to know how it feels too.",
    "translation": "",
    "stage": 0
  },
  {
    "key": "Okay, lay down.",
    "original": "Okay, lay down.",
    "translation": "",
    "stage": 0
  },
  {
    "key": "...",
    "original": "...",
    "translation": "",
    "stage": 0
  },
  {
    "key": "Damn, my dick already rock hard.",
    "original": "Damn, my dick already rock hard.",
    "translation": "",
    "stage": 0
  },
  {
    "key": "I wanna join them so badly.",
    "original": "I wanna join them so badly.",
    "translation": "",
    "stage": 0
  },
  {
    "key": "Better get out of here.",
    "original": "Better get out of here.",
    "translation": "",
    "stage": 0
  },
  {
    "key": "Auntie may be furious. I don't want to get a slap on my face.",
    "original": "Auntie may be furious. I don't want to get a slap on my face.",
    "translation": "",
    "stage": 0
  },
  {
    "key": "End",
    "original": "End",
    "translation": "",
    "stage": 0
  },
  {
    "key": "It's really late and I have work tomorrow. ",
    "original": "It's really late and I have work tomorrow. ",
    "translation": "",
    "stage": 0
  },
  {
    "key": "Mom, I saw another one of those magazines.",
    "original": "Mom, I saw another one of those magazines.",
    "translation": "",
    "stage": 0
  },
  {
    "key": "What? Didn't I tell you not to take other people's things without permission? ",
    "original": "What? Didn't I tell you not to take other people's things without permission? ",
    "translation": "",
    "stage": 0
  },
  {
    "key": "I'm too tired. You should go to sleep and return it to \\n[1] tomorrow.",
    "original": "I'm too tired. You should go to sleep and return it to \\n[1] tomorrow.",
    "translation": "",
    "stage": 0
  },
  {
    "key": "But mom, I'm really interested in what boys usually read.",
    "original": "But mom, I'm really interested in what boys usually read.",
    "translation": "",
    "stage": 0
  },
  {
    "key": "No, you need to off for doing such things...",
    "original": "No, you need to off for doing such things...",
    "translation": "",
    "stage": 0
  },
  {
    "key": "Mom, does it really feels nice when another girl touches you there?",
    "original": "Mom, does it really feels nice when another girl touches you there?",
    "translation": "",
    "stage": 0
  },
  {
    "key": "Fine. I don't feel like sleeping anymore.",
    "original": "Fine. I don't feel like sleeping anymore.",
    "translation": "",
    "stage": 0
  },
  {
    "key": "What did you read this time? Was it something...strange too?",
    "original": "What did you read this time? Was it something...strange too?",
    "translation": "",
    "stage": 0
  },
  {
    "key": "Yay!",
    "original": "Yay!",
    "translation": "",
    "stage": 0
  },
  {
    "key": "Whoa, your boobs are so big, mom.",
    "original": "Whoa, your boobs are so big, mom.",
    "translation": "",
    "stage": 0
  },
  {
    "key": "Let's do it quickly. Don't you feel embarrassed?",
    "original": "Let's do it quickly. Don't you feel embarrassed?",
    "translation": "",
    "stage": 0
  },
  {
    "key": "Let me take your panties off.",
    "original": "Let me take your panties off.",
    "translation": "",
    "stage": 0
  },
  {
    "key": "Wow, mom!",
    "original": "Wow, mom!",
    "translation": "",
    "stage": 0
  },
  {
    "key": "You look so sexy. ",
    "original": "You look so sexy. ",
    "translation": "",
    "stage": 0
  },
  {
    "key": "He-he.",
    "original": "He-he.",
    "translation": "",
    "stage": 0
  },
  {
    "key": "You're so warm, mom.",
    "original": "You're so warm, mom.",
    "translation": "",
    "stage": 0
  },
  {
    "key": "The girls in the magazine really liked it...Can I show you?",
    "original": "The girls in the magazine really liked it...Can I show you?",
    "translation": "",
    "stage": 0
  },
  {
    "key": "How is it, mom? Is it feel good?",
    "original": "How is it, mom? Is it feel good?",
    "translation": "",
    "stage": 0
  },
  {
    "key": "This is so fun.",
    "original": "This is so fun.",
    "translation": "",
    "stage": 0
  },
  {
    "key": "Mmmm...",
    "original": "Mmmm...",
    "translation": "",
    "stage": 0
  },
  {
    "key": "Are you okay, mom? Did it hurt?",
    "original": "Are you okay, mom? Did it hurt?",
    "translation": "",
    "stage": 0
  },
  {
    "key": "It...It's all fine. ",
    "original": "It...It's all fine. ",
    "translation": "",
    "stage": 0
  },
  {
    "key": "It's so good.",
    "original": "It's so good.",
    "translation": "",
    "stage": 0
  },
  {
    "key": "Mhhmmm...",
    "original": "Mhhmmm...",
    "translation": "",
    "stage": 0
  },
  {
    "key": "Aahhh... It feels so nice, mom.",
    "original": "Aahhh... It feels so nice, mom.",
    "translation": "",
    "stage": 0
  },
  {
    "key": "Faster",
    "original": "Faster",
    "translation": "",
    "stage": 0
  },
  {
    "key": "Slower",
    "original": "Slower",
    "translation": "",
    "stage": 0
  },
  {
    "key": "It was amazing as I expected, mom. ",
    "original": "It was amazing as I expected, mom. ",
    "translation": "",
    "stage": 0
  },
  {
    "key": "I can't do anything with you. Okay, it's sleeping time, you need to go back to your room and sleep.",
    "original": "I can't do anything with you. Okay, it's sleeping time, you need to go back to your room and sleep.",
    "translation": "",
    "stage": 0
  },
  {
    "key": "What are you saying, mom?",
    "original": "What are you saying, mom?",
    "translation": "",
    "stage": 0
  },
  {
    "key": "The girls were also fighting in that book!",
    "original": "The girls were also fighting in that book!",
    "translation": "",
    "stage": 0
  },
  {
    "key": "What!?",
    "original": "What!?",
    "translation": "",
    "stage": 0
  },
  {
    "key": "They were hugging each other and then one of them grappled another with her legs. It looked so funny!",
    "original": "They were hugging each other and then one of them grappled another with her legs. It looked so funny!",
    "translation": "",
    "stage": 0
  },
  {
    "key": "Ahh. \\C[2]Anna\\C[0], what are you doing?",
    "original": "Ahh. \\C[2]Anna\\C[0], what are you doing?",
    "translation": "",
    "stage": 0
  },
  {
    "key": "Mom, this feels much better.",
    "original": "Mom, this feels much better.",
    "translation": "",
    "stage": 0
  },
  {
    "key": "It feels so good, mom.",
    "original": "It feels so good, mom.",
    "translation": "",
    "stage": 0
  },
  {
    "key": "Cum",
    "original": "Cum",
    "translation": "",
    "stage": 0
  },
  {
    "key": "I can't stop it, mom. Something is about to come out.",
    "original": "I can't stop it, mom. Something is about to come out.",
    "translation": "",
    "stage": 0
  },
  {
    "key": "Hah-hah...",
    "original": "Hah-hah...",
    "translation": "",
    "stage": 0
  },
  {
    "key": "It's amazing, mom.",
    "original": "It's amazing, mom.",
    "translation": "",
    "stage": 0
  },
  {
    "key": "WOO!!! It's \\c[2]Christmas\\c[0]!",
    "original": "WOO!!! It's \\c[2]Christmas\\c[0]!",
    "translation": "",
    "stage": 0
  },
  {
    "key": "Me  <br>",
    "original": "Me  <br>",
    "translation": "",
    "stage": 0
  },
  {
    "key": "I better prepare myself, as there is school today!",
    "original": "I better prepare myself, as there is school today!",
    "translation": "",
    "stage": 0
  },
  {
    "key": "Let's go!",
    "original": "Let's go!",
    "translation": "",
    "stage": 0
  },
  {
    "key": "I need to understand why \\n[1] is bringing this again and again.",
    "original": "I need to understand why \\n[1] is bringing this again and again.",
    "translation": "",
    "stage": 0
  },
  {
    "key": "Ahh...",
    "original": "Ahh...",
    "translation": "",
    "stage": 0
  },
  {
    "key": "So good...",
    "original": "So good...",
    "translation": "",
    "stage": 0
  },
  {
    "key": "\\C[2]Anna\\C[0]... My sweetheart...",
    "original": "\\C[2]Anna\\C[0]... My sweetheart...",
    "translation": "",
    "stage": 0
  },
  {
    "key": "Mom loves you more than you know...",
    "original": "Mom loves you more than you know...",
    "translation": "",
    "stage": 0
  },
  {
    "key": "I know these thoughts are too lewd to be thought of...",
    "original": "I know these thoughts are too lewd to be thought of...",
    "translation": "",
    "stage": 0
  },
  {
    "key": "I know they are wrong...",
    "original": "I know they are wrong...",
    "translation": "",
    "stage": 0
  },
  {
    "key": "But it just feels so good down there...",
    "original": "But it just feels so good down there...",
    "translation": "",
    "stage": 0
  },
  {
    "key": "And my baby loves mommy so much, why wouldn’t we feel good together...",
    "original": "And my baby loves mommy so much, why wouldn’t we feel good together...",
    "translation": "",
    "stage": 0
  },
  {
    "key": "\\C[2]Anna\\C[0]!",
    "original": "\\C[2]Anna\\C[0]!",
    "translation": "",
    "stage": 0
  },
  {
    "key": "What are you doing here?!? You should be in bed.",
    "original": "What are you doing here?!? You should be in bed.",
    "translation": "",
    "stage": 0
  },
  {
    "key": "I hear your moans.",
    "original": "I hear your moans.",
    "translation": "",
    "stage": 0
  },
  {
    "key": "Anyway, I knew it.",
    "original": "Anyway, I knew it.",
    "translation": "",
    "stage": 0
  },
  {
    "key": "You took it yourself this time!",
    "original": "You took it yourself this time!",
    "translation": "",
    "stage": 0
  },
  {
    "key": "I thought you didn't want this to ever happen again.",
    "original": "I thought you didn't want this to ever happen again.",
    "translation": "",
    "stage": 0
  },
  {
    "key": "Honey... I-I don't know what came over me.",
    "original": "Honey... I-I don't know what came over me.",
    "translation": "",
    "stage": 0
  },
  {
    "key": "Did you like it too, mom?",
    "original": "Did you like it too, mom?",
    "translation": "",
    "stage": 0
  },
  {
    "key": "\\C[2]Anna\\C[0], I...",
    "original": "\\C[2]Anna\\C[0], I...",
    "translation": "",
    "stage": 0
  },
  {
    "key": "Can we do this? It looks funny and interesting.",
    "original": "Can we do this? It looks funny and interesting.",
    "translation": "",
    "stage": 0
  },
  {
    "key": "Sit on my face, honey.",
    "original": "Sit on my face, honey.",
    "translation": "",
    "stage": 0
  },
  {
    "key": "I liked it, let me do this too! I want you to feel that too!",
    "original": "I liked it, let me do this too! I want you to feel that too!",
    "translation": "",
    "stage": 0
  },
  {
    "key": "Why do I feel so horny?",
    "original": "Why do I feel so horny?",
    "translation": "",
    "stage": 0
  },
  {
    "key": "I’ve never felt something like this before. This is scary...",
    "original": "I’ve never felt something like this before. This is scary...",
    "translation": "",
    "stage": 0
  },
  {
    "key": "How does this feel, \\C[2]Anna\\C[0]?",
    "original": "How does this feel, \\C[2]Anna\\C[0]?",
    "translation": "",
    "stage": 0
  },
  {
    "key": "So good, mom!",
    "original": "So good, mom!",
    "translation": "",
    "stage": 0
  },
  {
    "key": "You’re going too hard, \\C[2]Anna\\C[0].",
    "original": "You’re going too hard, \\C[2]Anna\\C[0].",
    "translation": "",
    "stage": 0
  },
  {
    "key": "You’re going to break your mom like that...",
    "original": "You’re going to break your mom like that...",
    "translation": "",
    "stage": 0
  },
  {
    "key": "Mom! I feel something.",
    "original": "Mom! I feel something.",
    "translation": "",
    "stage": 0
  },
  {
    "key": "Something’s coming!",
    "original": "Something’s coming!",
    "translation": "",
    "stage": 0
  },
  {
    "key": "Something warm.",
    "original": "Something warm.",
    "translation": "",
    "stage": 0
  },
  {
    "key": "Let it all out, sweetie.",
    "original": "Let it all out, sweetie.",
    "translation": "",
    "stage": 0
  },
  {
    "key": "Ahh! Oh no, I can’t hold it...",
    "original": "Ahh! Oh no, I can’t hold it...",
    "translation": "",
    "stage": 0
  },
  {
    "key": "Mom is going to cum too.",
    "original": "Mom is going to cum too.",
    "translation": "",
    "stage": 0
  },
  {
    "key": "\\C[2]Anna\\C[0] and \\C[20]Daisy\\C[0]<br>",
    "original": "\\C[2]Anna\\C[0] and \\C[20]Daisy\\C[0]<br>",
    "translation": "",
    "stage": 0
  },
  {
    "key": "Ahh!!!!",
    "original": "Ahh!!!!",
    "translation": "",
    "stage": 0
  },
  {
    "key": "That was so good, mom...",
    "original": "That was so good, mom...",
    "translation": "",
    "stage": 0
  },
  {
    "key": "Me too, honey...",
    "original": "Me too, honey...",
    "translation": "",
    "stage": 0
  },
  {
    "key": "What... What are you wearing, Auntie?",
    "original": "What... What are you wearing, Auntie?",
    "translation": "",
    "stage": 0
  },
  {
    "key": "This is my nightgown. I always wear this when I go to bed.",
    "original": "This is my nightgown. I always wear this when I go to bed.",
    "translation": "",
    "stage": 0
  },
  {
    "key": "Is there something wrong with it, sweetie?",
    "original": "Is there something wrong with it, sweetie?",
    "translation": "",
    "stage": 0
  },
  {
    "key": "Erhh... it... there's nothing wrong with... it's way too exposing.",
    "original": "Erhh... it... there's nothing wrong with... it's way too exposing.",
    "translation": "",
    "stage": 0
  },
  {
    "key": "Especially, when there's a man in this house...",
    "original": "Especially, when there's a man in this house...",
    "translation": "",
    "stage": 0
  },
  {
    "key": "A man? who?",
    "original": "A man? who?",
    "translation": "",
    "stage": 0
  },
  {
    "key": "What do you mean who? Me, of course.",
    "original": "What do you mean who? Me, of course.",
    "translation": "",
    "stage": 0
  },
  {
    "key": "Haha, you'll always be my little boy, sweetie.",
    "original": "Haha, you'll always be my little boy, sweetie.",
    "translation": "",
    "stage": 0
  },
  {
    "key": "*Yawn*",
    "original": "*Yawn*",
    "translation": "",
    "stage": 0
  },
  {
    "key": "It's getting late. You better go to bed now.",
    "original": "It's getting late. You better go to bed now.",
    "translation": "",
    "stage": 0
  },
  {
    "key": "Sleep well, sweetie!",
    "original": "Sleep well, sweetie!",
    "translation": "",
    "stage": 0
  },
  {
    "key": "Oh, okay. Good night, Auntie!",
    "original": "Oh, okay. Good night, Auntie!",
    "translation": "",
    "stage": 0
  },
  {
    "key": "Auntie, you look tired.",
    "original": "Auntie, you look tired.",
    "translation": "",
    "stage": 0
  },
  {
    "key": "Recently, my shoulders have been hurting.",
    "original": "Recently, my shoulders have been hurting.",
    "translation": "",
    "stage": 0
  },
  {
    "key": "That might be why.",
    "original": "That might be why.",
    "translation": "",
    "stage": 0
  },
  {
    "key": "Nah, it's because of your massive boobs, Obviously.",
    "original": "Nah, it's because of your massive boobs, Obviously.",
    "translation": "",
    "stage": 0
  },
  {
    "key": "But, I can't say that.",
    "original": "But, I can't say that.",
    "translation": "",
    "stage": 0
  },
  {
    "key": "I think it's because of the farm work.",
    "original": "I think it's because of the farm work.",
    "translation": "",
    "stage": 0
  },
  {
    "key": "I can give you a massage to help ease the pain, If you want me to.",
    "original": "I can give you a massage to help ease the pain, If you want me to.",
    "translation": "",
    "stage": 0
  },
  {
    "key": "My Mom was always happy when I did it for her.",
    "original": "My Mom was always happy when I did it for her.",
    "translation": "",
    "stage": 0
  },
  {
    "key": "How kind, sweetie. And thank you for the offer. I appreciate it.",
    "original": "How kind, sweetie. And thank you for the offer. I appreciate it.",
    "translation": "",
    "stage": 0
  },
  {
    "key": "\\C[20]Auntie Daisy\\C[0]: \\C[3]+5\\C[0] <br>",
    "original": "\\C[20]Auntie Daisy\\C[0]: \\C[3]+5\\C[0] <br>",
    "translation": "",
    "stage": 0
  },
  {
    "key": "\\C[20]Auntie Daisy\\C[0]: \\v[21]",
    "original": "\\C[20]Auntie Daisy\\C[0]: \\v[21]",
    "translation": "",
    "stage": 0
  },
  {
    "key": "Massage",
    "original": "Massage",
    "translation": "",
    "stage": 0
  },
  {
    "key": "Sleep",
    "original": "Sleep",
    "translation": "",
    "stage": 0
  },
  {
    "key": "\\c[17]Lady Box\\c[0]\\i[154]",
    "original": "\\c[17]Lady Box\\c[0]\\i[154]",
    "translation": "",
    "stage": 0
  },
  {
    "key": "Leave",
    "original": "Leave",
    "translation": "",
    "stage": 0
  },
  {
    "key": "It took quite a while to learn how to massage from the book I bought last time.",
    "original": "It took quite a while to learn how to massage from the book I bought last time.",
    "translation": "",
    "stage": 0
  },
  {
    "key": "My dick was always hard the whole time I read it.",
    "original": "My dick was always hard the whole time I read it.",
    "translation": "",
    "stage": 0
  },
  {
    "key": "Such a good book. ",
    "original": "Such a good book. ",
    "translation": "",
    "stage": 0
  },
  {
    "key": "Don't know if it works on Auntie but it has a shitty high price so probably could do something...",
    "original": "Don't know if it works on Auntie but it has a shitty high price so probably could do something...",
    "translation": "",
    "stage": 0
  },
  {
    "key": "Hey, Auntie!",
    "original": "Hey, Auntie!",
    "translation": "",
    "stage": 0
  },
  {
    "key": "I just learned a few massage techniques. Can I try it on you?",
    "original": "I just learned a few massage techniques. Can I try it on you?",
    "translation": "",
    "stage": 0
  },
  {
    "key": "I'm sure it will make you feel better.",
    "original": "I'm sure it will make you feel better.",
    "translation": "",
    "stage": 0
  },
  {
    "key": "He remembered the discomfort with my shoulder...",
    "original": "He remembered the discomfort with my shoulder...",
    "translation": "",
    "stage": 0
  },
  {
    "key": "What a thoughtful person he is growing up to be.",
    "original": "What a thoughtful person he is growing up to be.",
    "translation": "",
    "stage": 0
  },
  {
    "key": "Ohhh! You're so sweet.",
    "original": "Ohhh! You're so sweet.",
    "translation": "",
    "stage": 0
  },
  {
    "key": "Go ahead.",
    "original": "Go ahead.",
    "translation": "",
    "stage": 0
  },
  {
    "key": "Auntie, your straps are kinda in the way, can I move them a bit?",
    "original": "Auntie, your straps are kinda in the way, can I move them a bit?",
    "translation": "",
    "stage": 0
  },
  {
    "key": "Sure, move them until you feel comfortable.",
    "original": "Sure, move them until you feel comfortable.",
    "translation": "",
    "stage": 0
  },
  {
    "key": "Shoulder Massage",
    "original": "Shoulder Massage",
    "translation": "",
    "stage": 0
  },
  {
    "key": "Boobs Massage",
    "original": "Boobs Massage",
    "translation": "",
    "stage": 0
  },
  {
    "key": "Here you go...",
    "original": "Here you go...",
    "translation": "",
    "stage": 0
  },
  {
    "key": "What kind of oil is this?",
    "original": "What kind of oil is this?",
    "translation": "",
    "stage": 0
  },
  {
    "key": "It feels so good.",
    "original": "It feels so good.",
    "translation": "",
    "stage": 0
  },
  {
    "key": "I bought it from a friend. Now relax.",
    "original": "I bought it from a friend. Now relax.",
    "translation": "",
    "stage": 0
  },
  {
    "key": "Just like that.",
    "original": "Just like that.",
    "translation": "",
    "stage": 0
  },
  {
    "key": "Okay, just follow what I've learned...",
    "original": "Okay, just follow what I've learned...",
    "translation": "",
    "stage": 0
  },
  {
    "key": "Damn, Auntie's skin is so smooth and soft...",
    "original": "Damn, Auntie's skin is so smooth and soft...",
    "translation": "",
    "stage": 0
  },
  {
    "key": "Auntie, I’m going to move down and rub you all over.",
    "original": "Auntie, I’m going to move down and rub you all over.",
    "translation": "",
    "stage": 0
  },
  {
    "key": "Mhmm...",
    "original": "Mhmm...",
    "translation": "",
    "stage": 0
  },
  {
    "key": "Looks like I bought the right one.",
    "original": "Looks like I bought the right one.",
    "translation": "",
    "stage": 0
  },
  {
    "key": "She seems lost in pleasure.",
    "original": "She seems lost in pleasure.",
    "translation": "",
    "stage": 0
  },
  {
    "key": "It feels so hot down there...",
    "original": "It feels so hot down there...",
    "translation": "",
    "stage": 0
  },
  {
    "key": "Every time he rubs the oil on me, I get an electric tingle in my pussy...",
    "original": "Every time he rubs the oil on me, I get an electric tingle in my pussy...",
    "translation": "",
    "stage": 0
  },
  {
    "key": "He’s rubbing my boobs...",
    "original": "He’s rubbing my boobs...",
    "translation": "",
    "stage": 0
  },
  {
    "key": "His hands are melting into my body...",
    "original": "His hands are melting into my body...",
    "translation": "",
    "stage": 0
  },
  {
    "key": "How is it, Auntie?",
    "original": "How is it, Auntie?",
    "translation": "",
    "stage": 0
  },
  {
    "key": "It's amazing... your massage skill... increased a lot since the last time.",
    "original": "It's amazing... your massage skill... increased a lot since the last time.",
    "translation": "",
    "stage": 0
  },
  {
    "key": "It's amazing... your massage skill... keeps getting better and better...",
    "original": "It's amazing... your massage skill... keeps getting better and better...",
    "translation": "",
    "stage": 0
  },
  {
    "key": "Keep going, \\n[1].",
    "original": "Keep going, \\n[1].",
    "translation": "",
    "stage": 0
  },
  {
    "key": "Oh my goodness... I think I just had a mini orgasm...",
    "original": "Oh my goodness... I think I just had a mini orgasm...",
    "translation": "",
    "stage": 0
  },
  {
    "key": "I better put a stop to this before I cum my brains out.",
    "original": "I better put a stop to this before I cum my brains out.",
    "translation": "",
    "stage": 0
  },
  {
    "key": "You did a wonderful job, \\n[1].",
    "original": "You did a wonderful job, \\n[1].",
    "translation": "",
    "stage": 0
  },
  {
    "key": "Don't you think it's too late? You better go back to your room and sleep.",
    "original": "Don't you think it's too late? You better go back to your room and sleep.",
    "translation": "",
    "stage": 0
  },
  {
    "key": "But I only did half of it... I still haven't finished yet. ",
    "original": "But I only did half of it... I still haven't finished yet. ",
    "translation": "",
    "stage": 0
  },
  {
    "key": "Just a bit of that I already saw heaven.",
    "original": "Just a bit of that I already saw heaven.",
    "translation": "",
    "stage": 0
  },
  {
    "key": "I'll go to hell if you finished the other half.",
    "original": "I'll go to hell if you finished the other half.",
    "translation": "",
    "stage": 0
  },
  {
    "key": "You did a great job but Auntie is too tired and she needs a good sleep.",
    "original": "You did a great job but Auntie is too tired and she needs a good sleep.",
    "translation": "",
    "stage": 0
  },
  {
    "key": "Oh, OK!",
    "original": "Oh, OK!",
    "translation": "",
    "stage": 0
  },
  {
    "key": "Good night, Auntie!",
    "original": "Good night, Auntie!",
    "translation": "",
    "stage": 0
  },
  {
    "key": "You too, Sweetie.",
    "original": "You too, Sweetie.",
    "translation": "",
    "stage": 0
  },
  {
    "key": "OK. It’s time to find out what she’s doing in there.",
    "original": "OK. It’s time to find out what she’s doing in there.",
    "translation": "",
    "stage": 0
  },
  {
    "key": "Oh boy! She’s using the dildo.",
    "original": "Oh boy! She’s using the dildo.",
    "translation": "",
    "stage": 0
  },
  {
    "key": "Ah...",
    "original": "Ah...",
    "translation": "",
    "stage": 0
  },
  {
    "key": "This feels so amazing.",
    "original": "This feels so amazing.",
    "translation": "",
    "stage": 0
  },
  {
    "key": "My pussy is squeezing around it like a vice.",
    "original": "My pussy is squeezing around it like a vice.",
    "translation": "",
    "stage": 0
  },
  {
    "key": "I’m leaking pussy juice all over the wall...",
    "original": "I’m leaking pussy juice all over the wall...",
    "translation": "",
    "stage": 0
  },
  {
    "key": "My clit is all hard and swollen... I’m burning up down there.",
    "original": "My clit is all hard and swollen... I’m burning up down there.",
    "translation": "",
    "stage": 0
  },
  {
    "key": "I need to rub it.",
    "original": "I need to rub it.",
    "translation": "",
    "stage": 0
  },
  {
    "key": "Or I can’t go to sleep without pleasuring myself.",
    "original": "Or I can’t go to sleep without pleasuring myself.",
    "translation": "",
    "stage": 0
  },
  {
    "key": "*Gulps*",
    "original": "*Gulps*",
    "translation": "",
    "stage": 0
  },
  {
    "key": "I never get bored of seeing my Auntie’s ass.",
    "original": "I never get bored of seeing my Auntie’s ass.",
    "translation": "",
    "stage": 0
  },
  {
    "key": "It turns me on so much.",
    "original": "It turns me on so much.",
    "translation": "",
    "stage": 0
  },
  {
    "key": "If only she uses my dick instead of that toy.",
    "original": "If only she uses my dick instead of that toy.",
    "translation": "",
    "stage": 0
  },
  {
    "key": "I’m so wet down there.",
    "original": "I’m so wet down there.",
    "translation": "",
    "stage": 0
  },
  {
    "key": "Damn! Auntie's moan is so seductive...",
    "original": "Damn! Auntie's moan is so seductive...",
    "translation": "",
    "stage": 0
  },
  {
    "key": "I wish I can enter her room.",
    "original": "I wish I can enter her room.",
    "translation": "",
    "stage": 0
  },
  {
    "key": "But then she’ll know I made a key, and she’d never trust me again.",
    "original": "But then she’ll know I made a key, and she’d never trust me again.",
    "translation": "",
    "stage": 0
  },
  {
    "key": "I’m going to come.",
    "original": "I’m going to come.",
    "translation": "",
    "stage": 0
  },
  {
    "key": "Ahh!!",
    "original": "Ahh!!",
    "translation": "",
    "stage": 0
  },
  {
    "key": "That was way too good...",
    "original": "That was way too good...",
    "translation": "",
    "stage": 0
  },
  {
    "key": "I hope no one heard me.",
    "original": "I hope no one heard me.",
    "translation": "",
    "stage": 0
  },
  {
    "key": "I need to go to sleep.",
    "original": "I need to go to sleep.",
    "translation": "",
    "stage": 0
  },
  {
    "key": "Holy shit...",
    "original": "Holy shit...",
    "translation": "",
    "stage": 0
  },
  {
    "key": "She’s going to do it.",
    "original": "She’s going to do it.",
    "translation": "",
    "stage": 0
  },
  {
    "key": "Better hurry to my magic hole!",
    "original": "Better hurry to my magic hole!",
    "translation": "",
    "stage": 0
  },
  {
    "key": "\\C[20]Auntie Daisy\\C[0]: \\C[3]+2\\C[0] <br>",
    "original": "\\C[20]Auntie Daisy\\C[0]: \\C[3]+2\\C[0] <br>",
    "translation": "",
    "stage": 0
  },
  {
    "key": "I run out of \\c[14]Massage Oil\\c[0]\\i[214] last time. Should buy more from \\c[16]Tuuku\\c[0].",
    "original": "I run out of \\c[14]Massage Oil\\c[0]\\i[214] last time. Should buy more from \\c[16]Tuuku\\c[0].",
    "translation": "",
    "stage": 0
  },
  {
    "key": "Mom is here!",
    "original": "Mom is here!",
    "translation": "",
    "stage": 0
  },
  {
    "key": "I don't want to do some funny things.",
    "original": "I don't want to do some funny things.",
    "translation": "",
    "stage": 0
  },
  {
    "key": "I over did it, and now her boobs popped out.",
    "original": "I over did it, and now her boobs popped out.",
    "translation": "",
    "stage": 0
  },
  {
    "key": "I hope she won't notice it.",
    "original": "I hope she won't notice it.",
    "translation": "",
    "stage": 0
  },
  {
    "key": "I have a present for you, Auntie! It's a \\c[30]Halloween\\c[0] costume.",
    "original": "I have a present for you, Auntie! It's a \\c[30]Halloween\\c[0] costume.",
    "translation": "",
    "stage": 0
  },
  {
    "key": "It's so beautiful. Where did you get it? ",
    "original": "It's so beautiful. Where did you get it? ",
    "translation": "",
    "stage": 0
  },
  {
    "key": "It's from an online shop. I thought it will be amazing if you put it on so I bought it.",
    "original": "It's from an online shop. I thought it will be amazing if you put it on so I bought it.",
    "translation": "",
    "stage": 0
  },
  {
    "key": "It's so detailed. Is it expensive? ",
    "original": "It's so detailed. Is it expensive? ",
    "translation": "",
    "stage": 0
  },
  {
    "key": "Hurry! Hurry! Put it on!",
    "original": "Hurry! Hurry! Put it on!",
    "translation": "",
    "stage": 0
  },
  {
    "key": "Okay! Okay!",
    "original": "Okay! Okay!",
    "translation": "",
    "stage": 0
  },
  {
    "key": "How do I look?",
    "original": "How do I look?",
    "translation": "",
    "stage": 0
  },
  {
    "key": "You look amazing as I expected! It perfectly fit on you, Auntie.",
    "original": "You look amazing as I expected! It perfectly fit on you, Auntie.",
    "translation": "",
    "stage": 0
  },
  {
    "key": "Thank you very much, Sweetie!",
    "original": "Thank you very much, Sweetie!",
    "translation": "",
    "stage": 0
  },
  {
    "key": "Come here... Auntie will give you your reward.",
    "original": "Come here... Auntie will give you your reward.",
    "translation": "",
    "stage": 0
  },
  {
    "key": "Ha-Ha. It's nothing much, you don't have to worry about it. ",
    "original": "Ha-Ha. It's nothing much, you don't have to worry about it. ",
    "translation": "",
    "stage": 0
  },
  {
    "key": "I'm really happy that you like it. ",
    "original": "I'm really happy that you like it. ",
    "translation": "",
    "stage": 0
  },
  {
    "key": "Yes, I really like it.",
    "original": "Yes, I really like it.",
    "translation": "",
    "stage": 0
  },
  {
    "key": "Come here, Sweetie...",
    "original": "Come here, Sweetie...",
    "translation": "",
    "stage": 0
  },
  {
    "key": "A-Auntie! Y-you're not looking so weird...",
    "original": "A-Auntie! Y-you're not looking so weird...",
    "translation": "",
    "stage": 0
  },
  {
    "key": "Ha-ha. You're scaring me, I-I know it's Halloween but you don't need to act so deep.",
    "original": "Ha-ha. You're scaring me, I-I know it's Halloween but you don't need to act so deep.",
    "translation": "",
    "stage": 0
  },
  {
    "key": "Anyway, you should hurry change back. Y-you're not looking so well...",
    "original": "Anyway, you should hurry change back. Y-you're not looking so well...",
    "translation": "",
    "stage": 0
  },
  {
    "key": "I'm more fine than ever, Sweetie.",
    "original": "I'm more fine than ever, Sweetie.",
    "translation": "",
    "stage": 0
  },
  {
    "key": "Is this even real? She is way bigger than before.",
    "original": "Is this even real? She is way bigger than before.",
    "translation": "",
    "stage": 0
  },
  {
    "key": "!!!?",
    "original": "!!!?",
    "translation": "",
    "stage": 0
  },
  {
    "key": "What is this? A fly swatter?",
    "original": "What is this? A fly swatter?",
    "translation": "",
    "stage": 0
  },
  {
    "key": "What am I gonna do with this?",
    "original": "What am I gonna do with this?",
    "translation": "",
    "stage": 0
  },
  {
    "key": "What are you doing, Auntie? I almost died.",
    "original": "What are you doing, Auntie? I almost died.",
    "translation": "",
    "stage": 0
  },
  {
    "key": "Crap! I should get out of here. She didn't even listen to anything I said. ",
    "original": "Crap! I should get out of here. She didn't even listen to anything I said. ",
    "translation": "",
    "stage": 0
  },
  {
    "key": "It's locked!!!",
    "original": "It's locked!!!",
    "translation": "",
    "stage": 0
  },
  {
    "key": "Why are you running?",
    "original": "Why are you running?",
    "translation": "",
    "stage": 0
  },
  {
    "key": "S-Stop, Auntie! Y-You're choking me...",
    "original": "S-Stop, Auntie! Y-You're choking me...",
    "translation": "",
    "stage": 0
  },
  {
    "key": "It's so hard to breath!",
    "original": "It's so hard to breath!",
    "translation": "",
    "stage": 0
  },
  {
    "key": "... my eyes started to blur. ",
    "original": "... my eyes started to blur. ",
    "translation": "",
    "stage": 0
  },
  {
    "key": "Blood color",
    "original": "Blood color",
    "translation": "",
    "stage": 0
  },
  {
    "key": "Red",
    "original": "Red",
    "translation": "",
    "stage": 0
  },
  {
    "key": "White",
    "original": "White",
    "translation": "",
    "stage": 0
  },
  {
    "key": "What? That's it.",
    "original": "What? That's it.",
    "translation": "",
    "stage": 0
  },
  {
    "key": "You don't want to go out or something. Today is \\c[30]Halloween\\c[0].",
    "original": "You don't want to go out or something. Today is \\c[30]Halloween\\c[0].",
    "translation": "",
    "stage": 0
  },
  {
    "key": "I'm sorry, Sweetie. I'm too old for this kind of thing.",
    "original": "I'm sorry, Sweetie. I'm too old for this kind of thing.",
    "translation": "",
    "stage": 0
  },
  {
    "key": "You're looking fine, Auntie.",
    "original": "You're looking fine, Auntie.",
    "translation": "",
    "stage": 0
  },
  {
    "key": "Why don't you go and play with \\C[2]Anna\\C[0]? ",
    "original": "Why don't you go and play with \\C[2]Anna\\C[0]? ",
    "translation": "",
    "stage": 0
  },
  {
    "key": "Mkay.",
    "original": "Mkay.",
    "translation": "",
    "stage": 0
  },
  {
    "key": "Can I sleep with you tonight, auntie? ",
    "original": "Can I sleep with you tonight, auntie? ",
    "translation": "",
    "stage": 0
  },
  {
    "key": "Sure!",
    "original": "Sure!",
    "translation": "",
    "stage": 0
  },
  {
    "key": "Nude",
    "original": "Nude",
    "translation": "",
    "stage": 0
  },
  {
    "key": "No",
    "original": "No",
    "translation": "",
    "stage": 0
  },
  {
    "key": "\\n[1]! W-Why are you undressing?",
    "original": "\\n[1]! W-Why are you undressing?",
    "translation": "",
    "stage": 0
  },
  {
    "key": "What do you mean? This is how I sleep. It always feels much better with no clothes on.",
    "original": "What do you mean? This is how I sleep. It always feels much better with no clothes on.",
    "translation": "",
    "stage": 0
  },
  {
    "key": "Besides, don't you also sleep almost like this too?",
    "original": "Besides, don't you also sleep almost like this too?",
    "translation": "",
    "stage": 0
  },
  {
    "key": "I have clothes to cover myself, you are completely naked.",
    "original": "I have clothes to cover myself, you are completely naked.",
    "translation": "",
    "stage": 0
  },
  {
    "key": "What are you talking about? I can clearly see everything underneath your...",
    "original": "What are you talking about? I can clearly see everything underneath your...",
    "translation": "",
    "stage": 0
  },
  {
    "key": "No, wait. I mean, I don't see anything and your lingerie totally covers everything.",
    "original": "No, wait. I mean, I don't see anything and your lingerie totally covers everything.",
    "translation": "",
    "stage": 0
  },
  {
    "key": "I only see sweet nothingness except for your clothing.",
    "original": "I only see sweet nothingness except for your clothing.",
    "translation": "",
    "stage": 0
  },
  {
    "key": "That's good. I am comfortable when wearing this. If it's not too exposing, I guess it will be fine.",
    "original": "That's good. I am comfortable when wearing this. If it's not too exposing, I guess it will be fine.",
    "translation": "",
    "stage": 0
  },
  {
    "key": "Phew! That was a close call! I don't want her to change from this lovely nightgown into some boring Pyjamas. ",
    "original": "Phew! That was a close call! I don't want her to change from this lovely nightgown into some boring Pyjamas. ",
    "translation": "",
    "stage": 0
  },
  {
    "key": "If she realizes she is practically naked with the nightgown.",
    "original": "If she realizes she is practically naked with the nightgown.",
    "translation": "",
    "stage": 0
  },
  {
    "key": "Ye. It looks REALLY good on you, so don't worry.",
    "original": "Ye. It looks REALLY good on you, so don't worry.",
    "translation": "",
    "stage": 0
  },
  {
    "key": "Why do you care so much about it? Don't we always shower together? ",
    "original": "Why do you care so much about it? Don't we always shower together? ",
    "translation": "",
    "stage": 0
  },
  {
    "key": "That's right! Why did I care about it so much? Silly me.",
    "original": "That's right! Why did I care about it so much? Silly me.",
    "translation": "",
    "stage": 0
  },
  {
    "key": "It's getting late. We should sleep now, auntie.",
    "original": "It's getting late. We should sleep now, auntie.",
    "translation": "",
    "stage": 0
  },
  {
    "key": "Good. Let's go to sleep. ",
    "original": "Good. Let's go to sleep. ",
    "translation": "",
    "stage": 0
  },
  {
    "key": "You're my nephew, it should be fine after all.",
    "original": "You're my nephew, it should be fine after all.",
    "translation": "",
    "stage": 0
  },
  {
    "key": "Much better!!!",
    "original": "Much better!!!",
    "translation": "",
    "stage": 0
  },
  {
    "key": "Alright! Let's go to bed early, I'm a bit tired too. ",
    "original": "Alright! Let's go to bed early, I'm a bit tired too. ",
    "translation": "",
    "stage": 0
  },
  {
    "key": "Auntie, You're body is so soft and smooth...",
    "original": "Auntie, You're body is so soft and smooth...",
    "translation": "",
    "stage": 0
  },
  {
    "key": "It also smells sooo nice and sweet. I can sleep here till late in the morning?",
    "original": "It also smells sooo nice and sweet. I can sleep here till late in the morning?",
    "translation": "",
    "stage": 0
  },
  {
    "key": "Don't be silly, sweetie. I will wake you up at 6 AM.",
    "original": "Don't be silly, sweetie. I will wake you up at 6 AM.",
    "translation": "",
    "stage": 0
  },
  {
    "key": "And stop talking like a creepy old man, please.",
    "original": "And stop talking like a creepy old man, please.",
    "translation": "",
    "stage": 0
  },
  {
    "key": "Play",
    "original": "Play",
    "translation": "",
    "stage": 0
  },
  {
    "key": "I'm too tired...",
    "original": "I'm too tired...",
    "translation": "",
    "stage": 0
  },
  {
    "key": "Drink Milk before Sleep",
    "original": "Drink Milk before Sleep",
    "translation": "",
    "stage": 0
  },
  {
    "key": "H-Hey! W-What are you doing!?",
    "original": "H-Hey! W-What are you doing!?",
    "translation": "",
    "stage": 0
  },
  {
    "key": "I'm trying to drink some fresh milk. ",
    "original": "I'm trying to drink some fresh milk. ",
    "translation": "",
    "stage": 0
  },
  {
    "key": "I wanna be taller. So, milk before sleep is the best option after all.",
    "original": "I wanna be taller. So, milk before sleep is the best option after all.",
    "translation": "",
    "stage": 0
  },
  {
    "key": "But I don't have any milk in my... Can you stop doing this?",
    "original": "But I don't have any milk in my... Can you stop doing this?",
    "translation": "",
    "stage": 0
  },
  {
    "key": "What do you mean? Your boobs are huge, I'm sure there will be a ton of milk in them.",
    "original": "What do you mean? Your boobs are huge, I'm sure there will be a ton of milk in them.",
    "translation": "",
    "stage": 0
  },
  {
    "key": "If I suck on them hard enough, milk will come out.",
    "original": "If I suck on them hard enough, milk will come out.",
    "translation": "",
    "stage": 0
  },
  {
    "key": "... That is not how it works though...",
    "original": "... That is not how it works though...",
    "translation": "",
    "stage": 0
  },
  {
    "key": "... Only woman that have babies will have milk.",
    "original": "... Only woman that have babies will have milk.",
    "translation": "",
    "stage": 0
  },
  {
    "key": "Let's make a baby then!",
    "original": "Let's make a baby then!",
    "translation": "",
    "stage": 0
  },
  {
    "key": "W-What!? Don't say something like that! Besides, I'm your aunt.",
    "original": "W-What!? Don't say something like that! Besides, I'm your aunt.",
    "translation": "",
    "stage": 0
  },
  {
    "key": "Ehhh...",
    "original": "Ehhh...",
    "translation": "",
    "stage": 0
  },
  {
    "key": "Don't ehhh me. Now, stop doing this before I get mad.",
    "original": "Don't ehhh me. Now, stop doing this before I get mad.",
    "translation": "",
    "stage": 0
  },
  {
    "key": "If you don't want to make a baby and you don't want to let me drink your milk.",
    "original": "If you don't want to make a baby and you don't want to let me drink your milk.",
    "translation": "",
    "stage": 0
  },
  {
    "key": "What should I do? I just wanna be taller.",
    "original": "What should I do? I just wanna be taller.",
    "translation": "",
    "stage": 0
  },
  {
    "key": "*sigh*...  <br>",
    "original": "*sigh*...  <br>",
    "translation": "",
    "stage": 0
  },
  {
    "key": "Fine. You can just suc.. I mean drink my milk if you want to.",
    "original": "Fine. You can just suc.. I mean drink my milk if you want to.",
    "translation": "",
    "stage": 0
  },
  {
    "key": "Yay! I knew it would be fine! You're always the best!",
    "original": "Yay! I knew it would be fine! You're always the best!",
    "translation": "",
    "stage": 0
  },
  {
    "key": "Gosh... Am I pampering him too much, I wonder?",
    "original": "Gosh... Am I pampering him too much, I wonder?",
    "translation": "",
    "stage": 0
  },
  {
    "key": "\\C[20]Auntie Daisy\\C[0]: \\C[3]+3\\C[0] <br>",
    "original": "\\C[20]Auntie Daisy\\C[0]: \\C[3]+3\\C[0] <br>",
    "translation": "",
    "stage": 0
  },
  {
    "key": "\\C[20]Auntie Daisy\\C[0]: \\C[10]-3\\C[0] <br>",
    "original": "\\C[20]Auntie Daisy\\C[0]: \\C[10]-3\\C[0] <br>",
    "translation": "",
    "stage": 0
  },
  {
    "key": "*\\C[20]Auntie Daisy\\C[0] is in her confusion.*",
    "original": "*\\C[20]Auntie Daisy\\C[0] is in her confusion.*",
    "translation": "",
    "stage": 0
  },
  {
    "key": "I said, I have no milk...",
    "original": "I said, I have no milk...",
    "translation": "",
    "stage": 0
  },
  {
    "key": "... Don't do it too hard.",
    "original": "... Don't do it too hard.",
    "translation": "",
    "stage": 0
  },
  {
    "key": "Why is it so hot today?",
    "original": "Why is it so hot today?",
    "translation": "",
    "stage": 0
  },
  {
    "key": "My crotch is so sticky and slippery.",
    "original": "My crotch is so sticky and slippery.",
    "translation": "",
    "stage": 0
  },
  {
    "key": "Why did I sweat so much in that part? Is it some kind of a disease?",
    "original": "Why did I sweat so much in that part? Is it some kind of a disease?",
    "translation": "",
    "stage": 0
  },
  {
    "key": "\\n[1]'s leg. Why is it so hot!?",
    "original": "\\n[1]'s leg. Why is it so hot!?",
    "translation": "",
    "stage": 0
  },
  {
    "key": "!!?",
    "original": "!!?",
    "translation": "",
    "stage": 0
  },
  {
    "key": "Wait... Isn't that his dick? ",
    "original": "Wait... Isn't that his dick? ",
    "translation": "",
    "stage": 0
  },
  {
    "key": "It's so big I thought that his leg all along.",
    "original": "It's so big I thought that his leg all along.",
    "translation": "",
    "stage": 0
  },
  {
    "key": "Gosh! Why is it so big? ",
    "original": "Gosh! Why is it so big? ",
    "translation": "",
    "stage": 0
  },
  {
    "key": "This sensation... It feels so good...",
    "original": "This sensation... It feels so good...",
    "translation": "",
    "stage": 0
  },
  {
    "key": "I knew it was big when I saw it in the bathroom but I didn't expect it to be this huge...",
    "original": "I knew it was big when I saw it in the bathroom but I didn't expect it to be this huge...",
    "translation": "",
    "stage": 0
  },
  {
    "key": "I want to put it in so bad. I guess it will be a wonderful feeling that I haven't had for a long time.",
    "original": "I want to put it in so bad. I guess it will be a wonderful feeling that I haven't had for a long time.",
    "translation": "",
    "stage": 0
  },
  {
    "key": "Aahhh...",
    "original": "Aahhh...",
    "translation": "",
    "stage": 0
  },
  {
    "key": "My pussy is so hot and slippery just by thinking about it.",
    "original": "My pussy is so hot and slippery just by thinking about it.",
    "translation": "",
    "stage": 0
  },
  {
    "key": "W-What am I thinking?",
    "original": "W-What am I thinking?",
    "translation": "",
    "stage": 0
  },
  {
    "key": "I should sleep now. ",
    "original": "I should sleep now. ",
    "translation": "",
    "stage": 0
  },
  {
    "key": "It's so hot today.",
    "original": "It's so hot today.",
    "translation": "",
    "stage": 0
  },
  {
    "key": "It's \\n[1]'s dick.",
    "original": "It's \\n[1]'s dick.",
    "translation": "",
    "stage": 0
  },
  {
    "key": "It's so big and healthy I as always.",
    "original": "It's so big and healthy I as always.",
    "translation": "",
    "stage": 0
  },
  {
    "key": "Gosh! My hip move on its own.",
    "original": "Gosh! My hip move on its own.",
    "translation": "",
    "stage": 0
  },
  {
    "key": "Ooouuhh...",
    "original": "Ooouuhh...",
    "translation": "",
    "stage": 0
  },
  {
    "key": "I-I almost came just by a rub...",
    "original": "I-I almost came just by a rub...",
    "translation": "",
    "stage": 0
  },
  {
    "key": "It feels so good, I don't think I could go to sleep without satisfying myself.",
    "original": "It feels so good, I don't think I could go to sleep without satisfying myself.",
    "translation": "",
    "stage": 0
  },
  {
    "key": "It's just rubbing. As long as I don't put it inside, I think it should be a-okay.",
    "original": "It's just rubbing. As long as I don't put it inside, I think it should be a-okay.",
    "translation": "",
    "stage": 0
  },
  {
    "key": "It's midnight now, I don't think he could wake up easily.",
    "original": "It's midnight now, I don't think he could wake up easily.",
    "translation": "",
    "stage": 0
  },
  {
    "key": "That's right, it's just a rub. ",
    "original": "That's right, it's just a rub. ",
    "translation": "",
    "stage": 0
  },
  {
    "key": "A little work out would not hurt...",
    "original": "A little work out would not hurt...",
    "translation": "",
    "stage": 0
  },
  {
    "key": "Start Rubbing",
    "original": "Start Rubbing",
    "translation": "",
    "stage": 0
  },
  {
    "key": "I'm a bit tired today. Maybe another day...",
    "original": "I'm a bit tired today. Maybe another day...",
    "translation": "",
    "stage": 0
  },
  {
    "key": "Feel so good as I expected.",
    "original": "Feel so good as I expected.",
    "translation": "",
    "stage": 0
  },
  {
    "key": "My nephew's big dick is so hot.",
    "original": "My nephew's big dick is so hot.",
    "translation": "",
    "stage": 0
  },
  {
    "key": "It feels like rubbing my crotch against a giant magma pillar.",
    "original": "It feels like rubbing my crotch against a giant magma pillar.",
    "translation": "",
    "stage": 0
  },
  {
    "key": "It's way too good, I can't stop humping my hip.",
    "original": "It's way too good, I can't stop humping my hip.",
    "translation": "",
    "stage": 0
  },
  {
    "key": "Mmhhhmmmm...",
    "original": "Mmhhhmmmm...",
    "translation": "",
    "stage": 0
  },
  {
    "key": "My clitoris feels like burning. It's so numb but yet so good.",
    "original": "My clitoris feels like burning. It's so numb but yet so good.",
    "translation": "",
    "stage": 0
  },
  {
    "key": "I can feel a warm feeling inside my belly and it's about to burst.",
    "original": "I can feel a warm feeling inside my belly and it's about to burst.",
    "translation": "",
    "stage": 0
  },
  {
    "key": "It feels so good, I don't think I can't hold it anymore.",
    "original": "It feels so good, I don't think I can't hold it anymore.",
    "translation": "",
    "stage": 0
  },
  {
    "key": "He came out so much... It's so hot... ",
    "original": "He came out so much... It's so hot... ",
    "translation": "",
    "stage": 0
  },
  {
    "key": "His dick is still hard and throbbing. ",
    "original": "His dick is still hard and throbbing. ",
    "translation": "",
    "stage": 0
  },
  {
    "key": "Aahhh... This feeling is the best ever.",
    "original": "Aahhh... This feeling is the best ever.",
    "translation": "",
    "stage": 0
  },
  {
    "key": "I'm so satisfied, it will be a great sleep... ",
    "original": "I'm so satisfied, it will be a great sleep... ",
    "translation": "",
    "stage": 0
  },
  {
    "key": "It was such a good sleep!",
    "original": "It was such a good sleep!",
    "translation": "",
    "stage": 0
  },
  {
    "key": "Thank you for your comfy bed, Auntie.",
    "original": "Thank you for your comfy bed, Auntie.",
    "translation": "",
    "stage": 0
  },
  {
    "key": "Good morning, \\n[1].",
    "original": "Good morning, \\n[1].",
    "translation": "",
    "stage": 0
  },
  {
    "key": "I can feel there was a lullaby. I guess it guides me to a night of good sleep.",
    "original": "I can feel there was a lullaby. I guess it guides me to a night of good sleep.",
    "translation": "",
    "stage": 0
  },
  {
    "key": "Ha...ha...",
    "original": "Ha...ha...",
    "translation": "",
    "stage": 0
  },
  {
    "key": "I want to sleep with you every night, Auntie!",
    "original": "I want to sleep with you every night, Auntie!",
    "translation": "",
    "stage": 0
  },
  {
    "key": "You can come and sleep with me if you want to...",
    "original": "You can come and sleep with me if you want to...",
    "translation": "",
    "stage": 0
  },
  {
    "key": "Yay!!!",
    "original": "Yay!!!",
    "translation": "",
    "stage": 0
  },
  {
    "key": "Breakfast is ready. You should come down to eat.",
    "original": "Breakfast is ready. You should come down to eat.",
    "translation": "",
    "stage": 0
  },
  {
    "key": "Thanks, Auntie!",
    "original": "Thanks, Auntie!",
    "translation": "",
    "stage": 0
  },
  {
    "key": "Better not touch it.",
    "original": "Better not touch it.",
    "translation": "",
    "stage": 0
  },
  {
    "key": "W-What, a dildo!?",
    "original": "W-What, a dildo!?",
    "translation": "",
    "stage": 0
  },
  {
    "key": "What are you doing over there Sweetie? It's pretty dirty up there.",
    "original": "What are you doing over there Sweetie? It's pretty dirty up there.",
    "translation": "",
    "stage": 0
  },
  {
    "key": "(I already know what you hide up there.)",
    "original": "(I already know what you hide up there.)",
    "translation": "",
    "stage": 0
  },
  {
    "key": "I'm pretty sure she hides something up there.",
    "original": "I'm pretty sure she hides something up there.",
    "translation": "",
    "stage": 0
  },
  {
    "key": "Alright! Auntie's working at the barn right now.",
    "original": "Alright! Auntie's working at the barn right now.",
    "translation": "",
    "stage": 0
  },
  {
    "key": "This is my chance. Better make it quick!",
    "original": "This is my chance. Better make it quick!",
    "translation": "",
    "stage": 0
  },
  {
    "key": "And now. Where is it?",
    "original": "And now. Where is it?",
    "translation": "",
    "stage": 0
  },
  {
    "key": "Here it is.",
    "original": "Here it is.",
    "translation": "",
    "stage": 0
  },
  {
    "key": "A circular blotch. Perfect!!!",
    "original": "A circular blotch. Perfect!!!",
    "translation": "",
    "stage": 0
  },
  {
    "key": "Let me see if this works.",
    "original": "Let me see if this works.",
    "translation": "",
    "stage": 0
  },
  {
    "key": "Carefully make hole around this blotch.",
    "original": "Carefully make hole around this blotch.",
    "translation": "",
    "stage": 0
  },
  {
    "key": "Great. And now to make a handle.",
    "original": "Great. And now to make a handle.",
    "translation": "",
    "stage": 0
  },
  {
    "key": "It has a locking pin so it won't fall off easily.",
    "original": "It has a locking pin so it won't fall off easily.",
    "translation": "",
    "stage": 0
  },
  {
    "key": "A little paint and it should be perfect.",
    "original": "A little paint and it should be perfect.",
    "translation": "",
    "stage": 0
  },
  {
    "key": "Damn! It's look like before. I can't even spot a difference.",
    "original": "Damn! It's look like before. I can't even spot a difference.",
    "translation": "",
    "stage": 0
  },
  {
    "key": "He-he!",
    "original": "He-he!",
    "translation": "",
    "stage": 0
  },
  {
    "key": "That should do it. Time to do some tests.",
    "original": "That should do it. Time to do some tests.",
    "translation": "",
    "stage": 0
  },
  {
    "key": "1",
    "original": "1",
    "translation": "",
    "stage": 0
  },
  {
    "key": "2",
    "original": "2",
    "translation": "",
    "stage": 0
  },
  {
    "key": "Hah!!!",
    "original": "Hah!!!",
    "translation": "",
    "stage": 0
  },
  {
    "key": "Haha!",
    "original": "Haha!",
    "translation": "",
    "stage": 0
  },
  {
    "key": "It’s perfect. She won’t notice a thing.",
    "original": "It’s perfect. She won’t notice a thing.",
    "translation": "",
    "stage": 0
  },
  {
    "key": "Now when she uses her wall-mounted dildo, it will actually be my dick she’s jumping on.",
    "original": "Now when she uses her wall-mounted dildo, it will actually be my dick she’s jumping on.",
    "translation": "",
    "stage": 0
  },
  {
    "key": "Shit! My dick is already so hard!",
    "original": "Shit! My dick is already so hard!",
    "translation": "",
    "stage": 0
  },
  {
    "key": "I can't wait until nightfall.",
    "original": "I can't wait until nightfall.",
    "translation": "",
    "stage": 0
  },
  {
    "key": "It's Laundry Day. Maybe I could ask Auntie to collect the dirty clothes.",
    "original": "It's Laundry Day. Maybe I could ask Auntie to collect the dirty clothes.",
    "translation": "",
    "stage": 0
  },
  {
    "key": "Are these dirty clothes? Why do they smell good?",
    "original": "Are these dirty clothes? Why do they smell good?",
    "translation": "",
    "stage": 0
  },
  {
    "key": "Are these dirty clothes?",
    "original": "Are these dirty clothes?",
    "translation": "",
    "stage": 0
  },
  {
    "key": "Pick up",
    "original": "Pick up",
    "translation": "",
    "stage": 0
  },
  {
    "key": "Ahhh... Auntie's room smells so nice. Still been the same since the last time.",
    "original": "Ahhh... Auntie's room smells so nice. Still been the same since the last time.",
    "translation": "",
    "stage": 0
  },
  {
    "key": "Notebook.",
    "original": "Notebook.",
    "translation": "",
    "stage": 0
  },
  {
    "key": "It has all the information about the cows and the cornfield. ",
    "original": "It has all the information about the cows and the cornfield. ",
    "translation": "",
    "stage": 0
  },
  {
    "key": "Auntie's bed. It's so soft and smell so nice.",
    "original": "Auntie's bed. It's so soft and smell so nice.",
    "translation": "",
    "stage": 0
  },
  {
    "key": "Auntie's beauty place. ",
    "original": "Auntie's beauty place. ",
    "translation": "",
    "stage": 0
  },
  {
    "key": "Back then, \\C[2]Anna\\C[0] sometime sneaked in here and came out like a clown.",
    "original": "Back then, \\C[2]Anna\\C[0] sometime sneaked in here and came out like a clown.",
    "translation": "",
    "stage": 0
  },
  {
    "key": "Daily tasks...",
    "original": "Daily tasks...",
    "translation": "",
    "stage": 0
  },
  {
    "key": "Well, I guess that are all of it. Let's get out of here.",
    "original": "Well, I guess that are all of it. Let's get out of here.",
    "translation": "",
    "stage": 0
  },
  {
    "key": "CRACK!!!",
    "original": "CRACK!!!",
    "translation": "",
    "stage": 0
  },
  {
    "key": "What the fuck!?",
    "original": "What the fuck!?",
    "translation": "",
    "stage": 0
  },
  {
    "key": "My ass hurt so bad.",
    "original": "My ass hurt so bad.",
    "translation": "",
    "stage": 0
  },
  {
    "key": "Are you serious? What a jackpot.",
    "original": "Are you serious? What a jackpot.",
    "translation": "",
    "stage": 0
  },
  {
    "key": "This plank looks really old compared to the other... and I'm that lucky one land on it.",
    "original": "This plank looks really old compared to the other... and I'm that lucky one land on it.",
    "translation": "",
    "stage": 0
  },
  {
    "key": "Never mind, I should hurry and fix it. It's not so hard for a rural boy like me.",
    "original": "Never mind, I should hurry and fix it. It's not so hard for a rural boy like me.",
    "translation": "",
    "stage": 0
  },
  {
    "key": "If I remember correctly there are some spare planks in the basement. ",
    "original": "If I remember correctly there are some spare planks in the basement. ",
    "translation": "",
    "stage": 0
  },
  {
    "key": "Alright, got everything I needed. ",
    "original": "Alright, got everything I needed. ",
    "translation": "",
    "stage": 0
  },
  {
    "key": "Let's fix it quickly! I don't want Auntie to see me ruining her house on the first day back. ",
    "original": "Let's fix it quickly! I don't want Auntie to see me ruining her house on the first day back. ",
    "translation": "",
    "stage": 0
  },
  {
    "key": "Remove the damaged plank first. ",
    "original": "Remove the damaged plank first. ",
    "translation": "",
    "stage": 0
  },
  {
    "key": "Phew...",
    "original": "Phew...",
    "translation": "",
    "stage": 0
  },
  {
    "key": "Luckily, those planks around are still looking fine. It would take a decade to fix if they had the same problem.",
    "original": "Luckily, those planks around are still looking fine. It would take a decade to fix if they had the same problem.",
    "translation": "",
    "stage": 0
  },
  {
    "key": "Fill the empty place with a new plank and my work here is done.",
    "original": "Fill the empty place with a new plank and my work here is done.",
    "translation": "",
    "stage": 0
  },
  {
    "key": "Huh!?",
    "original": "Huh!?",
    "translation": "",
    "stage": 0
  },
  {
    "key": "Why is there light coming from the floor? ",
    "original": "Why is there light coming from the floor? ",
    "translation": "",
    "stage": 0
  },
  {
    "key": "Wait!!! Did I find Auntie's secret safe? ",
    "original": "Wait!!! Did I find Auntie's secret safe? ",
    "translation": "",
    "stage": 0
  },
  {
    "key": "Let's take a look!",
    "original": "Let's take a look!",
    "translation": "",
    "stage": 0
  },
  {
    "key": "There is a hole through the floor and I can see the bathroom here.",
    "original": "There is a hole through the floor and I can see the bathroom here.",
    "translation": "",
    "stage": 0
  },
  {
    "key": "The steam penetrates and weakens the plank.",
    "original": "The steam penetrates and weakens the plank.",
    "translation": "",
    "stage": 0
  },
  {
    "key": "I guess it could be those annoying rats made this hole...",
    "original": "I guess it could be those annoying rats made this hole...",
    "translation": "",
    "stage": 0
  },
  {
    "key": "Wait!!! I can see the bathroom through this hole. ",
    "original": "Wait!!! I can see the bathroom through this hole. ",
    "translation": "",
    "stage": 0
  },
  {
    "key": "Gulps...",
    "original": "Gulps...",
    "translation": "",
    "stage": 0
  },
  {
    "key": "This means I can see Auntie's naked body while she's in the shower... ",
    "original": "This means I can see Auntie's naked body while she's in the shower... ",
    "translation": "",
    "stage": 0
  },
  {
    "key": "It's not like I haven't seen her naked before. We used to take a bath together very often back then. ",
    "original": "It's not like I haven't seen her naked before. We used to take a bath together very often back then. ",
    "translation": "",
    "stage": 0
  },
  {
    "key": "Shit! What am I thinking?",
    "original": "Shit! What am I thinking?",
    "translation": "",
    "stage": 0
  },
  {
    "key": "Man, That hug earlier giving me a weird feeling.",
    "original": "Man, That hug earlier giving me a weird feeling.",
    "translation": "",
    "stage": 0
  },
  {
    "key": "Anyway, let's finish this real quick.",
    "original": "Anyway, let's finish this real quick.",
    "translation": "",
    "stage": 0
  },
  {
    "key": "The plank fit perfectly.",
    "original": "The plank fit perfectly.",
    "translation": "",
    "stage": 0
  },
  {
    "key": "Just leave it without nails for now...",
    "original": "Just leave it without nails for now...",
    "translation": "",
    "stage": 0
  },
  {
    "key": "Auntie seems really busy. I should go and help her.",
    "original": "Auntie seems really busy. I should go and help her.",
    "translation": "",
    "stage": 0
  },
  {
    "key": "She's normally in the Barn in the morning and in the Cornfield in the afternoon. ",
    "original": "She's normally in the Barn in the morning and in the Cornfield in the afternoon. ",
    "translation": "",
    "stage": 0
  },
  {
    "key": "Look",
    "original": "Look",
    "translation": "",
    "stage": 0
  },
  {
    "key": "Luckily I left a hand last time.",
    "original": "Luckily I left a hand last time.",
    "translation": "",
    "stage": 0
  },
  {
    "key": "Wow! I arrived just in time. ",
    "original": "Wow! I arrived just in time. ",
    "translation": "",
    "stage": 0
  },
  {
    "key": "I remember Auntie said, she enjoyed the feeling of the hot wind blowing against her sweaty body. ",
    "original": "I remember Auntie said, she enjoyed the feeling of the hot wind blowing against her sweaty body. ",
    "translation": "",
    "stage": 0
  },
  {
    "key": "I was quite naive at the time so I didn't pay attention.",
    "original": "I was quite naive at the time so I didn't pay attention.",
    "translation": "",
    "stage": 0
  },
  {
    "key": "Right now she looks kind of naughty in my eyes. ",
    "original": "Right now she looks kind of naughty in my eyes. ",
    "translation": "",
    "stage": 0
  },
  {
    "key": "Man, she is so hot with sweaty skin. It looks like satin... I want to touch her so badly, guess it's super soft and smooth.",
    "original": "Man, she is so hot with sweaty skin. It looks like satin... I want to touch her so badly, guess it's super soft and smooth.",
    "translation": "",
    "stage": 0
  },
  {
    "key": "I can feel the tingling sensation in my balls just by looking at her.",
    "original": "I can feel the tingling sensation in my balls just by looking at her.",
    "translation": "",
    "stage": 0
  },
  {
    "key": "She is entering the bath. ",
    "original": "She is entering the bath. ",
    "translation": "",
    "stage": 0
  },
  {
    "key": "Her ass... It's so beautiful. ",
    "original": "Her ass... It's so beautiful. ",
    "translation": "",
    "stage": 0
  },
  {
    "key": "Shit! It was very far away and I couldn't see anything clearly. ",
    "original": "Shit! It was very far away and I couldn't see anything clearly. ",
    "translation": "",
    "stage": 0
  },
  {
    "key": "Auntie's ass is so beautiful. ",
    "original": "Auntie's ass is so beautiful. ",
    "translation": "",
    "stage": 0
  },
  {
    "key": "I never get bored every time I see it. ",
    "original": "I never get bored every time I see it. ",
    "translation": "",
    "stage": 0
  },
  {
    "key": "It turns me on so much. My dick was already rock hard and its tingling driving me crazy.",
    "original": "It turns me on so much. My dick was already rock hard and its tingling driving me crazy.",
    "translation": "",
    "stage": 0
  },
  {
    "key": "Too bad, she got into the bath. ",
    "original": "Too bad, she got into the bath. ",
    "translation": "",
    "stage": 0
  },
  {
    "key": "I can't see anything now. ",
    "original": "I can't see anything now. ",
    "translation": "",
    "stage": 0
  },
  {
    "key": "Damn, I want to see her pussy so much...",
    "original": "Damn, I want to see her pussy so much...",
    "translation": "",
    "stage": 0
  },
  {
    "key": "Maybe... I can try to see her underneath while she's sleeping.",
    "original": "Maybe... I can try to see her underneath while she's sleeping.",
    "translation": "",
    "stage": 0
  },
  {
    "key": "It's too risky but not worse a try.",
    "original": "It's too risky but not worse a try.",
    "translation": "",
    "stage": 0
  },
  {
    "key": "There's nothing more to watch. I should probably leave.",
    "original": "There's nothing more to watch. I should probably leave.",
    "translation": "",
    "stage": 0
  },
  {
    "key": "Huh? Did she just move?",
    "original": "Huh? Did she just move?",
    "translation": "",
    "stage": 0
  },
  {
    "key": "It's a weekday, she will probably do it again.",
    "original": "It's a weekday, she will probably do it again.",
    "translation": "",
    "stage": 0
  },
  {
    "key": "Activate Neuron",
    "original": "Activate Neuron",
    "translation": "",
    "stage": 0
  },
  {
    "key": "I can't see what is she doing? But...",
    "original": "I can't see what is she doing? But...",
    "translation": "",
    "stage": 0
  },
  {
    "key": "But I can use my imagination!",
    "original": "But I can use my imagination!",
    "translation": "",
    "stage": 0
  },
  {
    "key": "I could see it now.",
    "original": "I could see it now.",
    "translation": "",
    "stage": 0
  },
  {
    "key": "What is she doing?",
    "original": "What is she doing?",
    "translation": "",
    "stage": 0
  },
  {
    "key": "I don't know what is she doing but it looks kind of naughty.",
    "original": "I don't know what is she doing but it looks kind of naughty.",
    "translation": "",
    "stage": 0
  },
  {
    "key": "She looks so naughty...",
    "original": "She looks so naughty...",
    "translation": "",
    "stage": 0
  },
  {
    "key": "Damn, the bathtub hides it all, I really want to see what she's doing right now.",
    "original": "Damn, the bathtub hides it all, I really want to see what she's doing right now.",
    "translation": "",
    "stage": 0
  },
  {
    "key": "Damn, the bathtub hides it all or is it...",
    "original": "Damn, the bathtub hides it all or is it...",
    "translation": "",
    "stage": 0
  },
  {
    "key": "Damn, the bathtub hides it all...",
    "original": "Damn, the bathtub hides it all...",
    "translation": "",
    "stage": 0
  },
  {
    "key": "This itching feeling again...",
    "original": "This itching feeling again...",
    "translation": "",
    "stage": 0
  },
  {
    "key": "That's it. ",
    "original": "That's it. ",
    "translation": "",
    "stage": 0
  },
  {
    "key": "Join Bath",
    "original": "Join Bath",
    "translation": "",
    "stage": 0
  },
  {
    "key": "There is no one.",
    "original": "There is no one.",
    "translation": "",
    "stage": 0
  },
  {
    "key": "Today is \\c[10]Christmas\\c[0] . I should do something else.",
    "original": "Today is \\c[10]Christmas\\c[0] . I should do something else.",
    "translation": "",
    "stage": 0
  }
]