[
  {
    "key": "Me <br>",
    "original": "Me <br>",
    "translation": "我 <br>",
    "stage": 1
  },
  {
    "key": "It's just a joke! I can explain!",
    "original": "It's just a joke! I can explain!",
    "translation": "我只是开个玩笑！听我解释",
    "stage": 1
  },
  {
    "key": "\\c[25]Kayla\\c[0] <br>",
    "original": "\\c[25]Kayla\\c[0] <br>",
    "translation": "\\c[25]凯拉\\c[0] <br>",
    "stage": 1
  },
  {
    "key": "Take off his clothes maybe he is someone's spy coming to watch on us!",
    "original": "Take off his clothes maybe he is someone's spy coming to watch on us!",
    "translation": "把他衣服脱了！他身上可能藏了什么东西！",
    "stage": 1
  },
  {
    "key": "As I expected, he carried a gun!",
    "original": "As I expected, he carried a gun!",
    "translation": "哼哼，他果然带了把枪",
    "stage": 1
  },
  {
    "key": "We got a big gun!!!",
    "original": "We got a big gun!!!",
    "translation": "真是把大枪啊！！",
    "stage": 1
  },
  {
    "key": "God damn! Look at this butt!",
    "original": "God damn! Look at this butt!",
    "translation": "老天！看看这屁股！",
    "stage": 1
  },
  {
    "key": "Mmm...",
    "original": "Mmm...",
    "translation": "嗯……",
    "stage": 1
  },
  {
    "key": "He could jam me all night!",
    "original": "He could jam me all night!",
    "translation": "他能干我一整晚！",
    "stage": 1
  },
  {
    "key": "\\c[20]Imani\\c[0] <br>",
    "original": "\\c[20]Imani\\c[0] <br>",
    "translation": "\\c[20]Imani\\c[0] <br>",
    "stage": 1
  },
  {
    "key": "Whoa!!!",
    "original": "Whoa!!!",
    "translation": "哇哦！！",
    "stage": 1
  },
  {
    "key": "It's way bigger than before. Do you think you can handle it?",
    "original": "It's way bigger than before. Do you think you can handle it?",
    "translation": "变得更大了，你能受得了吗？",
    "stage": 1
  },
  {
    "key": "You won't know if you don't try it!",
    "original": "You won't know if you don't try it!",
    "translation": "不试试怎么知道！",
    "stage": 1
  },
  {
    "key": "Hey! Are you guy serious!?",
    "original": "Hey! Are you guy serious!?",
    "translation": "嘿！你们认真的吗？！",
    "stage": 1
  },
  {
    "key": "Oh shit!!!",
    "original": "Oh shit!!!",
    "translation": "我去！！",
    "stage": 1
  },
  {
    "key": "Shut up! We're the gang.",
    "original": "Shut up! We're the gang.",
    "translation": "闭嘴！这儿没你说话的份",
    "stage": 1
  },
  {
    "key": "You can't get out of here until every last drop.",
    "original": "You can't get out of here until every last drop.",
    "translation": "不把你最后一滴榨个干净，你别想走了",
    "stage": 1
  },
  {
    "key": "That's... sounds good to me...",
    "original": "That's... sounds good to me...",
    "translation": "呃……听上去还行……",
    "stage": 1
  },
  {
    "key": "Oh my god! How can you swallow it so deeply?",
    "original": "Oh my god! How can you swallow it so deeply?",
    "translation": "老天！你怎么能含这么深？",
    "stage": 1
  },
  {
    "key": "Faster",
    "original": "Faster",
    "translation": "更快点",
    "stage": 1
  },
  {
    "key": "Oh shit! It's amazing!",
    "original": "Oh shit! It's amazing!",
    "translation": "哦老天！感觉好奇妙！",
    "stage": 1
  },
  {
    "key": "I don't think I can hold it anymore!",
    "original": "I don't think I can hold it anymore!",
    "translation": "我忍不住了！",
    "stage": 1
  },
  {
    "key": "God damn! My throat hurts.",
    "original": "God damn! My throat hurts.",
    "translation": "我去！我喉咙都疼了",
    "stage": 1
  },
  {
    "key": "Cum",
    "original": "Cum",
    "translation": "射精",
    "stage": 1
  },
  {
    "key": "I'm cumming!!!",
    "original": "I'm cumming!!!",
    "translation": "我要射了！！",
    "stage": 1
  },
  {
    "key": "At least some warning, you jerk!",
    "original": "At least some warning, you jerk!",
    "translation": "你这蠢货，能不能提前说一声！",
    "stage": 1
  },
  {
    "key": "This is my first time crying and it's because of a dick.",
    "original": "This is my first time crying and it's because of a dick.",
    "translation": "这还是我第一次被鸡巴搞出眼泪来",
    "stage": 1
  },
  {
    "key": "He-he! You did this to yourself.",
    "original": "He-he! You did this to yourself.",
    "translation": "嘿嘿！你自找的",
    "stage": 1
  },
  {
    "key": "It's my turn. I can't hold it anymore!",
    "original": "It's my turn. I can't hold it anymore!",
    "translation": "该我了，我已经忍不下去了！",
    "stage": 1
  },
  {
    "key": "Hey! What are you doing?",
    "original": "Hey! What are you doing?",
    "translation": "嘿！你要干什么？",
    "stage": 1
  },
  {
    "key": "Wait! Are you for real!?",
    "original": "Wait! Are you for real!?",
    "translation": "等等！你认真的吗？！",
    "stage": 1
  },
  {
    "key": "Aren't we just scaring him? You're going a bit too far.",
    "original": "Aren't we just scaring him? You're going a bit too far.",
    "translation": "我们不是就吓吓他吗？你做的有点过了",
    "stage": 1
  },
  {
    "key": "That thing will send you to Jesus!",
    "original": "That thing will send you to Jesus!",
    "translation": "这会把你搞上天的！",
    "stage": 1
  },
  {
    "key": "I know but I can't resist it.",
    "original": "I know but I can't resist it.",
    "translation": "我知道，但我忍不住",
    "stage": 1
  },
  {
    "key": "His dick is too attractive for me!",
    "original": "His dick is too attractive for me!",
    "translation": "他的鸡巴太诱人了！",
    "stage": 1
  },
  {
    "key": "I just want to put it in.",
    "original": "I just want to put it in.",
    "translation": "我只想插进去",
    "stage": 1
  },
  {
    "key": "Well, I'm waiting!",
    "original": "Well, I'm waiting!",
    "translation": "嗯哼，我等着呢！",
    "stage": 1
  },
  {
    "key": "You're out of your damn mind!",
    "original": "You're out of your damn mind!",
    "translation": "你疯了吧！",
    "stage": 1
  },
  {
    "key": "You will get knocked off. Put a condom on at least.",
    "original": "You will get knocked off. Put a condom on at least.",
    "translation": "你会怀孕的，至少带个套吧",
    "stage": 1
  },
  {
    "key": "Don't worry, I'll pull it out before he ejaculates.",
    "original": "Don't worry, I'll pull it out before he ejaculates.",
    "translation": "没事，我会及时拔出来的",
    "stage": 1
  },
  {
    "key": "Urrgghhh!!!",
    "original": "Urrgghhh!!!",
    "translation": "嗯啊啊！！",
    "stage": 1
  },
  {
    "key": "Oh-my-fucking-god!",
    "original": "Oh-my-fucking-god!",
    "translation": "哦-我的-老天！",
    "stage": 1
  },
  {
    "key": "God damn! Are you okay!?",
    "original": "God damn! Are you okay!?",
    "translation": "我去！你没事吧？！",
    "stage": 1
  },
  {
    "key": "Hah-hah! I'm fine...",
    "original": "Hah-hah! I'm fine...",
    "translation": "哈啊……我没事……",
    "stage": 1
  },
  {
    "key": "My body is all numb and it feels so good!",
    "original": "My body is all numb and it feels so good!",
    "translation": "我身子都麻了，但感觉好舒服……",
    "stage": 1
  },
  {
    "key": "It's so big and hot! I can't wait anymore!",
    "original": "It's so big and hot! I can't wait anymore!",
    "translation": "太刺激了，我忍不住了！",
    "stage": 1
  },
  {
    "key": "Holy shit! It's so hot!",
    "original": "Holy shit! It's so hot!",
    "translation": "我去！这也太刺激了！",
    "stage": 1
  },
  {
    "key": "I’m dripping wet.",
    "original": "I’m dripping wet.",
    "translation": "我又湿了",
    "stage": 1
  },
  {
    "key": "Hah-hah! It's amazing!",
    "original": "Hah-hah! It's amazing!",
    "translation": "哈哈！太棒了！",
    "stage": 1
  },
  {
    "key": "I can't get enough of this! I’m about to explode!!!",
    "original": "I can't get enough of this! I’m about to explode!!!",
    "translation": "我受不了了！我要爆射了！！",
    "stage": 1
  },
  {
    "key": "Damn! I can't hold it anymore!",
    "original": "Damn! I can't hold it anymore!",
    "translation": "老天，我一点也忍不了了！",
    "stage": 1
  },
  {
    "key": "Oh yes! Make me cum, baby!",
    "original": "Oh yes! Make me cum, baby!",
    "translation": "哦耶！干死我吧！",
    "stage": 1
  },
  {
    "key": "I'm so turn on! I can't wait to try your cock after this!",
    "original": "I'm so turn on! I can't wait to try your cock after this!",
    "translation": "我已经湿的一塌糊涂了！我也等不及想试试你的鸡巴了！",
    "stage": 1
  },
  {
    "key": "I'm cumming! and I want to make it deep!!!",
    "original": "I'm cumming! and I want to make it deep!!!",
    "translation": "我要高潮了！我想插得再深一些！！",
    "stage": 1
  },
  {
    "key": "Pull it out, girl! He's almost bursting out!",
    "original": "Pull it out, girl! He's almost bursting out!",
    "translation": "快拔出来！他要射了！！",
    "stage": 1
  },
  {
    "key": "I...",
    "original": "I...",
    "translation": "我……",
    "stage": 1
  },
  {
    "key": "I can't... It's so good...",
    "original": "I can't... It's so good...",
    "translation": "我不要……感觉好爽……",
    "stage": 1
  },
  {
    "key": "Holy shit, I’m cumming.",
    "original": "Holy shit, I’m cumming.",
    "translation": "老天，我要射了",
    "stage": 1
  },
  {
    "key": "Do it inside me!!!",
    "original": "Do it inside me!!!",
    "translation": "射在我里面！！",
    "stage": 1
  },
  {
    "key": "Grgghhh!!!",
    "original": "Grgghhh!!!",
    "translation": "呃嗯啊啊！！",
    "stage": 1
  },
  {
    "key": "Arghh!!!",
    "original": "Arghh!!!",
    "translation": "啊啊！！",
    "stage": 1
  },
  {
    "key": "Phew! That's so satisfying!!!",
    "original": "Phew! That's so satisfying!!!",
    "translation": "呼！真是太过瘾了！！",
    "stage": 1
  },
  {
    "key": "Hah-hah! ",
    "original": "Hah-hah! ",
    "translation": "哈哈！",
    "stage": 1
  },
  {
    "key": "It's my turn! I need your cock! ",
    "original": "It's my turn! I need your cock! ",
    "translation": "该我了！让我坐上去试试！",
    "stage": 1
  },
  {
    "key": "\\c[25]Kayla\\c[0]...",
    "original": "\\c[25]Kayla\\c[0]...",
    "translation": "\\c[25]Kayla\\c[0]……",
    "stage": 1
  },
  {
    "key": "What is it?",
    "original": "What is it?",
    "translation": "怎么了？",
    "stage": 1
  },
  {
    "key": "T-Take... me to the infirmary room...",
    "original": "T-Take... me to the infirmary room...",
    "translation": "带-带我……去医务室……",
    "stage": 1
  },
  {
    "key": "I don't feel so well...",
    "original": "I don't feel so well...",
    "translation": "我没力气了……",
    "stage": 1
  },
  {
    "key": "Holy crap! I already told, this is suicide...",
    "original": "Holy crap! I already told, this is suicide...",
    "translation": "我去！我说过你简直不要命了……",
    "stage": 1
  },
  {
    "key": "End",
    "original": "End",
    "translation": "结束",
    "stage": 1
  },
  {
    "key": "Gulps...",
    "original": "Gulps...",
    "translation": "*咽口水*",
    "stage": 1
  },
  {
    "key": "Hope everything is okay!",
    "original": "Hope everything is okay!",
    "translation": "希望她没事！",
    "stage": 1
  },
  {
    "key": "Man! They are so hot!",
    "original": "Man! They are so hot!",
    "translation": "我去！她们可真够给力的！",
    "stage": 1
  },
  {
    "key": "I want to do more things with them...",
    "original": "I want to do more things with them...",
    "translation": "我还想再做一次……",
    "stage": 1
  }
]