[
  {
    "key": "Me <br>",
    "original": "Me <br>",
    "translation": "",
    "stage": 0
  },
  {
    "key": "The tree is too high. I don't know how to climb it.",
    "original": "The tree is too high. I don't know how to climb it.",
    "translation": "",
    "stage": 0
  },
  {
    "key": "Chill for 1 hours",
    "original": "Chill for 1 hours",
    "translation": "",
    "stage": 0
  },
  {
    "key": "Chill for 2 hours",
    "original": "Chill for 2 hours",
    "translation": "",
    "stage": 0
  },
  {
    "key": "Chill for 3 hours",
    "original": "Chill for 3 hours",
    "translation": "",
    "stage": 0
  },
  {
    "key": "Leave",
    "original": "Leave",
    "translation": "",
    "stage": 0
  },
  {
    "key": "Better head home. ",
    "original": "Better head home. ",
    "translation": "",
    "stage": 0
  },
  {
    "key": "Me  <br>",
    "original": "Me  <br>",
    "translation": "",
    "stage": 0
  },
  {
    "key": "\\C[22]Theo\\C[0] <br>",
    "original": "\\C[22]Theo\\C[0] <br>",
    "translation": "",
    "stage": 0
  },
  {
    "key": "What's sup, man? Get used in here?",
    "original": "What's sup, man? Get used in here?",
    "translation": "",
    "stage": 0
  },
  {
    "key": "Here! My gift.",
    "original": "Here! My gift.",
    "translation": "",
    "stage": 0
  },
  {
    "key": "*\\C[22]Theo\\C[0] give you a soda.*",
    "original": "*\\C[22]Theo\\C[0] give you a soda.*",
    "translation": "",
    "stage": 0
  },
  {
    "key": "You don't have to do this.",
    "original": "You don't have to do this.",
    "translation": "",
    "stage": 0
  },
  {
    "key": "Don't worry! It's cheap as chips. You can buy it on the vending machine next to me.",
    "original": "Don't worry! It's cheap as chips. You can buy it on the vending machine next to me.",
    "translation": "",
    "stage": 0
  },
  {
    "key": "If that so. Thank you very much!",
    "original": "If that so. Thank you very much!",
    "translation": "",
    "stage": 0
  },
  {
    "key": "(What is this brand? It looks so weird.)",
    "original": "(What is this brand? It looks so weird.)",
    "translation": "",
    "stage": 0
  },
  {
    "key": "(Anyway, let try it out! Probably a new drink.)",
    "original": "(Anyway, let try it out! Probably a new drink.)",
    "translation": "",
    "stage": 0
  },
  {
    "key": "...",
    "original": "...",
    "translation": "",
    "stage": 0
  },
  {
    "key": "(WTF! Delicious!)",
    "original": "(WTF! Delicious!)",
    "translation": "",
    "stage": 0
  },
  {
    "key": "Dude! This drink so fucking delicious! ",
    "original": "Dude! This drink so fucking delicious! ",
    "translation": "",
    "stage": 0
  },
  {
    "key": "It feels like I drink water all the time.",
    "original": "It feels like I drink water all the time.",
    "translation": "",
    "stage": 0
  },
  {
    "key": "(Strange! Isn't it just a regular drink?)",
    "original": "(Strange! Isn't it just a regular drink?)",
    "translation": "",
    "stage": 0
  },
  {
    "key": "Let me see it.",
    "original": "Let me see it.",
    "translation": "",
    "stage": 0
  },
  {
    "key": "Shit! I gave you the wrong one!",
    "original": "Shit! I gave you the wrong one!",
    "translation": "",
    "stage": 0
  },
  {
    "key": "It-It's my energy drink.",
    "original": "It-It's my energy drink.",
    "translation": "",
    "stage": 0
  },
  {
    "key": "I'm so careless, man! Sorry!",
    "original": "I'm so careless, man! Sorry!",
    "translation": "",
    "stage": 0
  },
  {
    "key": "What is it? Does it have side effect or something?",
    "original": "What is it? Does it have side effect or something?",
    "translation": "",
    "stage": 0
  },
  {
    "key": "No-No, it's not. But...",
    "original": "No-No, it's not. But...",
    "translation": "",
    "stage": 0
  },
  {
    "key": "What is it, man? You make me so curious now!",
    "original": "What is it, man? You make me so curious now!",
    "translation": "",
    "stage": 0
  },
  {
    "key": "It's okay to drink but it's stronger than other energy drinks, a bit.....",
    "original": "It's okay to drink but it's stronger than other energy drinks, a bit.....",
    "translation": "",
    "stage": 0
  },
  {
    "key": "Do not worry! It has no big problem. You just need to shower to cool it down.",
    "original": "Do not worry! It has no big problem. You just need to shower to cool it down.",
    "translation": "",
    "stage": 0
  },
  {
    "key": "Anyway, good luck my man...",
    "original": "Anyway, good luck my man...",
    "translation": "",
    "stage": 0
  },
  {
    "key": "(Hmm...)",
    "original": "(Hmm...)",
    "translation": "",
    "stage": 0
  },
  {
    "key": "(For some reason. I feel a bit hot right now.)",
    "original": "(For some reason. I feel a bit hot right now.)",
    "translation": "",
    "stage": 0
  },
  {
    "key": "(Anyway, Bathing is the best option.)",
    "original": "(Anyway, Bathing is the best option.)",
    "translation": "",
    "stage": 0
  },
  {
    "key": "(Referring to the bath. I haven't had a bath with Auntie for a long time. Maybe I should ask her to take a shower with.)",
    "original": "(Referring to the bath. I haven't had a bath with Auntie for a long time. Maybe I should ask her to take a shower with.)",
    "translation": "",
    "stage": 0
  },
  {
    "key": "Yo! Anything new, man!",
    "original": "Yo! Anything new, man!",
    "translation": "",
    "stage": 0
  },
  {
    "key": "You really need to cool down now, man!",
    "original": "You really need to cool down now, man!",
    "translation": "",
    "stage": 0
  },
  {
    "key": "So... Did something happen?",
    "original": "So... Did something happen?",
    "translation": "",
    "stage": 0
  },
  {
    "key": "Huh? What are you talking about?",
    "original": "Huh? What are you talking about?",
    "translation": "",
    "stage": 0
  },
  {
    "key": "That day, when you drink my energy drink.",
    "original": "That day, when you drink my energy drink.",
    "translation": "",
    "stage": 0
  },
  {
    "key": "Nothing happened.",
    "original": "Nothing happened.",
    "translation": "",
    "stage": 0
  },
  {
    "key": "Oh! I remember!",
    "original": "Oh! I remember!",
    "translation": "",
    "stage": 0
  },
  {
    "key": "What!? Hurry, tell me! Did she like it?",
    "original": "What!? Hurry, tell me! Did she like it?",
    "translation": "",
    "stage": 0
  },
  {
    "key": "What are you talking about?",
    "original": "What are you talking about?",
    "translation": "",
    "stage": 0
  },
  {
    "key": "I just saying that I have such a good sleep. My body already warm so I don't need my blanket.",
    "original": "I just saying that I have such a good sleep. My body already warm so I don't need my blanket.",
    "translation": "",
    "stage": 0
  },
  {
    "key": "Eh... Just that!",
    "original": "Eh... Just that!",
    "translation": "",
    "stage": 0
  },
  {
    "key": "Boring!!!",
    "original": "Boring!!!",
    "translation": "",
    "stage": 0
  },
  {
    "key": "What is wrong with you?",
    "original": "What is wrong with you?",
    "translation": "",
    "stage": 0
  },
  {
    "key": "Anyway, It's so delicious. Can you tell me where to buy it because I can't seem to find it on the vending machine?",
    "original": "Anyway, It's so delicious. Can you tell me where to buy it because I can't seem to find it on the vending machine?",
    "translation": "",
    "stage": 0
  },
  {
    "key": "Here! Take it.",
    "original": "Here! Take it.",
    "translation": "",
    "stage": 0
  },
  {
    "key": "What? Just tell me where to buy it, man?",
    "original": "What? Just tell me where to buy it, man?",
    "translation": "",
    "stage": 0
  },
  {
    "key": "It was very special. Normal person can't buy it, man.",
    "original": "It was very special. Normal person can't buy it, man.",
    "translation": "",
    "stage": 0
  },
  {
    "key": "I will ask him if he agrees to let you buy his goods.",
    "original": "I will ask him if he agrees to let you buy his goods.",
    "translation": "",
    "stage": 0
  },
  {
    "key": "(I feel like step on something isn't right.)",
    "original": "(I feel like step on something isn't right.)",
    "translation": "",
    "stage": 0
  },
  {
    "key": "Anyway, Take it! It's not that much so don't worry!",
    "original": "Anyway, Take it! It's not that much so don't worry!",
    "translation": "",
    "stage": 0
  },
  {
    "key": "Just tell me the better story next time!",
    "original": "Just tell me the better story next time!",
    "translation": "",
    "stage": 0
  },
  {
    "key": "*\\C[22]Theo\\C[0] give you an energy drink.*",
    "original": "*\\C[22]Theo\\C[0] give you an energy drink.*",
    "translation": "",
    "stage": 0
  },
  {
    "key": "\\c[25]Kayla\\c[0] <br>",
    "original": "\\c[25]Kayla\\c[0] <br>",
    "translation": "",
    "stage": 0
  },
  {
    "key": "Hey, handsome! Can you buy us something to drink?",
    "original": "Hey, handsome! Can you buy us something to drink?",
    "translation": "",
    "stage": 0
  },
  {
    "key": "Sure",
    "original": "Sure",
    "translation": "",
    "stage": 0
  },
  {
    "key": "No",
    "original": "No",
    "translation": "",
    "stage": 0
  },
  {
    "key": "Sure!",
    "original": "Sure!",
    "translation": "",
    "stage": 0
  },
  {
    "key": "Red Shirt Guy <br>",
    "original": "Red Shirt Guy <br>",
    "translation": "",
    "stage": 0
  },
  {
    "key": "Hey, girls! I got you guys some drinks!",
    "original": "Hey, girls! I got you guys some drinks!",
    "translation": "",
    "stage": 0
  },
  {
    "key": "We don't remember asking you for this. Get away!",
    "original": "We don't remember asking you for this. Get away!",
    "translation": "",
    "stage": 0
  },
  {
    "key": "\\c[20]Imani\\c[0]! We have known for a long time.",
    "original": "\\c[20]Imani\\c[0]! We have known for a long time.",
    "translation": "",
    "stage": 0
  },
  {
    "key": "Can you go out with me?",
    "original": "Can you go out with me?",
    "translation": "",
    "stage": 0
  },
  {
    "key": "\\c[20]Imani\\c[0] <br>",
    "original": "\\c[20]Imani\\c[0] <br>",
    "translation": "",
    "stage": 0
  },
  {
    "key": "Can you just stop doing this for like... every day?",
    "original": "Can you just stop doing this for like... every day?",
    "translation": "",
    "stage": 0
  },
  {
    "key": "I already said that I don't like you.",
    "original": "I already said that I don't like you.",
    "translation": "",
    "stage": 0
  },
  {
    "key": "B-But I'm rich! I will buy you everything you want!",
    "original": "B-But I'm rich! I will buy you everything you want!",
    "translation": "",
    "stage": 0
  },
  {
    "key": "Duh! ",
    "original": "Duh! ",
    "translation": "",
    "stage": 0
  },
  {
    "key": "You're not the only one who has money, boy. Get the hell back!",
    "original": "You're not the only one who has money, boy. Get the hell back!",
    "translation": "",
    "stage": 0
  },
  {
    "key": "Quit it. I only date pretty boys!",
    "original": "Quit it. I only date pretty boys!",
    "translation": "",
    "stage": 0
  },
  {
    "key": "One day, you can feel my true luv!",
    "original": "One day, you can feel my true luv!",
    "translation": "",
    "stage": 0
  },
  {
    "key": "Ye ye! ",
    "original": "Ye ye! ",
    "translation": "",
    "stage": 0
  },
  {
    "key": "Now if you don't mind, we just want to chill in here.",
    "original": "Now if you don't mind, we just want to chill in here.",
    "translation": "",
    "stage": 0
  },
  {
    "key": "Is everything okay? Where is that guy?",
    "original": "Is everything okay? Where is that guy?",
    "translation": "",
    "stage": 0
  },
  {
    "key": "Don't worry about him.",
    "original": "Don't worry about him.",
    "translation": "",
    "stage": 0
  },
  {
    "key": "Come take a seat!",
    "original": "Come take a seat!",
    "translation": "",
    "stage": 0
  },
  {
    "key": "Nah ah!",
    "original": "Nah ah!",
    "translation": "",
    "stage": 0
  },
  {
    "key": "You're so boring!",
    "original": "You're so boring!",
    "translation": "",
    "stage": 0
  },
  {
    "key": "Do you want to join?",
    "original": "Do you want to join?",
    "translation": "",
    "stage": 0
  },
  {
    "key": "Yes",
    "original": "Yes",
    "translation": "",
    "stage": 0
  },
  {
    "key": "Yawn!",
    "original": "Yawn!",
    "translation": "",
    "stage": 0
  },
  {
    "key": "Holy shit, it's been like 30 minutes.",
    "original": "Holy shit, it's been like 30 minutes.",
    "translation": "",
    "stage": 0
  },
  {
    "key": "How can they say so much?",
    "original": "How can they say so much?",
    "translation": "",
    "stage": 0
  },
  {
    "key": "Damn! ",
    "original": "Damn! ",
    "translation": "",
    "stage": 0
  },
  {
    "key": "\\c[20]Imani\\c[0]'s shirt is so loose. I can see her boob and nipple.",
    "original": "\\c[20]Imani\\c[0]'s shirt is so loose. I can see her boob and nipple.",
    "translation": "",
    "stage": 0
  },
  {
    "key": "Gulps...",
    "original": "Gulps...",
    "translation": "",
    "stage": 0
  },
  {
    "key": "Oh, the deal with that guy!",
    "original": "Oh, the deal with that guy!",
    "translation": "",
    "stage": 0
  },
  {
    "key": "What is his name again? ",
    "original": "What is his name again? ",
    "translation": "",
    "stage": 0
  },
  {
    "key": "Nevermind.",
    "original": "Nevermind.",
    "translation": "",
    "stage": 0
  },
  {
    "key": "Shit! It's so hot, even if this is a deal or not...",
    "original": "Shit! It's so hot, even if this is a deal or not...",
    "translation": "",
    "stage": 0
  },
  {
    "key": "Sorry! I have a call. ",
    "original": "Sorry! I have a call. ",
    "translation": "",
    "stage": 0
  },
  {
    "key": "Okay.",
    "original": "Okay.",
    "translation": "",
    "stage": 0
  },
  {
    "key": "He-he!",
    "original": "He-he!",
    "translation": "",
    "stage": 0
  },
  {
    "key": "Yeah, boy! Nice angle!",
    "original": "Yeah, boy! Nice angle!",
    "translation": "",
    "stage": 0
  },
  {
    "key": "!!!",
    "original": "!!!",
    "translation": "",
    "stage": 0
  },
  {
    "key": "Holy shot! I forgot to turn off the sound!!!",
    "original": "Holy shot! I forgot to turn off the sound!!!",
    "translation": "",
    "stage": 0
  },
  {
    "key": "What is it!?",
    "original": "What is it!?",
    "translation": "",
    "stage": 0
  },
  {
    "key": "Give me your phone!",
    "original": "Give me your phone!",
    "translation": "",
    "stage": 0
  },
  {
    "key": "Damn, girl! He's peeking on your tit!",
    "original": "Damn, girl! He's peeking on your tit!",
    "translation": "",
    "stage": 0
  },
  {
    "key": "Hey! Give me back my phone!",
    "original": "Hey! Give me back my phone!",
    "translation": "",
    "stage": 0
  },
  {
    "key": "Bring him to behind the gymnasium! We need more investigation!",
    "original": "Bring him to behind the gymnasium! We need more investigation!",
    "translation": "",
    "stage": 0
  },
  {
    "key": "Maybe another time.",
    "original": "Maybe another time.",
    "translation": "",
    "stage": 0
  },
  {
    "key": "Hey, girls!",
    "original": "Hey, girls!",
    "translation": "",
    "stage": 0
  },
  {
    "key": "Wanna have some... fun?",
    "original": "Wanna have some... fun?",
    "translation": "",
    "stage": 0
  },
  {
    "key": "Oh! Hi, \\n[1]...",
    "original": "Oh! Hi, \\n[1]...",
    "translation": "",
    "stage": 0
  },
  {
    "key": "Ha-ha! Maybe you don't know but she's having a trauma now.",
    "original": "Ha-ha! Maybe you don't know but she's having a trauma now.",
    "translation": "",
    "stage": 0
  },
  {
    "key": "What do you think about my clothes? I just bought it not so long ago.",
    "original": "What do you think about my clothes? I just bought it not so long ago.",
    "translation": "",
    "stage": 0
  },
  {
    "key": "Beautiful! Really suit on you. I'm sure every men love it.",
    "original": "Beautiful! Really suit on you. I'm sure every men love it.",
    "translation": "",
    "stage": 0
  },
  {
    "key": "Really!? How do you know?",
    "original": "Really!? How do you know?",
    "translation": "",
    "stage": 0
  },
  {
    "key": "Ha-ha. Look at this \"Mister\" right here.",
    "original": "Ha-ha. Look at this \"Mister\" right here.",
    "translation": "",
    "stage": 0
  },
  {
    "key": "He's been looking at your exposed titties for a while.",
    "original": "He's been looking at your exposed titties for a while.",
    "translation": "",
    "stage": 0
  },
  {
    "key": "Girls <br>",
    "original": "Girls <br>",
    "translation": "",
    "stage": 0
  },
  {
    "key": "Ha-ha...",
    "original": "Ha-ha...",
    "translation": "",
    "stage": 0
  },
  {
    "key": "Hey, dude!",
    "original": "Hey, dude!",
    "translation": "",
    "stage": 0
  },
  {
    "key": "What's wrong?",
    "original": "What's wrong?",
    "translation": "",
    "stage": 0
  },
  {
    "key": "What the fuck? I've seen a lot of things like this in the movies.",
    "original": "What the fuck? I've seen a lot of things like this in the movies.",
    "translation": "",
    "stage": 0
  },
  {
    "key": "Does he want to pick a fight with me?",
    "original": "Does he want to pick a fight with me?",
    "translation": "",
    "stage": 0
  },
  {
    "key": "Did you know them before?",
    "original": "Did you know them before?",
    "translation": "",
    "stage": 0
  },
  {
    "key": "Who you're talking about?",
    "original": "Who you're talking about?",
    "translation": "",
    "stage": 0
  },
  {
    "key": "Two girls over there.",
    "original": "Two girls over there.",
    "translation": "",
    "stage": 0
  },
  {
    "key": "Not really.",
    "original": "Not really.",
    "translation": "",
    "stage": 0
  },
  {
    "key": "I saw they really like you. Can you do this for me?",
    "original": "I saw they really like you. Can you do this for me?",
    "translation": "",
    "stage": 0
  },
  {
    "key": "I will give you something in return.",
    "original": "I will give you something in return.",
    "translation": "",
    "stage": 0
  },
  {
    "key": "Probably a love letter. I guess...",
    "original": "Probably a love letter. I guess...",
    "translation": "",
    "stage": 0
  },
  {
    "key": "Sure.",
    "original": "Sure.",
    "translation": "",
    "stage": 0
  },
  {
    "key": "You see the girl with the orange shirt. Her name is \\c[20]Imani\\c[0]. The other one is \\c[25]Kayla\\c[0].",
    "original": "You see the girl with the orange shirt. Her name is \\c[20]Imani\\c[0]. The other one is \\c[25]Kayla\\c[0].",
    "translation": "",
    "stage": 0
  },
  {
    "key": "I fell in love with her at first sight. Can you take a picture of her tit for me?",
    "original": "I fell in love with her at first sight. Can you take a picture of her tit for me?",
    "translation": "",
    "stage": 0
  },
  {
    "key": "Uh-huh.",
    "original": "Uh-huh.",
    "translation": "",
    "stage": 0
  },
  {
    "key": "Wait a minute! That makes no sense.",
    "original": "Wait a minute! That makes no sense.",
    "translation": "",
    "stage": 0
  },
  {
    "key": "I thought you wanted me to pass on your love letter to her.",
    "original": "I thought you wanted me to pass on your love letter to her.",
    "translation": "",
    "stage": 0
  },
  {
    "key": "C'mon, man! I-I will give you 1000\\i[172]!",
    "original": "C'mon, man! I-I will give you 1000\\i[172]!",
    "translation": "",
    "stage": 0
  },
  {
    "key": "No way!",
    "original": "No way!",
    "translation": "",
    "stage": 0
  },
  {
    "key": "Fine! You know how to play the bargaining game.",
    "original": "Fine! You know how to play the bargaining game.",
    "translation": "",
    "stage": 0
  },
  {
    "key": "2000\\i[172]!",
    "original": "2000\\i[172]!",
    "translation": "",
    "stage": 0
  },
  {
    "key": "Deal! ",
    "original": "Deal! ",
    "translation": "",
    "stage": 0
  },
  {
    "key": "Where is my money at?",
    "original": "Where is my money at?",
    "translation": "",
    "stage": 0
  },
  {
    "key": "Hold up! ",
    "original": "Hold up! ",
    "translation": "",
    "stage": 0
  },
  {
    "key": "I only give you money when you have the goods.",
    "original": "I only give you money when you have the goods.",
    "translation": "",
    "stage": 0
  },
  {
    "key": "Do you even know how the drug works?",
    "original": "Do you even know how the drug works?",
    "translation": "",
    "stage": 0
  },
  {
    "key": "No!?",
    "original": "No!?",
    "translation": "",
    "stage": 0
  },
  {
    "key": "Back here when you have somethin'.",
    "original": "Back here when you have somethin'.",
    "translation": "",
    "stage": 0
  },
  {
    "key": "What do ya want, Punk?",
    "original": "What do ya want, Punk?",
    "translation": "",
    "stage": 0
  },
  {
    "key": "Yo locking my sight!",
    "original": "Yo locking my sight!",
    "translation": "",
    "stage": 0
  },
  {
    "key": "Have you got anything yet?",
    "original": "Have you got anything yet?",
    "translation": "",
    "stage": 0
  },
  {
    "key": "I'm still on my way on it.",
    "original": "I'm still on my way on it.",
    "translation": "",
    "stage": 0
  },
  {
    "key": "Ye...",
    "original": "Ye...",
    "translation": "",
    "stage": 0
  },
  {
    "key": "Hurry and send them to me!",
    "original": "Hurry and send them to me!",
    "translation": "",
    "stage": 0
  },
  {
    "key": "God damn! She's so hot!",
    "original": "God damn! She's so hot!",
    "translation": "",
    "stage": 0
  },
  {
    "key": "I know, right.",
    "original": "I know, right.",
    "translation": "",
    "stage": 0
  },
  {
    "key": "Is this cowgirl? Damn, it's so good!",
    "original": "Is this cowgirl? Damn, it's so good!",
    "translation": "",
    "stage": 0
  },
  {
    "key": "Who is this?",
    "original": "Who is this?",
    "translation": "",
    "stage": 0
  },
  {
    "key": "It's me.",
    "original": "It's me.",
    "translation": "",
    "stage": 0
  },
  {
    "key": "Ha-ha! I don't think you can have such a big pack.",
    "original": "Ha-ha! I don't think you can have such a big pack.",
    "translation": "",
    "stage": 0
  },
  {
    "key": "Send this to me as well!",
    "original": "Send this to me as well!",
    "translation": "",
    "stage": 0
  },
  {
    "key": "1000\\i[172]!",
    "original": "1000\\i[172]!",
    "translation": "",
    "stage": 0
  },
  {
    "key": "Okay okay!",
    "original": "Okay okay!",
    "translation": "",
    "stage": 0
  },
  {
    "key": "She looks quite familiar...",
    "original": "She looks quite familiar...",
    "translation": "",
    "stage": 0
  },
  {
    "key": "It's just your imagination, bro!",
    "original": "It's just your imagination, bro!",
    "translation": "",
    "stage": 0
  },
  {
    "key": "Thanks, buddy!",
    "original": "Thanks, buddy!",
    "translation": "",
    "stage": 0
  },
  {
    "key": "Watch where you're going, bro!",
    "original": "Watch where you're going, bro!",
    "translation": "",
    "stage": 0
  },
  {
    "key": "What is wrong with that dude?",
    "original": "What is wrong with that dude?",
    "translation": "",
    "stage": 0
  }
]