[
  {
    "key": "\\C[14]Ms. Emmi\\C[0] <br>",
    "original": "\\C[14]Ms. Emmi\\C[0] <br>",
    "translation": "\\C[14]埃米小姐\\C[0] <br>",
    "stage": 1
  },
  {
    "key": "How do you feel, \\n[1]! Did you have fun?",
    "original": "How do you feel, \\n[1]! Did you have fun?",
    "translation": "怎么样，\\n[1]！开心吗？",
    "stage": 1
  },
  {
    "key": "Me <br>",
    "original": "Me <br>",
    "translation": "我 <br>",
    "stage": 1
  },
  {
    "key": "I wish every day is outdoor class!",
    "original": "I wish every day is outdoor class!",
    "translation": "我真希望每天都有外出课！",
    "stage": 1
  },
  {
    "key": "Ha-ha!",
    "original": "Ha-ha!",
    "translation": "哈哈！",
    "stage": 1
  },
  {
    "key": "End Class",
    "original": "End Class",
    "translation": "结束课程",
    "stage": 1
  },
  {
    "key": "No",
    "original": "No",
    "translation": "不要",
    "stage": 1
  },
  {
    "key": "Alright, everyone! That's enough for today.",
    "original": "Alright, everyone! That's enough for today.",
    "translation": "好了大家！今天就先到这里",
    "stage": 1
  },
  {
    "key": "Boy <br>",
    "original": "Boy <br>",
    "translation": "男生<br>",
    "stage": 1
  },
  {
    "key": "Uurgh! Come on...",
    "original": "Uurgh! Come on...",
    "translation": "呃啊！别吧……",
    "stage": 1
  },
  {
    "key": "Just a little bit more, \\C[14]Ms. Emmi\\C[0]",
    "original": "Just a little bit more, \\C[14]Ms. Emmi\\C[0]",
    "translation": "再玩一会儿嘛, \\C[14]埃米小姐\\C[0]",
    "stage": 1
  },
  {
    "key": "Don't worry, we have outdoor class every week!",
    "original": "Don't worry, we have outdoor class every week!",
    "translation": "没事的，我们每周都有外出课！",
    "stage": 1
  },
  {
    "key": "The whole class <br>",
    "original": "The whole class <br>",
    "translation": "全班 <br>",
    "stage": 1
  },
  {
    "key": "YEAH!!",
    "original": "YEAH!!",
    "translation": "好耶！！",
    "stage": 1
  },
  {
    "key": "Now, let's go back!",
    "original": "Now, let's go back!",
    "translation": "现在先回去吧！",
    "stage": 1
  },
  {
    "key": "It was so fun! <br>",
    "original": "It was so fun! <br>",
    "translation": "真好玩！ <br>",
    "stage": 1
  },
  {
    "key": "I'm looking forward to next week's outdoor class!",
    "original": "I'm looking forward to next week's outdoor class!",
    "translation": "我已经等不及下周上外出课了！",
    "stage": 1
  },
  {
    "key": "\\C[6]Ms. Betty\\C[0] <br>",
    "original": "\\C[6]Ms. Betty\\C[0] <br>",
    "translation": "\\C[6]贝蒂小姐\\C[0] <br>",
    "stage": 1
  },
  {
    "key": "I'm busy, talk to someone else.",
    "original": "I'm busy, talk to someone else.",
    "translation": "我很忙，去找其他人",
    "stage": 1
  },
  {
    "key": "Girl <br>",
    "original": "Girl <br>",
    "translation": "女孩 <br>",
    "stage": 1
  },
  {
    "key": "Hey! Wanna go and pick some flowers?",
    "original": "Hey! Wanna go and pick some flowers?",
    "translation": "嘿！想来摘朵花吗？",
    "stage": 1
  },
  {
    "key": "\\C[27]Mabel\\C[0] <br>",
    "original": "\\C[27]Mabel\\C[0] <br>",
    "translation": "\\C[27]梅尔\\C[0] <br>",
    "stage": 1
  },
  {
    "key": "I better stay here...",
    "original": "I better stay here...",
    "translation": "我还是呆在这儿吧……",
    "stage": 1
  },
  {
    "key": "\\C[21]Brad\\C[0] <br>",
    "original": "\\C[21]Brad\\C[0] <br>",
    "translation": "\\C[21]布拉德\\C[0] <br>",
    "stage": 1
  },
  {
    "key": "You wanna eat my fist or maybe your ass wants to taste my foot!",
    "original": "You wanna eat my fist or maybe your ass wants to taste my foot!",
    "translation": "你是想吃我一拳还是一脚！",
    "stage": 1
  },
  {
    "key": "Stay away from me!",
    "original": "Stay away from me!",
    "translation": "离我远点！",
    "stage": 1
  },
  {
    "key": "Alright class, we're here!",
    "original": "Alright class, we're here!",
    "translation": "好了大家，我们到了！",
    "stage": 1
  },
  {
    "key": "Find a spot to set your bags down.",
    "original": "Find a spot to set your bags down.",
    "translation": "找个地方把背包放一下",
    "stage": 1
  },
  {
    "key": "Oh, you can set the materials down here, \\n[1].",
    "original": "Oh, you can set the materials down here, \\n[1].",
    "translation": "哦你可以把材料放在这，\\n[1]",
    "stage": 1
  },
  {
    "key": "Say no more...",
    "original": "Say no more...",
    "translation": "不用说了……",
    "stage": 1
  },
  {
    "key": "Thanks for the help \\n[1]. <br>",
    "original": "Thanks for the help \\n[1]. <br>",
    "translation": "感谢帮忙，\\n[1]",
    "stage": 1
  },
  {
    "key": "I'll take it from here.",
    "original": "I'll take it from here.",
    "translation": "我会拿走的",
    "stage": 1
  },
  {
    "key": "Go and set your stuff down so I can explain our activity.",
    "original": "Go and set your stuff down so I can explain our activity.",
    "translation": "去把你们的东西都放下，然后来听我讲话",
    "stage": 1
  },
  {
    "key": "(Can't... feel... my arms...)",
    "original": "(Can't... feel... my arms...)",
    "translation": "(我……胳膊……没知觉了……)",
    "stage": 1
  },
  {
    "key": "That's all for today's lesson!",
    "original": "That's all for today's lesson!",
    "translation": "我要说的就这么多了！",
    "stage": 1
  },
  {
    "key": "Stay away from mushrooms you don't know or that are brightly colored.",
    "original": "Stay away from mushrooms you don't know or that are brightly colored.",
    "translation": "离颜色鲜艳的蘑菇远点！小心别吃了中毒！",
    "stage": 1
  },
  {
    "key": "If you are bleeding or bitten by a snake, <br>",
    "original": "If you are bleeding or bitten by a snake, <br>",
    "translation": "如果你们受伤了，或是被蛇咬了 <br>",
    "stage": 1
  },
  {
    "key": "come here immediately.",
    "original": "come here immediately.",
    "translation": "赶快来这里找我",
    "stage": 1
  },
  {
    "key": "Don't get any funny ideas.",
    "original": "Don't get any funny ideas.",
    "translation": "没什么好点子",
    "stage": 1
  },
  {
    "key": "There's a campfire over there, <br>",
    "original": "There's a campfire over there, <br>",
    "translation": "这里有片篝火 <br>",
    "stage": 1
  },
  {
    "key": "you can grill mushrooms or roast marshmallows.",
    "original": "you can grill mushrooms or roast marshmallows.",
    "translation": "你们可以在这里烤蘑菇或棉花糖吃",
    "stage": 1
  },
  {
    "key": "Think of it as a picnic. <br>",
    "original": "Think of it as a picnic. <br>",
    "translation": "把这当成是野餐就行 <br>",
    "stage": 1
  },
  {
    "key": "We will return in the afternoon.",
    "original": "We will return in the afternoon.",
    "translation": "我们下午回去",
    "stage": 1
  },
  {
    "key": "\\c[14]Work in process! <br>",
    "original": "\\c[14]Work in process! <br>",
    "translation": "\\c[14]尚未完成！ <br>",
    "stage": 1
  },
  {
    "key": "There is nothing you can do here yet. <br>",
    "original": "There is nothing you can do here yet. <br>",
    "translation": "现在你还什么都做不了 <br>",
    "stage": 1
  },
  {
    "key": "Talk with Emmi to end the outdoor class.",
    "original": "Talk with Emmi to end the outdoor class.",
    "translation": "去和埃米说话就能结束外出课",
    "stage": 1
  }
]