[
  {
    "key": "Me  <br>",
    "original": "Me  <br>",
    "translation": "我<br>",
    "stage": 1
  },
  {
    "key": "Auntie is sleeping very well, shouldn't disturb her. ",
    "original": "Auntie is sleeping very well, shouldn't disturb her. ",
    "translation": "阿姨睡得很香，我还是别打扰了",
    "stage": 1
  },
  {
    "key": "...",
    "original": "...",
    "translation": "...",
    "stage": 1
  },
  {
    "key": "Me <br>",
    "original": "Me <br>",
    "translation": "我 <br>",
    "stage": 1
  },
  {
    "key": "A little peek won't hurt.",
    "original": "A little peek won't hurt.",
    "translation": "偷偷看一眼应该没什么",
    "stage": 1
  },
  {
    "key": "The blanket is really entangled. ",
    "original": "The blanket is really entangled. ",
    "translation": "这毯子盖着真碍事",
    "stage": 1
  },
  {
    "key": "Glups...",
    "original": "Glups...",
    "translation": "*咽口水*",
    "stage": 1
  },
  {
    "key": "I think if I'm careful, I could move it without waking her up. ",
    "original": "I think if I'm careful, I could move it without waking her up. ",
    "translation": "我试试把毯子挪开，应该弄不醒阿姨的",
    "stage": 1
  },
  {
    "key": "I'm quite nervous... Maybe later. ",
    "original": "I'm quite nervous... Maybe later. ",
    "translation": "我有点紧张……要不下次再说吧",
    "stage": 1
  },
  {
    "key": "\\C[20]Auntie Daisy\\C[0]: \\C[3]+3\\C[0] <br>",
    "original": "\\C[20]Auntie Daisy\\C[0]: \\C[3]+3\\C[0] <br>",
    "translation": "\\C[20]黛西阿姨\\C[0]: \\C[3]+3\\C[0] <br>",
    "stage": 1
  },
  {
    "key": "\\C[20]Auntie Daisy\\C[0]: \\v[21]",
    "original": "\\C[20]Auntie Daisy\\C[0]: \\v[21]",
    "translation": "\\C[20]黛西阿姨\\C[0]: \\v[21]",
    "stage": 1
  },
  {
    "key": "SHE'S WAKING UP!!!!!",
    "original": "SHE'S WAKING UP!!!!!",
    "translation": "她要醒了！！！",
    "stage": 1
  },
  {
    "key": "Tactical retreat! Go Go Go!",
    "original": "Tactical retreat! Go Go Go!",
    "translation": "战术性撤退！！溜！",
    "stage": 1
  },
  {
    "key": "Ok, here we go...",
    "original": "Ok, here we go...",
    "translation": "很好……",
    "stage": 1
  },
  {
    "key": "Phews...",
    "original": "Phews...",
    "translation": "呼……",
    "stage": 1
  },
  {
    "key": "It's easier than I thought.",
    "original": "It's easier than I thought.",
    "translation": "比我想的简单多了",
    "stage": 1
  },
  {
    "key": "W..wa..wait. Wha... What is this?",
    "original": "W..wa..wait. Wha... What is this?",
    "translation": "等……等等……这是什么？",
    "stage": 1
  },
  {
    "key": "What is this clothes? I can clearly see everything.",
    "original": "What is this clothes? I can clearly see everything.",
    "translation": "这衣服跟没穿一样",
    "stage": 1
  },
  {
    "key": "And where did her panties go..?",
    "original": "And where did her panties go..?",
    "translation": "她怎么没穿内裤……？",
    "stage": 1
  },
  {
    "key": "Better get out of here before she wakes up!",
    "original": "Better get out of here before she wakes up!",
    "translation": "还是趁她没醒赶快溜吧！",
    "stage": 1
  },
  {
    "key": "\\C[20]Auntie Daisy\\C[0]: \\C[3]+5\\C[0] <br>",
    "original": "\\C[20]Auntie Daisy\\C[0]: \\C[3]+5\\C[0] <br>",
    "translation": "\\C[20]黛西阿姨\\C[0]: \\C[3]+5\\C[0] <br>",
    "stage": 1
  },
  {
    "key": "A bit touch is okay... I guess...",
    "original": "A bit touch is okay... I guess...",
    "translation": "轻轻碰一下应该没事……",
    "stage": 1
  },
  {
    "key": "I-I guess I can go a \"bit\" further. Auntie seems didn't mind that I did some naughty things...",
    "original": "I-I guess I can go a \"bit\" further. Auntie seems didn't mind that I did some naughty things...",
    "translation": "我-我觉得还能再进一步，阿姨应该对我调皮挺宽容的",
    "stage": 1
  },
  {
    "key": "It should be okay if I don't wake her up...",
    "original": "It should be okay if I don't wake her up...",
    "translation": "只要别弄醒她就好……",
    "stage": 1
  },
  {
    "key": "I'm a little pussy to make any actions right now...",
    "original": "I'm a little pussy to make any actions right now...",
    "translation": "我现在大气都不敢喘一口了……",
    "stage": 1
  },
  {
    "key": "The tip... I managed to get the tip inside auntie's pussy...",
    "original": "The tip... I managed to get the tip inside auntie's pussy...",
    "translation": "头头……我想把头头塞进阿姨的小穴里……",
    "stage": 1
  },
  {
    "key": "Her inside is so hot... I can feel its wall still twitching because of her climax earlier.",
    "original": "Her inside is so hot... I can feel its wall still twitching because of her climax earlier.",
    "translation": "她里面好热……我甚至能感觉到肉壁一颤一颤的",
    "stage": 1
  },
  {
    "key": "It feels so gooooood! I can't believe I put my dick inside my aunt's pussy!",
    "original": "It feels so gooooood! I can't believe I put my dick inside my aunt's pussy!",
    "translation": "感觉太爽啦！我竟然真的插进去了！",
    "stage": 1
  },
  {
    "key": "She doesn't seem to wake up...",
    "original": "She doesn't seem to wake up...",
    "translation": "她看起来睡得挺沉……",
    "stage": 1
  },
  {
    "key": "*Gulp*",
    "original": "*Gulp*",
    "translation": "*咽口水*",
    "stage": 1
  },
  {
    "key": "That's a good sign. ",
    "original": "That's a good sign. ",
    "translation": "到目前为止还算不错",
    "stage": 1
  },
  {
    "key": "She still in her good sleep. All I need is just move slowly and not too deep...",
    "original": "She still in her good sleep. All I need is just move slowly and not too deep...",
    "translation": "她还睡得挺香，我就稍微动动……",
    "stage": 1
  },
  {
    "key": "Start Moving",
    "original": "Start Moving",
    "translation": "开始晃动",
    "stage": 1
  },
  {
    "key": "It's so gooood!!!",
    "original": "It's so gooood!!!",
    "translation": "好舒服！！",
    "stage": 1
  },
  {
    "key": "Hah-hah...",
    "original": "Hah-hah...",
    "translation": "哈啊……哈啊……",
    "stage": 1
  },
  {
    "key": "I-I can feel her pussy's wall is rubbing around my dickhead!",
    "original": "I-I can feel her pussy's wall is rubbing around my dickhead!",
    "translation": "我-我能感觉到她的肉壁在摩擦着我的龟头！",
    "stage": 1
  },
  {
    "key": "My most sensitive part is being caressed...",
    "original": "My most sensitive part is being caressed...",
    "translation": "正在蹭着我的敏感点……",
    "stage": 1
  },
  {
    "key": "I don't think I can hold it much longer!",
    "original": "I don't think I can hold it much longer!",
    "translation": "我要忍不住了！",
    "stage": 1
  },
  {
    "key": "Cum",
    "original": "Cum",
    "translation": "射精",
    "stage": 1
  },
  {
    "key": "Her pussy is so hot because of my friction...",
    "original": "Her pussy is so hot because of my friction...",
    "translation": "我抽插搞的小穴变得好热",
    "stage": 1
  },
  {
    "key": "It feels like my dickhead is melted...",
    "original": "It feels like my dickhead is melted...",
    "translation": "感觉我的鸡鸡要融化了……",
    "stage": 1
  },
  {
    "key": "It's so numb and amazing!!!",
    "original": "It's so numb and amazing!!!",
    "translation": "感觉真是太舒服了！！",
    "stage": 1
  },
  {
    "key": "It's bad!!! I can't hold it anymore!!!",
    "original": "It's bad!!! I can't hold it anymore!!!",
    "translation": "不行！我认不出了！！",
    "stage": 1
  },
  {
    "key": "It's coming! My hot cum!!!",
    "original": "It's coming! My hot cum!!!",
    "translation": "要来了，我要射了！！",
    "stage": 1
  },
  {
    "key": "Pull Out",
    "original": "Pull Out",
    "translation": "拔出来",
    "stage": 1
  },
  {
    "key": "Crap! I came inside my auntie without thinking!!!",
    "original": "Crap! I came inside my auntie without thinking!!!",
    "translation": "不好！我脑子还没反应过来就射在里面了！！",
    "stage": 1
  },
  {
    "key": "It's not too deep so... I guess it would be fine!",
    "original": "It's not too deep so... I guess it would be fine!",
    "translation": "没插多深……应该没事吧！",
    "stage": 1
  },
  {
    "key": "My cum is still flowing out from her pussy!",
    "original": "My cum is still flowing out from her pussy!",
    "translation": "小穴里还在往外流精液！",
    "stage": 1
  },
  {
    "key": "I wish I can do it another round but she may wake up if I did it.",
    "original": "I wish I can do it another round but she may wake up if I did it.",
    "translation": "我还想再来一遍，但可能会弄醒她",
    "stage": 1
  },
  {
    "key": "I hope she will not get knocked up just by I have put my tip... and came inside her.",
    "original": "I hope she will not get knocked up just by I have put my tip... and came inside her.",
    "translation": "希望她不会意识到我插进去……还在里面射了",
    "stage": 1
  },
  {
    "key": "Better get out of here...",
    "original": "Better get out of here...",
    "translation": "还是快溜吧……",
    "stage": 1
  },
  {
    "key": "I made her climax with my tongue.",
    "original": "I made her climax with my tongue.",
    "translation": "我舔到她高潮了",
    "stage": 1
  },
  {
    "key": "Man... She's so sexy when she moans.",
    "original": "Man... She's so sexy when she moans.",
    "translation": "老天……她的娇喘真色啊",
    "stage": 1
  },
  {
    "key": "Her pussy is so sticky and slimy now because of my saliva and her juice leaking out.",
    "original": "Her pussy is so sticky and slimy now because of my saliva and her juice leaking out.",
    "translation": "她的小穴已经湿的一塌糊涂了",
    "stage": 1
  },
  {
    "key": "I can feel my dick is throbbing and it wants something...",
    "original": "I can feel my dick is throbbing and it wants something...",
    "translation": "我的小鸡鸡现在一跳一跳的……",
    "stage": 1
  },
  {
    "key": "It should be okay if I make it light and slow...",
    "original": "It should be okay if I make it light and slow...",
    "translation": "如果我动作轻一点应该没事……",
    "stage": 1
  },
  {
    "key": "Her pussy is twitching so much. It makes me even more horny!",
    "original": "Her pussy is twitching so much. It makes me even more horny!",
    "translation": "她的小穴一颤一颤的，搞得我更兴奋了！",
    "stage": 1
  }
]