[
  {
    "key": "\\C[25]Aunt Douie\\C[0] <br>",
    "original": "\\C[25]Aunt Douie\\C[0] <br>",
    "translation": "",
    "stage": 0
  },
  {
    "key": "Who is there!?",
    "original": "Who is there!?",
    "translation": "",
    "stage": 0
  },
  {
    "key": "Me <br>",
    "original": "Me <br>",
    "translation": "",
    "stage": 0
  },
  {
    "key": "Abort!!!",
    "original": "Abort!!!",
    "translation": "",
    "stage": 0
  },
  {
    "key": "Damn! Where is she?",
    "original": "Damn! Where is she?",
    "translation": "",
    "stage": 0
  },
  {
    "key": "Feel a maze in here.",
    "original": "Feel a maze in here.",
    "translation": "",
    "stage": 0
  },
  {
    "key": "I must follow her footsteps.",
    "original": "I must follow her footsteps.",
    "translation": "",
    "stage": 0
  },
  {
    "key": "\\c[1]Follow Douie 3 times to pass the maze, Retry won't lose your pass count.\\c[0]",
    "original": "\\c[1]Follow Douie 3 times to pass the maze, Retry won't lose your pass count.\\c[0]",
    "translation": "",
    "stage": 0
  },
  {
    "key": "I think it should be good to go now. ",
    "original": "I think it should be good to go now. ",
    "translation": "",
    "stage": 0
  },
  {
    "key": "I wet it with my saliva. It won't be too difficult to get in.",
    "original": "I wet it with my saliva. It won't be too difficult to get in.",
    "translation": "",
    "stage": 0
  },
  {
    "key": "Oohhh!",
    "original": "Oohhh!",
    "translation": "",
    "stage": 0
  },
  {
    "key": "Oh boy!",
    "original": "Oh boy!",
    "translation": "",
    "stage": 0
  },
  {
    "key": "Hah-hah!",
    "original": "Hah-hah!",
    "translation": "",
    "stage": 0
  },
  {
    "key": "Oh gosh! I can't stop my hand.",
    "original": "Oh gosh! I can't stop my hand.",
    "translation": "",
    "stage": 0
  },
  {
    "key": "Arhhh... It feels so good, especially with these spikes.",
    "original": "Arhhh... It feels so good, especially with these spikes.",
    "translation": "",
    "stage": 0
  },
  {
    "key": "Alright! Where is she now?",
    "original": "Alright! Where is she now?",
    "translation": "",
    "stage": 0
  },
  {
    "key": "What is that sound!?",
    "original": "What is that sound!?",
    "translation": "",
    "stage": 0
  },
  {
    "key": "Holy shit!",
    "original": "Holy shit!",
    "translation": "",
    "stage": 0
  },
  {
    "key": "Step Out",
    "original": "Step Out",
    "translation": "",
    "stage": 0
  },
  {
    "key": "Get Closer",
    "original": "Get Closer",
    "translation": "",
    "stage": 0
  },
  {
    "key": "Watch",
    "original": "Watch",
    "translation": "",
    "stage": 0
  },
  {
    "key": "\\n[1]!",
    "original": "\\n[1]!",
    "translation": "",
    "stage": 0
  },
  {
    "key": "Why are you here? Didn't I tell you not to do that anymore?",
    "original": "Why are you here? Didn't I tell you not to do that anymore?",
    "translation": "",
    "stage": 0
  },
  {
    "key": "Sorry to interrupt your fun.",
    "original": "Sorry to interrupt your fun.",
    "translation": "",
    "stage": 0
  },
  {
    "key": "It's just... I couldn't hold it!",
    "original": "It's just... I couldn't hold it!",
    "translation": "",
    "stage": 0
  },
  {
    "key": "Gulps...",
    "original": "Gulps...",
    "translation": "",
    "stage": 0
  },
  {
    "key": "Your butthole is so sexy. ",
    "original": "Your butthole is so sexy. ",
    "translation": "",
    "stage": 0
  },
  {
    "key": "I want to know how the cucumber feels by my dick.",
    "original": "I want to know how the cucumber feels by my dick.",
    "translation": "",
    "stage": 0
  },
  {
    "key": "Stop it! We can't do that! ",
    "original": "Stop it! We can't do that! ",
    "translation": "",
    "stage": 0
  },
  {
    "key": "Ahh...",
    "original": "Ahh...",
    "translation": "",
    "stage": 0
  },
  {
    "key": "Stop teasing me!",
    "original": "Stop teasing me!",
    "translation": "",
    "stage": 0
  },
  {
    "key": "Oh my god! Why am I so horny recently?",
    "original": "Oh my god! Why am I so horny recently?",
    "translation": "",
    "stage": 0
  },
  {
    "key": "Probably because of our recent actions...",
    "original": "Probably because of our recent actions...",
    "translation": "",
    "stage": 0
  },
  {
    "key": "Who taught him all of that?",
    "original": "Who taught him all of that?",
    "translation": "",
    "stage": 0
  },
  {
    "key": "It's driving me crazy and I can't stop myself from thinking about that.",
    "original": "It's driving me crazy and I can't stop myself from thinking about that.",
    "translation": "",
    "stage": 0
  },
  {
    "key": "I guess it will be amazing if his big cock's driving inside of me.",
    "original": "I guess it will be amazing if his big cock's driving inside of me.",
    "translation": "",
    "stage": 0
  },
  {
    "key": "I think feeling it with my butthole is fine...",
    "original": "I think feeling it with my butthole is fine...",
    "translation": "",
    "stage": 0
  },
  {
    "key": "Yes, it's just my shithole anyway!",
    "original": "Yes, it's just my shithole anyway!",
    "translation": "",
    "stage": 0
  },
  {
    "key": "Alright, alright! Stop it!",
    "original": "Alright, alright! Stop it!",
    "translation": "",
    "stage": 0
  },
  {
    "key": "You can put it in my butthole.",
    "original": "You can put it in my butthole.",
    "translation": "",
    "stage": 0
  },
  {
    "key": "Holy shit! For real!?",
    "original": "Holy shit! For real!?",
    "translation": "",
    "stage": 0
  },
  {
    "key": "I love you so much, \\C[25]Aunt Douie\\C[0]!",
    "original": "I love you so much, \\C[25]Aunt Douie\\C[0]!",
    "translation": "",
    "stage": 0
  },
  {
    "key": "Yeah, boy!",
    "original": "Yeah, boy!",
    "translation": "",
    "stage": 0
  },
  {
    "key": "Hey! Low your voice down!",
    "original": "Hey! Low your voice down!",
    "translation": "",
    "stage": 0
  },
  {
    "key": "Look at my dick, \\C[25]Aunt Douie\\C[0]!",
    "original": "Look at my dick, \\C[25]Aunt Douie\\C[0]!",
    "translation": "",
    "stage": 0
  },
  {
    "key": "I want to put it inside you so badly.",
    "original": "I want to put it inside you so badly.",
    "translation": "",
    "stage": 0
  },
  {
    "key": "Stop teasing me! I want it inside of me!",
    "original": "Stop teasing me! I want it inside of me!",
    "translation": "",
    "stage": 0
  },
  {
    "key": "Hell yeah!",
    "original": "Hell yeah!",
    "translation": "",
    "stage": 0
  },
  {
    "key": "It's so heavy and hot.",
    "original": "It's so heavy and hot.",
    "translation": "",
    "stage": 0
  },
  {
    "key": "Do you think you can handle it?",
    "original": "Do you think you can handle it?",
    "translation": "",
    "stage": 0
  },
  {
    "key": "It's way bigger than a cucumber, you know.",
    "original": "It's way bigger than a cucumber, you know.",
    "translation": "",
    "stage": 0
  },
  {
    "key": "Just stay there and still, I will do it by myself.",
    "original": "Just stay there and still, I will do it by myself.",
    "translation": "",
    "stage": 0
  },
  {
    "key": "Don't do anything stupid or I would be killed.",
    "original": "Don't do anything stupid or I would be killed.",
    "translation": "",
    "stage": 0
  },
  {
    "key": "Okay, okay!",
    "original": "Okay, okay!",
    "translation": "",
    "stage": 0
  },
  {
    "key": "I will just sit here nice and thin.",
    "original": "I will just sit here nice and thin.",
    "translation": "",
    "stage": 0
  },
  {
    "key": "I have never imagined something this big could get inside me before.",
    "original": "I have never imagined something this big could get inside me before.",
    "translation": "",
    "stage": 0
  },
  {
    "key": "You just achieved your dream.",
    "original": "You just achieved your dream.",
    "translation": "",
    "stage": 0
  },
  {
    "key": "It's so big, so hard to get it in.",
    "original": "It's so big, so hard to get it in.",
    "translation": "",
    "stage": 0
  },
  {
    "key": "Do we need some kind of lubricant?",
    "original": "Do we need some kind of lubricant?",
    "translation": "",
    "stage": 0
  },
  {
    "key": "It's okay, my anus was wet enough with my saliva.",
    "original": "It's okay, my anus was wet enough with my saliva.",
    "translation": "",
    "stage": 0
  },
  {
    "key": "Even it inside me before but it still too big for my anus.",
    "original": "Even it inside me before but it still too big for my anus.",
    "translation": "",
    "stage": 0
  },
  {
    "key": "He-he!",
    "original": "He-he!",
    "translation": "",
    "stage": 0
  },
  {
    "key": "Just... need a little bit... more...",
    "original": "Just... need a little bit... more...",
    "translation": "",
    "stage": 0
  },
  {
    "key": "Oh my god! It's hitting my stomach!",
    "original": "Oh my god! It's hitting my stomach!",
    "translation": "",
    "stage": 0
  },
  {
    "key": "Holy! It's so tight. I could feel every fold in your anus.",
    "original": "Holy! It's so tight. I could feel every fold in your anus.",
    "translation": "",
    "stage": 0
  },
  {
    "key": "I'll start now. ",
    "original": "I'll start now. ",
    "translation": "",
    "stage": 0
  },
  {
    "key": "Hurry up! I can't wait anymore!",
    "original": "Hurry up! I can't wait anymore!",
    "translation": "",
    "stage": 0
  },
  {
    "key": "Argghhh...",
    "original": "Argghhh...",
    "translation": "",
    "stage": 0
  },
  {
    "key": "It's stretching me out but it feels so good!",
    "original": "It's stretching me out but it feels so good!",
    "translation": "",
    "stage": 0
  },
  {
    "key": "It feels so good, \\C[25]Aunt Douie\\C[0]!",
    "original": "It feels so good, \\C[25]Aunt Douie\\C[0]!",
    "translation": "",
    "stage": 0
  },
  {
    "key": "Faster",
    "original": "Faster",
    "translation": "",
    "stage": 0
  },
  {
    "key": "I think I’m in love with your dick! It's so hard and hot!",
    "original": "I think I’m in love with your dick! It's so hard and hot!",
    "translation": "",
    "stage": 0
  },
  {
    "key": "Hah-hah...",
    "original": "Hah-hah...",
    "translation": "",
    "stage": 0
  },
  {
    "key": "It's pulling me inside out!",
    "original": "It's pulling me inside out!",
    "translation": "",
    "stage": 0
  },
  {
    "key": "I don't think I can't hold it any longer.",
    "original": "I don't think I can't hold it any longer.",
    "translation": "",
    "stage": 0
  },
  {
    "key": "Next",
    "original": "Next",
    "translation": "",
    "stage": 0
  },
  {
    "key": "Oh-my-fucking-god!!!",
    "original": "Oh-my-fucking-god!!!",
    "translation": "",
    "stage": 0
  },
  {
    "key": "Sorry, \\C[25]Aunt Douie\\C[0]! I can't hold it anymore!",
    "original": "Sorry, \\C[25]Aunt Douie\\C[0]! I can't hold it anymore!",
    "translation": "",
    "stage": 0
  },
  {
    "key": "Cum",
    "original": "Cum",
    "translation": "",
    "stage": 0
  },
  {
    "key": "I’m about to explode.",
    "original": "I’m about to explode.",
    "translation": "",
    "stage": 0
  },
  {
    "key": "Holy shit, I’m cumming!!!",
    "original": "Holy shit, I’m cumming!!!",
    "translation": "",
    "stage": 0
  },
  {
    "key": "The pleasure is so good! I thought I would pass out.",
    "original": "The pleasure is so good! I thought I would pass out.",
    "translation": "",
    "stage": 0
  },
  {
    "key": "That was the hardest cum I've ever had.",
    "original": "That was the hardest cum I've ever had.",
    "translation": "",
    "stage": 0
  },
  {
    "key": "I don't think you need dinner for tonight because you already have it.",
    "original": "I don't think you need dinner for tonight because you already have it.",
    "translation": "",
    "stage": 0
  },
  {
    "key": "Shut up!",
    "original": "Shut up!",
    "translation": "",
    "stage": 0
  },
  {
    "key": "That was so good, \\C[25]Aunt Douie\\C[0]...",
    "original": "That was so good, \\C[25]Aunt Douie\\C[0]...",
    "translation": "",
    "stage": 0
  },
  {
    "key": "End",
    "original": "End",
    "translation": "",
    "stage": 0
  },
  {
    "key": "\\C[25]Aunt Douie\\C[0]: \\C[3]+5\\C[0] <br>",
    "original": "\\C[25]Aunt Douie\\C[0]: \\C[3]+5\\C[0] <br>",
    "translation": "",
    "stage": 0
  },
  {
    "key": "\\C[25]Aunt Douie\\C[0]: \\v[35]",
    "original": "\\C[25]Aunt Douie\\C[0]: \\v[35]",
    "translation": "",
    "stage": 0
  },
  {
    "key": "\\C[25]Aunt Douie\\C[0]: \\C[3]+2\\C[0] <br>",
    "original": "\\C[25]Aunt Douie\\C[0]: \\C[3]+2\\C[0] <br>",
    "translation": "",
    "stage": 0
  },
  {
    "key": "I don't think that's a good idea.",
    "original": "I don't think that's a good idea.",
    "translation": "",
    "stage": 0
  },
  {
    "key": "Man! She's a bit far away.",
    "original": "Man! She's a bit far away.",
    "translation": "",
    "stage": 0
  },
  {
    "key": "My dick's tingling so bad.",
    "original": "My dick's tingling so bad.",
    "translation": "",
    "stage": 0
  },
  {
    "key": "Shit!",
    "original": "Shit!",
    "translation": "",
    "stage": 0
  },
  {
    "key": "How long have you been watching me?",
    "original": "How long have you been watching me?",
    "translation": "",
    "stage": 0
  },
  {
    "key": "He-he. For a while...",
    "original": "He-he. For a while...",
    "translation": "",
    "stage": 0
  },
  {
    "key": "Sorry, \\C[25]Aunt Douie\\C[0]!",
    "original": "Sorry, \\C[25]Aunt Douie\\C[0]!",
    "translation": "",
    "stage": 0
  },
  {
    "key": "No, it was my fault for doing that.",
    "original": "No, it was my fault for doing that.",
    "translation": "",
    "stage": 0
  },
  {
    "key": "Oh my! It's so big!",
    "original": "Oh my! It's so big!",
    "translation": "",
    "stage": 0
  },
  {
    "key": "Just look at your pants.",
    "original": "Just look at your pants.",
    "translation": "",
    "stage": 0
  },
  {
    "key": "Feels like it will burst out of your pants!",
    "original": "Feels like it will burst out of your pants!",
    "translation": "",
    "stage": 0
  },
  {
    "key": "You're so hot, \\C[25]Aunt Douie\\C[0]! ",
    "original": "You're so hot, \\C[25]Aunt Douie\\C[0]! ",
    "translation": "",
    "stage": 0
  },
  {
    "key": "I can't stop watching you playing with your cucumber...",
    "original": "I can't stop watching you playing with your cucumber...",
    "translation": "",
    "stage": 0
  },
  {
    "key": "Can you help me with this?",
    "original": "Can you help me with this?",
    "translation": "",
    "stage": 0
  },
  {
    "key": "Take off your clothes and let me see it.",
    "original": "Take off your clothes and let me see it.",
    "translation": "",
    "stage": 0
  },
  {
    "key": "Okay!",
    "original": "Okay!",
    "translation": "",
    "stage": 0
  },
  {
    "key": "Oh, my goddess! It's huge!",
    "original": "Oh, my goddess! It's huge!",
    "translation": "",
    "stage": 0
  },
  {
    "key": "It's even bigger than my husband's.",
    "original": "It's even bigger than my husband's.",
    "translation": "",
    "stage": 0
  },
  {
    "key": "Feel like he's holding a giant magnum with his small hand.",
    "original": "Feel like he's holding a giant magnum with his small hand.",
    "translation": "",
    "stage": 0
  },
  {
    "key": "A cucumber has no chance against this giant monster.",
    "original": "A cucumber has no chance against this giant monster.",
    "translation": "",
    "stage": 0
  },
  {
    "key": "It's throbbing! I could feel the heat from it.",
    "original": "It's throbbing! I could feel the heat from it.",
    "translation": "",
    "stage": 0
  },
  {
    "key": "I'm getting wet just by looking at it...",
    "original": "I'm getting wet just by looking at it...",
    "translation": "",
    "stage": 0
  },
  {
    "key": "Are you okay, \\C[25]Aunt Douie\\C[0]?",
    "original": "Are you okay, \\C[25]Aunt Douie\\C[0]?",
    "translation": "",
    "stage": 0
  },
  {
    "key": "Jesus! What am I thinking?",
    "original": "Jesus! What am I thinking?",
    "translation": "",
    "stage": 0
  },
  {
    "key": "He's the same age as my daughter and I'm already married.",
    "original": "He's the same age as my daughter and I'm already married.",
    "translation": "",
    "stage": 0
  },
  {
    "key": "That's right!",
    "original": "That's right!",
    "translation": "",
    "stage": 0
  },
  {
    "key": "It's just pain relief for my son. It's pretty bad if he keeps it for a long time.",
    "original": "It's just pain relief for my son. It's pretty bad if he keeps it for a long time.",
    "translation": "",
    "stage": 0
  },
  {
    "key": "I'm fine!",
    "original": "I'm fine!",
    "translation": "",
    "stage": 0
  },
  {
    "key": "Are you okay? It looks so painful.",
    "original": "Are you okay? It looks so painful.",
    "translation": "",
    "stage": 0
  },
  {
    "key": "It's a bit hurt.",
    "original": "It's a bit hurt.",
    "translation": "",
    "stage": 0
  },
  {
    "key": "I will help you let it all out.",
    "original": "I will help you let it all out.",
    "translation": "",
    "stage": 0
  },
  {
    "key": "Are you sure? What's about \\C[2]Mr. Carter\\C[0]?",
    "original": "Are you sure? What's about \\C[2]Mr. Carter\\C[0]?",
    "translation": "",
    "stage": 0
  },
  {
    "key": "This is my responsibility and it won't be good if you continue like this.",
    "original": "This is my responsibility and it won't be good if you continue like this.",
    "translation": "",
    "stage": 0
  },
  {
    "key": "O-okay.",
    "original": "O-okay.",
    "translation": "",
    "stage": 0
  },
  {
    "key": "... Just don't tell anyone!",
    "original": "... Just don't tell anyone!",
    "translation": "",
    "stage": 0
  },
  {
    "key": "Sure!",
    "original": "Sure!",
    "translation": "",
    "stage": 0
  },
  {
    "key": "It's so big!",
    "original": "It's so big!",
    "translation": "",
    "stage": 0
  },
  {
    "key": "I can't wait anymore!",
    "original": "I can't wait anymore!",
    "translation": "",
    "stage": 0
  },
  {
    "key": "Hurry up, \\C[25]Aunt Douie\\C[0]!",
    "original": "Hurry up, \\C[25]Aunt Douie\\C[0]!",
    "translation": "",
    "stage": 0
  },
  {
    "key": "Okay okay!",
    "original": "Okay okay!",
    "translation": "",
    "stage": 0
  },
  {
    "key": "Oh my god...",
    "original": "Oh my god...",
    "translation": "",
    "stage": 0
  },
  {
    "key": "Are you okay?",
    "original": "Are you okay?",
    "translation": "",
    "stage": 0
  },
  {
    "key": "It's so good!",
    "original": "It's so good!",
    "translation": "",
    "stage": 0
  },
  {
    "key": "Your mouth is so warm!",
    "original": "Your mouth is so warm!",
    "translation": "",
    "stage": 0
  },
  {
    "key": "It feels like an electric current runs through my body.",
    "original": "It feels like an electric current runs through my body.",
    "translation": "",
    "stage": 0
  },
  {
    "key": "How is it? Do you like it?",
    "original": "How is it? Do you like it?",
    "translation": "",
    "stage": 0
  },
  {
    "key": "It's amazing, \\C[25]Aunt Douie\\C[0]!",
    "original": "It's amazing, \\C[25]Aunt Douie\\C[0]!",
    "translation": "",
    "stage": 0
  },
  {
    "key": "My dick feels like being sucked off!",
    "original": "My dick feels like being sucked off!",
    "translation": "",
    "stage": 0
  },
  {
    "key": "Your mouth is so warm and wet, it's the best feeling ever.",
    "original": "Your mouth is so warm and wet, it's the best feeling ever.",
    "translation": "",
    "stage": 0
  },
  {
    "key": "It's ways too good, \\C[25]Aunt Douie\\C[0]!",
    "original": "It's ways too good, \\C[25]Aunt Douie\\C[0]!",
    "translation": "",
    "stage": 0
  },
  {
    "key": "I don't think I could hold it any longer.",
    "original": "I don't think I could hold it any longer.",
    "translation": "",
    "stage": 0
  },
  {
    "key": "Normal",
    "original": "Normal",
    "translation": "",
    "stage": 0
  },
  {
    "key": "Deep",
    "original": "Deep",
    "translation": "",
    "stage": 0
  },
  {
    "key": "I'm cumming!!!",
    "original": "I'm cumming!!!",
    "translation": "",
    "stage": 0
  },
  {
    "key": "Holy! You sucked me dry out.",
    "original": "Holy! You sucked me dry out.",
    "translation": "",
    "stage": 0
  },
  {
    "key": "Oh, my goddess! This aroma... It drives me crazy!",
    "original": "Oh, my goddess! This aroma... It drives me crazy!",
    "translation": "",
    "stage": 0
  },
  {
    "key": "It's so good!!",
    "original": "It's so good!!",
    "translation": "",
    "stage": 0
  },
  {
    "key": "You have the best dick that every girl dreams of.",
    "original": "You have the best dick that every girl dreams of.",
    "translation": "",
    "stage": 0
  },
  {
    "key": "You can use it anytime you want.",
    "original": "You can use it anytime you want.",
    "translation": "",
    "stage": 0
  },
  {
    "key": "This is the only one. It will be a huge problem if someone found out...",
    "original": "This is the only one. It will be a huge problem if someone found out...",
    "translation": "",
    "stage": 0
  },
  {
    "key": "... and don't sneak on me ever again!",
    "original": "... and don't sneak on me ever again!",
    "translation": "",
    "stage": 0
  },
  {
    "key": "Sure, \\C[25]Aunt Douie\\C[0]!",
    "original": "Sure, \\C[25]Aunt Douie\\C[0]!",
    "translation": "",
    "stage": 0
  },
  {
    "key": "Hurry and get out of here!",
    "original": "Hurry and get out of here!",
    "translation": "",
    "stage": 0
  },
  {
    "key": "I'm cumming!",
    "original": "I'm cumming!",
    "translation": "",
    "stage": 0
  },
  {
    "key": "Holy! It looks like she pooped the cucumber out.",
    "original": "Holy! It looks like she pooped the cucumber out.",
    "translation": "",
    "stage": 0
  },
  {
    "key": "I guess it feels really good just look at her face...",
    "original": "I guess it feels really good just look at her face...",
    "translation": "",
    "stage": 0
  },
  {
    "key": "So satisfy...",
    "original": "So satisfy...",
    "translation": "",
    "stage": 0
  },
  {
    "key": "Man! Her butthole is too fucking sexy...",
    "original": "Man! Her butthole is too fucking sexy...",
    "translation": "",
    "stage": 0
  },
  {
    "key": "I want to put my dick in that so badly...",
    "original": "I want to put my dick in that so badly...",
    "translation": "",
    "stage": 0
  },
  {
    "key": "!!!",
    "original": "!!!",
    "translation": "",
    "stage": 0
  },
  {
    "key": "Better get out of here!",
    "original": "Better get out of here!",
    "translation": "",
    "stage": 0
  },
  {
    "key": "Damn! She is so hot!",
    "original": "Damn! She is so hot!",
    "translation": "",
    "stage": 0
  },
  {
    "key": "I wish I could be that cucumber...",
    "original": "I wish I could be that cucumber...",
    "translation": "",
    "stage": 0
  },
  {
    "key": "...",
    "original": "...",
    "translation": "",
    "stage": 0
  },
  {
    "key": "YUCK!",
    "original": "YUCK!",
    "translation": "",
    "stage": 0
  },
  {
    "key": "I wish the place of that cucumber is my penis.",
    "original": "I wish the place of that cucumber is my penis.",
    "translation": "",
    "stage": 0
  },
  {
    "key": "Yeah! That's right!",
    "original": "Yeah! That's right!",
    "translation": "",
    "stage": 0
  },
  {
    "key": "Retry",
    "original": "Retry",
    "translation": "",
    "stage": 0
  },
  {
    "key": "No",
    "original": "No",
    "translation": "",
    "stage": 0
  },
  {
    "key": "I wasted too much time and lost her track.",
    "original": "I wasted too much time and lost her track.",
    "translation": "",
    "stage": 0
  }
]