[
  {
    "key": "Me <br>",
    "original": "Me <br>",
    "translation": "我 <br>",
    "stage": 1
  },
  {
    "key": "(Let's help my little cousin get out.)",
    "original": "(Let's help my little cousin get out.)",
    "translation": "(让我帮安娜出来吧)",
    "stage": 1
  },
  {
    "key": "I will help you out, don't resist.",
    "original": "I will help you out, don't resist.",
    "translation": "你别急，我帮你出来",
    "stage": 1
  },
  {
    "key": "\\C[2]Anna\\C[0] <br>",
    "original": "\\C[2]Anna\\C[0] <br>",
    "translation": "\\C[2]安娜\\C[0] <br>",
    "stage": 1
  },
  {
    "key": "!!!",
    "original": "!!!",
    "translation": "!!!",
    "stage": 1
  },
  {
    "key": "Why do I feel so cool down there? Did you do something?",
    "original": "Why do I feel so cool down there? Did you do something?",
    "translation": "好冷！你干什么？",
    "stage": 1
  },
  {
    "key": "I raise your skirt... a bit for a better view. It will be easier for me to pull you out.",
    "original": "I raise your skirt... a bit for a better view. It will be easier for me to pull you out.",
    "translation": "我把你裙子拉起来了……这样方便我看清把你拉出来",
    "stage": 1
  },
  {
    "key": "...",
    "original": "...",
    "translation": "...",
    "stage": 1
  },
  {
    "key": "It kinds of embarrassing so hurry!",
    "original": "It kinds of embarrassing so hurry!",
    "translation": "我觉得有点尴尬，你快点！",
    "stage": 1
  },
  {
    "key": "I have a feeling that you are teasing me.",
    "original": "I have a feeling that you are teasing me.",
    "translation": "我怎么感觉你在调戏我",
    "stage": 1
  },
  {
    "key": "Why do you keep doing this? Hurry and help me out please.",
    "original": "Why do you keep doing this? Hurry and help me out please.",
    "translation": "别乱动了，快把我拉出来",
    "stage": 1
  },
  {
    "key": "What are you doing!? Why did you take off my pantie?",
    "original": "What are you doing!? Why did you take off my pantie?",
    "translation": "你干嘛？！脱我内裤干嘛？",
    "stage": 1
  },
  {
    "key": "Sorry, my hand slipped.",
    "original": "Sorry, my hand slipped.",
    "translation": "抱歉，手滑了一下",
    "stage": 1
  },
  {
    "key": "I will do it... carefully next time.",
    "original": "I will do it... carefully next time.",
    "translation": "我下次小心点",
    "stage": 1
  },
  {
    "key": "Can you put it back? What if someone can see it?",
    "original": "Can you put it back? What if someone can see it?",
    "translation": "你穿上不行吗？有人看到了怎么办？",
    "stage": 1
  },
  {
    "key": "There is no time for that. You can put your panties back on after I pull you out.",
    "original": "There is no time for that. You can put your panties back on after I pull you out.",
    "translation": "哪有时间干这个，等我把你拉出来了你自己穿上",
    "stage": 1
  },
  {
    "key": "Besides, only me here. Don't worry!",
    "original": "Besides, only me here. Don't worry!",
    "translation": "而且就我在这儿，没事的",
    "stage": 1
  },
  {
    "key": "n\\[1], you pervert.",
    "original": "n\\[1], you pervert.",
    "translation": "\\n[1]，你好变态",
    "stage": 1
  },
  {
    "key": "It seems like I can't pull you out on this way.",
    "original": "It seems like I can't pull you out on this way.",
    "translation": "看起来我这样没法把你拉出来",
    "stage": 1
  },
  {
    "key": "WHAT!? Am I gonna stuck here forever? ",
    "original": "WHAT!? Am I gonna stuck here forever? ",
    "translation": "什么？！我要一直卡在这儿了吗？",
    "stage": 1
  },
  {
    "key": "Don't worry, don't worry!",
    "original": "Don't worry, don't worry!",
    "translation": "别急，别急！",
    "stage": 1
  },
  {
    "key": "The wall holds on you really tight. So if I use some lubricant, I'll pull you out easily.",
    "original": "The wall holds on you really tight. So if I use some lubricant, I'll pull you out easily.",
    "translation": "墙卡的太紧了，让我搞点润滑来",
    "stage": 1
  },
  {
    "key": "Really!!! Thanks god, I thought I would be stuck here forever.",
    "original": "Really!!! Thanks god, I thought I would be stuck here forever.",
    "translation": "真的假的！！那你快点嘛",
    "stage": 1
  },
  {
    "key": "Some lubricant will do the work.",
    "original": "Some lubricant will do the work.",
    "translation": "整点润滑剂应该能轻松点",
    "stage": 1
  },
  {
    "key": "What is that sound?",
    "original": "What is that sound?",
    "translation": "什么声音？",
    "stage": 1
  },
  {
    "key": "It was the sound when I opened the bag to get a giant lubricant bottle.",
    "original": "It was the sound when I opened the bag to get a giant lubricant bottle.",
    "translation": "我把背包打开的声音，整点润滑剂出来",
    "stage": 1
  },
  {
    "key": "Okay.",
    "original": "Okay.",
    "translation": "好吧",
    "stage": 1
  },
  {
    "key": "Oops... It looks like this lubricant has stuck together... There's no way to get it out.",
    "original": "Oops... It looks like this lubricant has stuck together... There's no way to get it out.",
    "translation": "哦……润滑剂都凝固了……我想想怎么挤出来",
    "stage": 1
  },
  {
    "key": "Hmm...",
    "original": "Hmm...",
    "translation": "嗯……",
    "stage": 1
  },
  {
    "key": "I have an idea. If I heat up this bottle up, the lubricant will liquefy again.",
    "original": "I have an idea. If I heat up this bottle up, the lubricant will liquefy again.",
    "translation": "这样吧，如果我把瓶子弄热，润滑剂就又变回液体了",
    "stage": 1
  },
  {
    "key": "Can I borrow your butt for a bit? It looks convenient.",
    "original": "Can I borrow your butt for a bit? It looks convenient.",
    "translation": "让我借你屁屁用一下",
    "stage": 1
  },
  {
    "key": "!?",
    "original": "!?",
    "translation": "!?",
    "stage": 1
  },
  {
    "key": "What does my butt have to do with!?",
    "original": "What does my butt have to do with!?",
    "translation": "和我屁屁有什么关系？！",
    "stage": 1
  },
  {
    "key": "Like this!!!",
    "original": "Like this!!!",
    "translation": "因为可以这样！！",
    "stage": 1
  },
  {
    "key": "Look like I need your butt heat again.",
    "original": "Look like I need your butt heat again.",
    "translation": "看起来我又要借你屁屁一用了",
    "stage": 1
  },
  {
    "key": "First, I need to grab your butt.",
    "original": "First, I need to grab your butt.",
    "translation": "首先我要先抓住你的屁屁",
    "stage": 1
  },
  {
    "key": "... and this!!!",
    "original": "... and this!!!",
    "translation": "……这样！！",
    "stage": 1
  },
  {
    "key": "... and then!!!",
    "original": "... and then!!!",
    "translation": "……然后这样！！",
    "stage": 1
  },
  {
    "key": "What are you doing?",
    "original": "What are you doing?",
    "translation": "你在干嘛？",
    "stage": 1
  },
  {
    "key": "Like I said I need to borrow some of your butt heat.",
    "original": "Like I said I need to borrow some of your butt heat.",
    "translation": "我说了嘛，要借你屁屁把瓶子弄热点",
    "stage": 1
  },
  {
    "key": "It feels very strange... ",
    "original": "It feels very strange... ",
    "translation": "感觉好奇怪……",
    "stage": 1
  },
  {
    "key": "Don't tell me... it is your pee pee!?",
    "original": "Don't tell me... it is your pee pee!?",
    "translation": "这……不会是你的小鸡鸡吧？！",
    "stage": 1
  },
  {
    "key": "It just a lubricant bottle. You overthink too much.",
    "original": "It just a lubricant bottle. You overthink too much.",
    "translation": "想什么呢，这是润滑剂的瓶子",
    "stage": 1
  },
  {
    "key": "You're right! It's too big to be your penis.",
    "original": "You're right! It's too big to be your penis.",
    "translation": "嗯，你小鸡鸡也没这么大",
    "stage": 1
  },
  {
    "key": "Ha-ha...",
    "original": "Ha-ha...",
    "translation": "哈哈……",
    "stage": 1
  },
  {
    "key": "I'm moving now. The friction will heat \"it\"  up.",
    "original": "I'm moving now. The friction will heat \"it\"  up.",
    "translation": "我要开始动了，摩擦生热",
    "stage": 1
  },
  {
    "key": "(I never thought it would be so good...)",
    "original": "(I never thought it would be so good...)",
    "translation": "(竟然有这么舒服……)",
    "stage": 1
  },
  {
    "key": "(Her butt is so soft and tight...)",
    "original": "(Her butt is so soft and tight...)",
    "translation": "(她的屁股好软好紧……)",
    "stage": 1
  },
  {
    "key": "Faster",
    "original": "Faster",
    "translation": "更快点",
    "stage": 1
  },
  {
    "key": "I think it's starting to heat up! I will move faster now.",
    "original": "I think it's starting to heat up! I will move faster now.",
    "translation": "好像开始变热了！我再快点试试",
    "stage": 1
  },
  {
    "key": "The lubricant will \"cum\" out in no time.",
    "original": "The lubricant will \"cum\" out in no time.",
    "translation": "润滑剂很快就能挤出来了",
    "stage": 1
  },
  {
    "key": "Are you sure this is fine? My bottom feels very strange.",
    "original": "Are you sure this is fine? My bottom feels very strange.",
    "translation": "你确定没问题？我感觉屁股好奇怪",
    "stage": 1
  },
  {
    "key": "It so tickle and hot... ",
    "original": "It so tickle and hot... ",
    "translation": "好痒好热……",
    "stage": 1
  },
  {
    "key": "Cum",
    "original": "Cum",
    "translation": "射精",
    "stage": 1
  },
  {
    "key": "Slower",
    "original": "Slower",
    "translation": "更慢点",
    "stage": 1
  },
  {
    "key": "(It feels so good just by rubbing my dick between her butt.)",
    "original": "(It feels so good just by rubbing my dick between her butt.)",
    "translation": "(把鸡巴放在她屁股上摩擦感觉好舒服)",
    "stage": 1
  },
  {
    "key": "(I can feel the heat coming from her butt... and it seems some kind of wet...)",
    "original": "(I can feel the heat coming from her butt... and it seems some kind of wet...)",
    "translation": "(我能感觉到她屁股的温度……而且还变湿了)",
    "stage": 1
  },
  {
    "key": "(I bet \\C[2]Anna\\C[0] also feels the same too.)",
    "original": "(I bet \\C[2]Anna\\C[0] also feels the same too.)",
    "translation": "(我猜\\C[2]安娜\\C[0]也有这种感觉)",
    "stage": 1
  },
  {
    "key": "Why can I see water coming out of your butt? Are you OK?",
    "original": "Why can I see water coming out of your butt? Are you OK?",
    "translation": "你屁股怎么流水了？你没事吧？",
    "stage": 1
  },
  {
    "key": "... I don't know. Very strange.",
    "original": "... I don't know. Very strange.",
    "translation": "……我不知道，感觉好奇怪",
    "stage": 1
  },
  {
    "key": "It feels so good when you rub your bottle between my butt.",
    "original": "It feels so good when you rub your bottle between my butt.",
    "translation": "你在我屁股上摩擦润滑剂瓶子时感觉好舒服",
    "stage": 1
  },
  {
    "key": "(I can't hold it any more.)",
    "original": "(I can't hold it any more.)",
    "translation": "(我忍不住了)",
    "stage": 1
  },
  {
    "key": "I'm cumming!!!",
    "original": "I'm cumming!!!",
    "translation": "要出来了！！",
    "stage": 1
  },
  {
    "key": "Sorry, \\C[2]Anna\\C[0]! I slipped my hand and it \"came\" out a lot.",
    "original": "Sorry, \\C[2]Anna\\C[0]! I slipped my hand and it \"came\" out a lot.",
    "translation": "抱歉，\\C[2]安娜\\C[0]! 我手滑了，不小心挤得有点多",
    "stage": 1
  },
  {
    "key": "End",
    "original": "End",
    "translation": "结束",
    "stage": 1
  },
  {
    "key": "I should lift her skirt first. It seem stays in the way.",
    "original": "I should lift her skirt first. It seem stays in the way.",
    "translation": "让我先把她裙子掀起来，不然有点碍事",
    "stage": 1
  }
]