[
  {
    "key": "\\C[4]Ms. Susan\\C[0] <br>",
    "original": "\\C[4]Ms. Susan\\C[0] <br>",
    "translation": "\\C[4]苏珊小姐\\C[0] <br>",
    "stage": 1
  },
  {
    "key": "Squeaky, squeaky. Clean, clean...",
    "original": "Squeaky, squeaky. Clean, clean...",
    "translation": "搓洗搓洗，打扫打扫……",
    "stage": 1
  },
  {
    "key": "Me <br>",
    "original": "Me <br>",
    "translation": "我 <br>",
    "stage": 1
  },
  {
    "key": "She's so adorable.",
    "original": "She's so adorable.",
    "translation": "她真可爱",
    "stage": 1
  },
  {
    "key": "Damn! This restroom is huge. Is this really for only one person use?",
    "original": "Damn! This restroom is huge. Is this really for only one person use?",
    "translation": "老天，这卫生间有够大的。真的是给一个人用的？",
    "stage": 1
  },
  {
    "key": "There're urinals... Why there is something like this in a woman's restroom?",
    "original": "There're urinals... Why there is something like this in a woman's restroom?",
    "translation": "怎么女卫生间还有小便池？",
    "stage": 1
  },
  {
    "key": "I wonder what she would look like when standing pee? ",
    "original": "I wonder what she would look like when standing pee? ",
    "translation": "她不会喜欢站着尿尿吧？",
    "stage": 1
  },
  {
    "key": "Ha-ha. That's would be fun. ",
    "original": "Ha-ha. That's would be fun. ",
    "translation": "哈哈，那可真够有趣的",
    "stage": 1
  },
  {
    "key": "Next",
    "original": "Next",
    "translation": "继续",
    "stage": 1
  },
  {
    "key": "Kinda make sense tho. The school president can be a woman or man.",
    "original": "Kinda make sense tho. The school president can be a woman or man.",
    "translation": "行吧，校长可能是个女人，也可能是个男人",
    "stage": 1
  },
  {
    "key": "What are you doing here? You should leave now. It would be very bad if the security guards catch you here. ",
    "original": "What are you doing here? You should leave now. It would be very bad if the security guards catch you here. ",
    "translation": "你来做什么？如果保安发现你的话，可没你好果子吃",
    "stage": 1
  },
  {
    "key": "I got carry away. She must be \\C[4]Ms. Susan\\C[0] that \\C[30]Mrs. Adeera\\C[0] was talking about.",
    "original": "I got carry away. She must be \\C[4]Ms. Susan\\C[0] that \\C[30]Mrs. Adeera\\C[0] was talking about.",
    "translation": "我差点忘了，这一定是\\C[4]苏珊小姐\\C[0]，\\C[30]阿黛拉女士\\C[0]给我说过的",
    "stage": 1
  },
  {
    "key": "Hi, I'm \\n[1]. \\C[30]Mrs. Adeera\\C[0] force me to fix....",
    "original": "Hi, I'm \\n[1]. \\C[30]Mrs. Adeera\\C[0] force me to fix....",
    "translation": "嗨，我是\\n[1]。\\C[30]阿黛拉女士\\C[0]让我来修……",
    "stage": 1
  },
  {
    "key": "Ahem...",
    "original": "Ahem...",
    "translation": "啊呃……",
    "stage": 1
  },
  {
    "key": "I mean, I saw a broken plank in the 2nd floor. I want to fix it and \\C[30]Mrs. Adeera\\C[0] tell me to meet you here for needed tools.",
    "original": "I mean, I saw a broken plank in the 2nd floor. I want to fix it and \\C[30]Mrs. Adeera\\C[0] tell me to meet you here for needed tools.",
    "translation": "我是说，我看到二楼有块地板破了，\\C[30]阿黛拉女士\\C[0]让我找你要工具来修",
    "stage": 1
  },
  {
    "key": "Not a bad idea to take all of the credits to me. I did it anyway.",
    "original": "Not a bad idea to take all of the credits to me. I did it anyway.",
    "translation": "就当是我要做吧，管它呢",
    "stage": 1
  },
  {
    "key": "Whoa! You such a good boy.",
    "original": "Whoa! You such a good boy.",
    "translation": "哇哦，你真是个好小子",
    "stage": 1
  },
  {
    "key": "\\C[30]Mrs. Adeera\\C[0] already called the repair team but they didn't come for a long time. ",
    "original": "\\C[30]Mrs. Adeera\\C[0] already called the repair team but they didn't come for a long time. ",
    "translation": "\\C[30]阿黛拉女士\\C[0]很久以前就找过人来修，但他们一直不来",
    "stage": 1
  },
  {
    "key": "Follow me. The tools are in the 1st floor below. ",
    "original": "Follow me. The tools are in the 1st floor below. ",
    "translation": "跟我来，工具都放在一楼",
    "stage": 1
  },
  {
    "key": "If I remember correctly, there are all the necessary tools to repair that broken place. ",
    "original": "If I remember correctly, there are all the necessary tools to repair that broken place. ",
    "translation": "如果我没记错的话，就是所有要用的东西都在这儿了",
    "stage": 1
  }
]