[
  {
    "key": "Me <br>",
    "original": "Me <br>",
    "translation": "",
    "stage": 0
  },
  {
    "key": "There are some bad rumors about this place.",
    "original": "There are some bad rumors about this place.",
    "translation": "",
    "stage": 0
  },
  {
    "key": "It's better not to go in there.",
    "original": "It's better not to go in there.",
    "translation": "",
    "stage": 0
  },
  {
    "key": "What is that rumor again? I seem to have heard it in school, right?",
    "original": "What is that rumor again? I seem to have heard it in school, right?",
    "translation": "",
    "stage": 0
  },
  {
    "key": "I should go to my class and check it on weekday morning. I think I've heard some students talk about it.",
    "original": "I should go to my class and check it on weekday morning. I think I've heard some students talk about it.",
    "translation": "",
    "stage": 0
  },
  {
    "key": "I should go to my classroom and check it on weekday morning. I think I've heard some students talk about it.",
    "original": "I should go to my classroom and check it on weekday morning. I think I've heard some students talk about it.",
    "translation": "",
    "stage": 0
  },
  {
    "key": "The Lost Woods Passageway is up ahead.",
    "original": "The Lost Woods Passageway is up ahead.",
    "translation": "",
    "stage": 0
  },
  {
    "key": "It's a bit late, better not.",
    "original": "It's a bit late, better not.",
    "translation": "",
    "stage": 0
  },
  {
    "key": "It looks a bit creepy.",
    "original": "It looks a bit creepy.",
    "translation": "",
    "stage": 0
  },
  {
    "key": "Better not go in there.",
    "original": "Better not go in there.",
    "translation": "",
    "stage": 0
  },
  {
    "key": "Build",
    "original": "Build",
    "translation": "",
    "stage": 0
  },
  {
    "key": "No",
    "original": "No",
    "translation": "",
    "stage": 0
  },
  {
    "key": "\\c[14]A Location to Build On\\c[0]",
    "original": "\\c[14]A Location to Build On\\c[0]",
    "translation": "",
    "stage": 0
  },
  {
    "key": "I need to wait for the Cosmos Flower to be fully grown. <br>",
    "original": "I need to wait for the Cosmos Flower to be fully grown. <br>",
    "translation": "",
    "stage": 0
  },
  {
    "key": "\\c[3]\\v[341]\\c[0] days have passed.",
    "original": "\\c[3]\\v[341]\\c[0] days have passed.",
    "translation": "",
    "stage": 0
  },
  {
    "key": "There's a BEAR here!!!",
    "original": "There's a BEAR here!!!",
    "translation": "",
    "stage": 0
  },
  {
    "key": "I need to check it first!",
    "original": "I need to check it first!",
    "translation": "",
    "stage": 0
  },
  {
    "key": "Just as I thought, <br>",
    "original": "Just as I thought, <br>",
    "translation": "",
    "stage": 0
  },
  {
    "key": "no more honey!",
    "original": "no more honey!",
    "translation": "",
    "stage": 0
  },
  {
    "key": "\\C[20]Teddy\\C[0] is here. <br>",
    "original": "\\C[20]Teddy\\C[0] is here. <br>",
    "translation": "",
    "stage": 0
  },
  {
    "key": "I need to shoo her out first or she will eat all of my honey.",
    "original": "I need to shoo her out first or she will eat all of my honey.",
    "translation": "",
    "stage": 0
  },
  {
    "key": "I gave all the honey to her, <br>",
    "original": "I gave all the honey to her, <br>",
    "translation": "",
    "stage": 0
  },
  {
    "key": "she felt good and went home with a gift. <br>",
    "original": "she felt good and went home with a gift. <br>",
    "translation": "",
    "stage": 0
  },
  {
    "key": "Damn...",
    "original": "Damn...",
    "translation": "",
    "stage": 0
  },
  {
    "key": "I need to leave it a day to collect honey again.",
    "original": "I need to leave it a day to collect honey again.",
    "translation": "",
    "stage": 0
  },
  {
    "key": "Such a stranger flower...",
    "original": "Such a stranger flower...",
    "translation": "",
    "stage": 0
  },
  {
    "key": "It's a flower anyway. <br>",
    "original": "It's a flower anyway. <br>",
    "translation": "",
    "stage": 0
  },
  {
    "key": "I guess it can produce some pollen for honey.",
    "original": "I guess it can produce some pollen for honey.",
    "translation": "",
    "stage": 0
  },
  {
    "key": "Such a weird looking one...",
    "original": "Such a weird looking one...",
    "translation": "",
    "stage": 0
  },
  {
    "key": "It's so famous! <br>",
    "original": "It's so famous! <br>",
    "translation": "",
    "stage": 0
  },
  {
    "key": "Better leave it here.",
    "original": "Better leave it here.",
    "translation": "",
    "stage": 0
  },
  {
    "key": "Ahh... <br>",
    "original": "Ahh... <br>",
    "translation": "",
    "stage": 0
  },
  {
    "key": "the smell of the forest, moisture in the air.",
    "original": "the smell of the forest, moisture in the air.",
    "translation": "",
    "stage": 0
  },
  {
    "key": "They say to go to the mountains for food <br>",
    "original": "They say to go to the mountains for food <br>",
    "translation": "",
    "stage": 0
  },
  {
    "key": "but I hardly find anything.",
    "original": "but I hardly find anything.",
    "translation": "",
    "stage": 0
  },
  {
    "key": "It would be much better if I could find some berries around here.",
    "original": "It would be much better if I could find some berries around here.",
    "translation": "",
    "stage": 0
  },
  {
    "key": "??? <br>",
    "original": "??? <br>",
    "translation": "",
    "stage": 0
  },
  {
    "key": "I'm so sorry! Are you okay?",
    "original": "I'm so sorry! Are you okay?",
    "translation": "",
    "stage": 0
  },
  {
    "key": "Did you try to kill me?",
    "original": "Did you try to kill me?",
    "translation": "",
    "stage": 0
  },
  {
    "key": "There is a baby bird that has fallen out of its nest and I just want to help it by putting it back in its place.",
    "original": "There is a baby bird that has fallen out of its nest and I just want to help it by putting it back in its place.",
    "translation": "",
    "stage": 0
  },
  {
    "key": "You happened to pass by while I was jumping down.",
    "original": "You happened to pass by while I was jumping down.",
    "translation": "",
    "stage": 0
  },
  {
    "key": "If that's the case then I don't mind your \"surprise attack\".",
    "original": "If that's the case then I don't mind your \"surprise attack\".",
    "translation": "",
    "stage": 0
  },
  {
    "key": "No one will be happy with shoe tattoos on their face.",
    "original": "No one will be happy with shoe tattoos on their face.",
    "translation": "",
    "stage": 0
  },
  {
    "key": "Just pay more careful next time.",
    "original": "Just pay more careful next time.",
    "translation": "",
    "stage": 0
  },
  {
    "key": "I'm glad you forgave me because of that.",
    "original": "I'm glad you forgave me because of that.",
    "translation": "",
    "stage": 0
  },
  {
    "key": "Damn! It killed my mood for walking.",
    "original": "Damn! It killed my mood for walking.",
    "translation": "",
    "stage": 0
  },
  {
    "key": "Better go back home.",
    "original": "Better go back home.",
    "translation": "",
    "stage": 0
  },
  {
    "key": "I can't just leave you like that.",
    "original": "I can't just leave you like that.",
    "translation": "",
    "stage": 0
  },
  {
    "key": "It may be a small scratch on the outside but your inside could be injured.",
    "original": "It may be a small scratch on the outside but your inside could be injured.",
    "translation": "",
    "stage": 0
  },
  {
    "key": "Follow me, <br>",
    "original": "Follow me, <br>",
    "translation": "",
    "stage": 0
  },
  {
    "key": "I'll take you to my grandfather. <br>",
    "original": "I'll take you to my grandfather. <br>",
    "translation": "",
    "stage": 0
  },
  {
    "key": "He's not a doctor but handles this very well.",
    "original": "He's not a doctor but handles this very well.",
    "translation": "",
    "stage": 0
  },
  {
    "key": "Ay!!!",
    "original": "Ay!!!",
    "translation": "",
    "stage": 0
  },
  {
    "key": "\\C[5]Maleena\\c[0] <br>",
    "original": "\\C[5]Maleena\\c[0] <br>",
    "translation": "",
    "stage": 0
  },
  {
    "key": "Sorry for the earlier accident and my grandpa.",
    "original": "Sorry for the earlier accident and my grandpa.",
    "translation": "",
    "stage": 0
  },
  {
    "key": "It's okay. You don't need to worry about it.",
    "original": "It's okay. You don't need to worry about it.",
    "translation": "",
    "stage": 0
  },
  {
    "key": "I'm as strong as a buffalo now.",
    "original": "I'm as strong as a buffalo now.",
    "translation": "",
    "stage": 0
  },
  {
    "key": "Wow! <br>",
    "original": "Wow! <br>",
    "translation": "",
    "stage": 0
  },
  {
    "key": "The burning sensation on my face is fading.",
    "original": "The burning sensation on my face is fading.",
    "translation": "",
    "stage": 0
  },
  {
    "key": "Your grandpa's skill is truly amazing. <br>",
    "original": "Your grandpa's skill is truly amazing. <br>",
    "translation": "",
    "stage": 0
  },
  {
    "key": "I can't believe it heals so quickly.",
    "original": "I can't believe it heals so quickly.",
    "translation": "",
    "stage": 0
  },
  {
    "key": "That's great!",
    "original": "That's great!",
    "translation": "",
    "stage": 0
  },
  {
    "key": "There is a fast way to get to my home from here.",
    "original": "There is a fast way to get to my home from here.",
    "translation": "",
    "stage": 0
  },
  {
    "key": "Just go this way if you want to see me.",
    "original": "Just go this way if you want to see me.",
    "translation": "",
    "stage": 0
  },
  {
    "key": "I have to go. <br>",
    "original": "I have to go. <br>",
    "translation": "",
    "stage": 0
  },
  {
    "key": "See you later, \\n[1]!",
    "original": "See you later, \\n[1]!",
    "translation": "",
    "stage": 0
  },
  {
    "key": "Damn... <br>",
    "original": "Damn... <br>",
    "translation": "",
    "stage": 0
  },
  {
    "key": "This's exactly like what happened in the movies.",
    "original": "This's exactly like what happened in the movies.",
    "translation": "",
    "stage": 0
  },
  {
    "key": "*Gulps*",
    "original": "*Gulps*",
    "translation": "",
    "stage": 0
  },
  {
    "key": "Why is my heart beating so fast?",
    "original": "Why is my heart beating so fast?",
    "translation": "",
    "stage": 0
  },
  {
    "key": "\\C[5]Maleena\\c[0]: \\C[3]+10\\C[0] <br>",
    "original": "\\C[5]Maleena\\c[0]: \\C[3]+10\\C[0] <br>",
    "translation": "",
    "stage": 0
  },
  {
    "key": "\\C[5]Maleena\\c[0]: \\v[165]",
    "original": "\\C[5]Maleena\\c[0]: \\v[165]",
    "translation": "",
    "stage": 0
  },
  {
    "key": "\\C[20]Ek\\c[0]: \\C[3]+0\\C[0] <br>",
    "original": "\\C[20]Ek\\c[0]: \\C[3]+0\\C[0] <br>",
    "translation": "",
    "stage": 0
  },
  {
    "key": "\\C[20]Ek\\c[0]: \\v[145]",
    "original": "\\C[20]Ek\\c[0]: \\v[145]",
    "translation": "",
    "stage": 0
  },
  {
    "key": "Wow! It's so pretty!",
    "original": "Wow! It's so pretty!",
    "translation": "",
    "stage": 0
  },
  {
    "key": "\\C[3]Pixie\\c[0] <br>",
    "original": "\\C[3]Pixie\\c[0] <br>",
    "translation": "",
    "stage": 0
  },
  {
    "key": "Here it is!",
    "original": "Here it is!",
    "translation": "",
    "stage": 0
  },
  {
    "key": "You can make a Bee Farm here.",
    "original": "You can make a Bee Farm here.",
    "translation": "",
    "stage": 0
  },
  {
    "key": "This isn't our land!!!",
    "original": "This isn't our land!!!",
    "translation": "",
    "stage": 0
  },
  {
    "key": "Are you serious!?",
    "original": "Are you serious!?",
    "translation": "",
    "stage": 0
  },
  {
    "key": "I can hardly see anyone passing here.",
    "original": "I can hardly see anyone passing here.",
    "translation": "",
    "stage": 0
  },
  {
    "key": "It is safe.",
    "original": "It is safe.",
    "translation": "",
    "stage": 0
  },
  {
    "key": "This is forest anyway. <br>",
    "original": "This is forest anyway. <br>",
    "translation": "",
    "stage": 0
  },
  {
    "key": "It doesn't belong to anyone.",
    "original": "It doesn't belong to anyone.",
    "translation": "",
    "stage": 0
  },
  {
    "key": "Bees can collect pollen directly from the forest. <br>",
    "original": "Bees can collect pollen directly from the forest. <br>",
    "translation": "",
    "stage": 0
  },
  {
    "key": "It will be more quality.",
    "original": "It will be more quality.",
    "translation": "",
    "stage": 0
  },
  {
    "key": "Even if you say so...",
    "original": "Even if you say so...",
    "translation": "",
    "stage": 0
  },
  {
    "key": "It will be fine. <br>",
    "original": "It will be fine. <br>",
    "translation": "",
    "stage": 0
  },
  {
    "key": "Don't be a pussy!",
    "original": "Don't be a pussy!",
    "translation": "",
    "stage": 0
  },
  {
    "key": "Well, I don't know...",
    "original": "Well, I don't know...",
    "translation": "",
    "stage": 0
  },
  {
    "key": "Okay! Fuck it!",
    "original": "Okay! Fuck it!",
    "translation": "",
    "stage": 0
  },
  {
    "key": "Let my future self deals with it.",
    "original": "Let my future self deals with it.",
    "translation": "",
    "stage": 0
  },
  {
    "key": "Great!!!",
    "original": "Great!!!",
    "translation": "",
    "stage": 0
  },
  {
    "key": "Before that...",
    "original": "Before that...",
    "translation": "",
    "stage": 0
  },
  {
    "key": "We have to deal with that first.",
    "original": "We have to deal with that first.",
    "translation": "",
    "stage": 0
  },
  {
    "key": "It's the only way you can get inside.",
    "original": "It's the only way you can get inside.",
    "translation": "",
    "stage": 0
  },
  {
    "key": "Holy shit! <br>",
    "original": "Holy shit! <br>",
    "translation": "",
    "stage": 0
  },
  {
    "key": "The girth is so big!",
    "original": "The girth is so big!",
    "translation": "",
    "stage": 0
  },
  {
    "key": "It's the biggest thorn I've ever seen! ",
    "original": "It's the biggest thorn I've ever seen! ",
    "translation": "",
    "stage": 0
  },
  {
    "key": "Feel like a living thing! ",
    "original": "Feel like a living thing! ",
    "translation": "",
    "stage": 0
  },
  {
    "key": "Huh!?",
    "original": "Huh!?",
    "translation": "",
    "stage": 0
  },
  {
    "key": "It's so tough. <br>",
    "original": "It's so tough. <br>",
    "translation": "",
    "stage": 0
  },
  {
    "key": "Those spikes feel like steel.",
    "original": "Those spikes feel like steel.",
    "translation": "",
    "stage": 0
  },
  {
    "key": "My Scythe isn't strong enough to cut them.",
    "original": "My Scythe isn't strong enough to cut them.",
    "translation": "",
    "stage": 0
  },
  {
    "key": "We need a stronger tool.",
    "original": "We need a stronger tool.",
    "translation": "",
    "stage": 0
  },
  {
    "key": "If it's big like a tree then it is this boy's job.",
    "original": "If it's big like a tree then it is this boy's job.",
    "translation": "",
    "stage": 0
  },
  {
    "key": "You're so strong.",
    "original": "You're so strong.",
    "translation": "",
    "stage": 0
  },
  {
    "key": "Heh Heh!",
    "original": "Heh Heh!",
    "translation": "",
    "stage": 0
  },
  {
    "key": "Alright! Let's go inside.",
    "original": "Alright! Let's go inside.",
    "translation": "",
    "stage": 0
  },
  {
    "key": "It's a good place for your Bee Farm, isn't it?",
    "original": "It's a good place for your Bee Farm, isn't it?",
    "translation": "",
    "stage": 0
  },
  {
    "key": "Yeah! <br>",
    "original": "Yeah! <br>",
    "translation": "",
    "stage": 0
  },
  {
    "key": "You're right!",
    "original": "You're right!",
    "translation": "",
    "stage": 0
  },
  {
    "key": "As for the first start, <br>",
    "original": "As for the first start, <br>",
    "translation": "",
    "stage": 0
  },
  {
    "key": "I will give you a flower seed.",
    "original": "I will give you a flower seed.",
    "translation": "",
    "stage": 0
  },
  {
    "key": "Just a seed? ",
    "original": "Just a seed? ",
    "translation": "",
    "stage": 0
  },
  {
    "key": "Don't underestimate it. ",
    "original": "Don't underestimate it. ",
    "translation": "",
    "stage": 0
  },
  {
    "key": "It's called the Purple Cosmos. ",
    "original": "It's called the Purple Cosmos. ",
    "translation": "",
    "stage": 0
  },
  {
    "key": "Haha! <br>",
    "original": "Haha! <br>",
    "translation": "",
    "stage": 0
  },
  {
    "key": "A cool name indeed...",
    "original": "A cool name indeed...",
    "translation": "",
    "stage": 0
  },
  {
    "key": "It isn't used to collect pollen like other flowers.",
    "original": "It isn't used to collect pollen like other flowers.",
    "translation": "",
    "stage": 0
  },
  {
    "key": "The energy released from it will significantly increase honey flavor and taste.",
    "original": "The energy released from it will significantly increase honey flavor and taste.",
    "translation": "",
    "stage": 0
  },
  {
    "key": "Wow! So cool!!!",
    "original": "Wow! So cool!!!",
    "translation": "",
    "stage": 0
  },
  {
    "key": "There is a good spot right here.",
    "original": "There is a good spot right here.",
    "translation": "",
    "stage": 0
  },
  {
    "key": "Just throw the seed on it.",
    "original": "Just throw the seed on it.",
    "translation": "",
    "stage": 0
  },
  {
    "key": "Just throw the seed on it!?",
    "original": "Just throw the seed on it!?",
    "translation": "",
    "stage": 0
  },
  {
    "key": "Is it okay? <br>",
    "original": "Is it okay? <br>",
    "translation": "",
    "stage": 0
  },
  {
    "key": "Are there any steps needed? <br>",
    "original": "Are there any steps needed? <br>",
    "translation": "",
    "stage": 0
  },
  {
    "key": "The seed looks kinda expensive...",
    "original": "The seed looks kinda expensive...",
    "translation": "",
    "stage": 0
  },
  {
    "key": "Purple... Cosmos... the name thing...",
    "original": "Purple... Cosmos... the name thing...",
    "translation": "",
    "stage": 0
  },
  {
    "key": "Hihihi! <br>",
    "original": "Hihihi! <br>",
    "translation": "",
    "stage": 0
  },
  {
    "key": "You don't need to worry about that.",
    "original": "You don't need to worry about that.",
    "translation": "",
    "stage": 0
  },
  {
    "key": "The hard part to collect this flower seed is its reproduction.",
    "original": "The hard part to collect this flower seed is its reproduction.",
    "translation": "",
    "stage": 0
  },
  {
    "key": "Each flower takes 1000 years to produce one seed during its lifetime.",
    "original": "Each flower takes 1000 years to produce one seed during its lifetime.",
    "translation": "",
    "stage": 0
  },
  {
    "key": "Not every flower could do that, the chance is one thousandth.",
    "original": "Not every flower could do that, the chance is one thousandth.",
    "translation": "",
    "stage": 0
  },
  {
    "key": "But nature has its own balance.",
    "original": "But nature has its own balance.",
    "translation": "",
    "stage": 0
  },
  {
    "key": "Its seeds have strong vitality. <br>",
    "original": "Its seeds have strong vitality. <br>",
    "translation": "",
    "stage": 0
  },
  {
    "key": "As soon as they touch the ground, they will absorb moisture and energy in the air to grow.",
    "original": "As soon as they touch the ground, they will absorb moisture and energy in the air to grow.",
    "translation": "",
    "stage": 0
  },
  {
    "key": "You're God damn right...",
    "original": "You're God damn right...",
    "translation": "",
    "stage": 0
  },
  {
    "key": "Just throw it here, <br>",
    "original": "Just throw it here, <br>",
    "translation": "",
    "stage": 0
  },
  {
    "key": "it will take care of itself.",
    "original": "it will take care of itself.",
    "translation": "",
    "stage": 0
  },
  {
    "key": "Done!",
    "original": "Done!",
    "translation": "",
    "stage": 0
  },
  {
    "key": "Oh! Oh! <br>",
    "original": "Oh! Oh! <br>",
    "translation": "",
    "stage": 0
  },
  {
    "key": "I want to see your Bee House. <br>",
    "original": "I want to see your Bee House. <br>",
    "translation": "",
    "stage": 0
  },
  {
    "key": "Can you place it right now!!?",
    "original": "Can you place it right now!!?",
    "translation": "",
    "stage": 0
  },
  {
    "key": "Sure!?",
    "original": "Sure!?",
    "translation": "",
    "stage": 0
  },
  {
    "key": "Why do you have such a strong urge about this?",
    "original": "Why do you have such a strong urge about this?",
    "translation": "",
    "stage": 0
  },
  {
    "key": "If you like honey so much, maybe your race does too.",
    "original": "If you like honey so much, maybe your race does too.",
    "translation": "",
    "stage": 0
  },
  {
    "key": "Why don't you guys just... <br>",
    "original": "Why don't you guys just... <br>",
    "translation": "",
    "stage": 0
  },
  {
    "key": "build your own Bee Farm?",
    "original": "build your own Bee Farm?",
    "translation": "",
    "stage": 0
  },
  {
    "key": "Ha ha! <br>",
    "original": "Ha ha! <br>",
    "translation": "",
    "stage": 0
  },
  {
    "key": "I heard races like your are really lazy and unproductive.",
    "original": "I heard races like your are really lazy and unproductive.",
    "translation": "",
    "stage": 0
  },
  {
    "key": "Hey!!!",
    "original": "Hey!!!",
    "translation": "",
    "stage": 0
  },
  {
    "key": "Oh! Well... Kind of...",
    "original": "Oh! Well... Kind of...",
    "translation": "",
    "stage": 0
  },
  {
    "key": "We enjoy every day by singing and playing...",
    "original": "We enjoy every day by singing and playing...",
    "translation": "",
    "stage": 0
  },
  {
    "key": "Anyway!",
    "original": "Anyway!",
    "translation": "",
    "stage": 0
  },
  {
    "key": "We also want to build a Bee Farm for ourselves but it's hopeless. ",
    "original": "We also want to build a Bee Farm for ourselves but it's hopeless. ",
    "translation": "",
    "stage": 0
  },
  {
    "key": "Bees are big, strong, and aggressive. <br>",
    "original": "Bees are big, strong, and aggressive. <br>",
    "translation": "",
    "stage": 0
  },
  {
    "key": "Barely can't be communicated.",
    "original": "Barely can't be communicated.",
    "translation": "",
    "stage": 0
  },
  {
    "key": "In the wild, if we want to get honey, <br>",
    "original": "In the wild, if we want to get honey, <br>",
    "translation": "",
    "stage": 0
  },
  {
    "key": "we must deal with thousands of sentinels first.",
    "original": "we must deal with thousands of sentinels first.",
    "translation": "",
    "stage": 0
  },
  {
    "key": "In the end, <br>",
    "original": "In the end, <br>",
    "translation": "",
    "stage": 0
  },
  {
    "key": "we could only eat flower pollen.",
    "original": "we could only eat flower pollen.",
    "translation": "",
    "stage": 0
  },
  {
    "key": "Well, worry not!",
    "original": "Well, worry not!",
    "translation": "",
    "stage": 0
  },
  {
    "key": "You can count on me for that.",
    "original": "You can count on me for that.",
    "translation": "",
    "stage": 0
  },
  {
    "key": "Okay, here we go!",
    "original": "Okay, here we go!",
    "translation": "",
    "stage": 0
  },
  {
    "key": "Step back a bit, I don't want my Magic to scare you!",
    "original": "Step back a bit, I don't want my Magic to scare you!",
    "translation": "",
    "stage": 0
  },
  {
    "key": "Let's summon our first Bee House!",
    "original": "Let's summon our first Bee House!",
    "translation": "",
    "stage": 0
  },
  {
    "key": "Yay!",
    "original": "Yay!",
    "translation": "",
    "stage": 0
  },
  {
    "key": "Alakazam!!!",
    "original": "Alakazam!!!",
    "translation": "",
    "stage": 0
  },
  {
    "key": "Wow! Such a pretty house! ",
    "original": "Wow! Such a pretty house! ",
    "translation": "",
    "stage": 0
  },
  {
    "key": "Really sure those bees will love it!",
    "original": "Really sure those bees will love it!",
    "translation": "",
    "stage": 0
  },
  {
    "key": "Haha! Thanks!",
    "original": "Haha! Thanks!",
    "translation": "",
    "stage": 0
  },
  {
    "key": "That's should be it!",
    "original": "That's should be it!",
    "translation": "",
    "stage": 0
  },
  {
    "key": "The flower needs \\c[1]7 days\\c[0] to fully grow. ",
    "original": "The flower needs \\c[1]7 days\\c[0] to fully grow. ",
    "translation": "",
    "stage": 0
  },
  {
    "key": "We should come back here later for honey.",
    "original": "We should come back here later for honey.",
    "translation": "",
    "stage": 0
  },
  {
    "key": "Yeah, boi!!!",
    "original": "Yeah, boi!!!",
    "translation": "",
    "stage": 0
  },
  {
    "key": "Thank you, \\C[3]Pixie\\c[0]!",
    "original": "Thank you, \\C[3]Pixie\\c[0]!",
    "translation": "",
    "stage": 0
  },
  {
    "key": "You're such a big help!",
    "original": "You're such a big help!",
    "translation": "",
    "stage": 0
  },
  {
    "key": "Hi hi!",
    "original": "Hi hi!",
    "translation": "",
    "stage": 0
  },
  {
    "key": "\\C[3]Pixie\\c[0]: \\C[3]+3\\C[0] <br>",
    "original": "\\C[3]Pixie\\c[0]: \\C[3]+3\\C[0] <br>",
    "translation": "",
    "stage": 0
  },
  {
    "key": "\\C[3]Pixie\\c[0]: \\v[33]",
    "original": "\\C[3]Pixie\\c[0]: \\v[33]",
    "translation": "",
    "stage": 0
  },
  {
    "key": "Here you are!!",
    "original": "Here you are!!",
    "translation": "",
    "stage": 0
  },
  {
    "key": "I've been waiting for you here for a while.",
    "original": "I've been waiting for you here for a while.",
    "translation": "",
    "stage": 0
  },
  {
    "key": "Look! The flower has grown!",
    "original": "Look! The flower has grown!",
    "translation": "",
    "stage": 0
  },
  {
    "key": "Let's check the Bee House if there is any bee inside.",
    "original": "Let's check the Bee House if there is any bee inside.",
    "translation": "",
    "stage": 0
  },
  {
    "key": "Honey already has been produced. ",
    "original": "Honey already has been produced. ",
    "translation": "",
    "stage": 0
  },
  {
    "key": "It's faster than I thought.",
    "original": "It's faster than I thought.",
    "translation": "",
    "stage": 0
  },
  {
    "key": "Wild creatures have a high sensitivity.",
    "original": "Wild creatures have a high sensitivity.",
    "translation": "",
    "stage": 0
  },
  {
    "key": "Perhaps they sensed the Purple Cosmos before it was even fully developed.",
    "original": "Perhaps they sensed the Purple Cosmos before it was even fully developed.",
    "translation": "",
    "stage": 0
  },
  {
    "key": "Let's do a taste test.",
    "original": "Let's do a taste test.",
    "translation": "",
    "stage": 0
  },
  {
    "key": "Oh!",
    "original": "Oh!",
    "translation": "",
    "stage": 0
  },
  {
    "key": "As I expected. <br>",
    "original": "As I expected. <br>",
    "translation": "",
    "stage": 0
  },
  {
    "key": "Honey Bees here are quite mild. ",
    "original": "Honey Bees here are quite mild. ",
    "translation": "",
    "stage": 0
  },
  {
    "key": "Since you're only the professional around here. <br>",
    "original": "Since you're only the professional around here. <br>",
    "translation": "",
    "stage": 0
  },
  {
    "key": "Do you mind taking the first test?",
    "original": "Do you mind taking the first test?",
    "translation": "",
    "stage": 0
  },
  {
    "key": "I can't wait any longer!",
    "original": "I can't wait any longer!",
    "translation": "",
    "stage": 0
  },
  {
    "key": "How is it!?",
    "original": "How is it!?",
    "translation": "",
    "stage": 0
  },
  {
    "key": "It's surprisingly good! <br>",
    "original": "It's surprisingly good! <br>",
    "translation": "",
    "stage": 0
  },
  {
    "key": "Somehow can be compared to where I live!",
    "original": "Somehow can be compared to where I live!",
    "translation": "",
    "stage": 0
  },
  {
    "key": "Whoa! <br>",
    "original": "Whoa! <br>",
    "translation": "",
    "stage": 0
  },
  {
    "key": "How is that even possible?",
    "original": "How is that even possible?",
    "translation": "",
    "stage": 0
  },
  {
    "key": "I don't know. <br>",
    "original": "I don't know. <br>",
    "translation": "",
    "stage": 0
  },
  {
    "key": "It could be the Magic Energy.",
    "original": "It could be the Magic Energy.",
    "translation": "",
    "stage": 0
  },
  {
    "key": "The special is its aroma, it's very unique. <br>",
    "original": "The special is its aroma, it's very unique. <br>",
    "translation": "",
    "stage": 0
  },
  {
    "key": "It gave me a dazzling but good way.",
    "original": "It gave me a dazzling but good way.",
    "translation": "",
    "stage": 0
  },
  {
    "key": "Can it be sold?",
    "original": "Can it be sold?",
    "translation": "",
    "stage": 0
  },
  {
    "key": "Of course, it is!!",
    "original": "Of course, it is!!",
    "translation": "",
    "stage": 0
  },
  {
    "key": "Not only can it be sold, <br>",
    "original": "Not only can it be sold, <br>",
    "translation": "",
    "stage": 0
  },
  {
    "key": "but the price can be even higher.",
    "original": "but the price can be even higher.",
    "translation": "",
    "stage": 0
  },
  {
    "key": "Oh, boi!",
    "original": "Oh, boi!",
    "translation": "",
    "stage": 0
  },
  {
    "key": "How about this. <br>",
    "original": "How about this. <br>",
    "translation": "",
    "stage": 0
  },
  {
    "key": "\\c[17]200\\c[0]\\i[172] for one \\c[14]Honey\\c[0]\\i[256].",
    "original": "\\c[17]200\\c[0]\\i[172] for one \\c[14]Honey\\c[0]\\i[256].",
    "translation": "",
    "stage": 0
  },
  {
    "key": "Wow!",
    "original": "Wow!",
    "translation": "",
    "stage": 0
  },
  {
    "key": "That's a lot!!! <br>",
    "original": "That's a lot!!! <br>",
    "translation": "",
    "stage": 0
  },
  {
    "key": "Are you sure!?",
    "original": "Are you sure!?",
    "translation": "",
    "stage": 0
  },
  {
    "key": "It's totally normal. <br>",
    "original": "It's totally normal. <br>",
    "translation": "",
    "stage": 0
  },
  {
    "key": "You don't need to worry.",
    "original": "You don't need to worry.",
    "translation": "",
    "stage": 0
  },
  {
    "key": "If you say so.",
    "original": "If you say so.",
    "translation": "",
    "stage": 0
  },
  {
    "key": "Holy shit! ",
    "original": "Holy shit! ",
    "translation": "",
    "stage": 0
  },
  {
    "key": "I can build 2 more Bee Houses here. <br>",
    "original": "I can build 2 more Bee Houses here. <br>",
    "translation": "",
    "stage": 0
  },
  {
    "key": "It would be \\c[17]600\\c[0]\\i[172] every day!!!",
    "original": "It would be \\c[17]600\\c[0]\\i[172] every day!!!",
    "translation": "",
    "stage": 0
  },
  {
    "key": "Woohoo!!",
    "original": "Woohoo!!",
    "translation": "",
    "stage": 0
  },
  {
    "key": "Don't forget to sell me your honey!!",
    "original": "Don't forget to sell me your honey!!",
    "translation": "",
    "stage": 0
  },
  {
    "key": "For sure will!!! <br>",
    "original": "For sure will!!! <br>",
    "translation": "",
    "stage": 0
  },
  {
    "key": "See you later!",
    "original": "See you later!",
    "translation": "",
    "stage": 0
  },
  {
    "key": "\\c[1]New Bee Farm Quest has been added <br>",
    "original": "\\c[1]New Bee Farm Quest has been added <br>",
    "translation": "",
    "stage": 0
  },
  {
    "key": "\\c[21]You can access Quest Logs by 'A' key or through Menu",
    "original": "\\c[21]You can access Quest Logs by 'A' key or through Menu",
    "translation": "",
    "stage": 0
  },
  {
    "key": "It's here again.",
    "original": "It's here again.",
    "translation": "",
    "stage": 0
  },
  {
    "key": "I will talk with it first.",
    "original": "I will talk with it first.",
    "translation": "",
    "stage": 0
  },
  {
    "key": "It is a bear perhaps I could communicate with it.",
    "original": "It is a bear perhaps I could communicate with it.",
    "translation": "",
    "stage": 0
  },
  {
    "key": "Look at your expression yesterday. <br>",
    "original": "Look at your expression yesterday. <br>",
    "translation": "",
    "stage": 0
  },
  {
    "key": "I thought you gonna kick its butt, suck its blood.",
    "original": "I thought you gonna kick its butt, suck its blood.",
    "translation": "",
    "stage": 0
  },
  {
    "key": "What are you talking about?",
    "original": "What are you talking about?",
    "translation": "",
    "stage": 0
  },
  {
    "key": "I'm a Fairy. <br>",
    "original": "I'm a Fairy. <br>",
    "translation": "",
    "stage": 0
  },
  {
    "key": "We are one with Nature!",
    "original": "We are one with Nature!",
    "translation": "",
    "stage": 0
  },
  {
    "key": "Alright, alright...",
    "original": "Alright, alright...",
    "translation": "",
    "stage": 0
  },
  {
    "key": "I choose you, \\C[3]Pixie\\c[0]!",
    "original": "I choose you, \\C[3]Pixie\\c[0]!",
    "translation": "",
    "stage": 0
  },
  {
    "key": "Use talk!",
    "original": "Use talk!",
    "translation": "",
    "stage": 0
  },
  {
    "key": "I can't seem to communicate with it.",
    "original": "I can't seem to communicate with it.",
    "translation": "",
    "stage": 0
  },
  {
    "key": "It seems like it is in a weird state.",
    "original": "It seems like it is in a weird state.",
    "translation": "",
    "stage": 0
  },
  {
    "key": "It's not very effective...",
    "original": "It's not very effective...",
    "translation": "",
    "stage": 0
  },
  {
    "key": "What shall we do?",
    "original": "What shall we do?",
    "translation": "",
    "stage": 0
  },
  {
    "key": "We can't just let it come here every day <br>",
    "original": "We can't just let it come here every day <br>",
    "translation": "",
    "stage": 0
  },
  {
    "key": "and eat our honey like this.",
    "original": "and eat our honey like this.",
    "translation": "",
    "stage": 0
  },
  {
    "key": "Only one last option left.",
    "original": "Only one last option left.",
    "translation": "",
    "stage": 0
  },
  {
    "key": "I will use Mini Dust to minimize it, <br>",
    "original": "I will use Mini Dust to minimize it, <br>",
    "translation": "",
    "stage": 0
  },
  {
    "key": "then it's your turn to kick its butt out of here.",
    "original": "then it's your turn to kick its butt out of here.",
    "translation": "",
    "stage": 0
  },
  {
    "key": "Why didn't I think of it before?",
    "original": "Why didn't I think of it before?",
    "translation": "",
    "stage": 0
  },
  {
    "key": "Well, I guess it only shrinks my dick when it's cast on me. <br>",
    "original": "Well, I guess it only shrinks my dick when it's cast on me. <br>",
    "translation": "",
    "stage": 0
  },
  {
    "key": "So it isn't that strong in my mind.",
    "original": "So it isn't that strong in my mind.",
    "translation": "",
    "stage": 0
  },
  {
    "key": "Alright!",
    "original": "Alright!",
    "translation": "",
    "stage": 0
  },
  {
    "key": "...",
    "original": "...",
    "translation": "",
    "stage": 0
  },
  {
    "key": "What!?",
    "original": "What!?",
    "translation": "",
    "stage": 0
  },
  {
    "key": "Why did she turn into a girl!?",
    "original": "Why did she turn into a girl!?",
    "translation": "",
    "stage": 0
  },
  {
    "key": "Your Mini Dust is still unreliable, \\C[3]Pixie\\c[0]!",
    "original": "Your Mini Dust is still unreliable, \\C[3]Pixie\\c[0]!",
    "translation": "",
    "stage": 0
  },
  {
    "key": "Ehh...",
    "original": "Ehh...",
    "translation": "",
    "stage": 0
  },
  {
    "key": "Hmm... It could be that thing.",
    "original": "Hmm... It could be that thing.",
    "translation": "",
    "stage": 0
  },
  {
    "key": "Do you still remember the Portal?",
    "original": "Do you still remember the Portal?",
    "translation": "",
    "stage": 0
  },
  {
    "key": "Yes?",
    "original": "Yes?",
    "translation": "",
    "stage": 0
  },
  {
    "key": "The energy that releasing from it is a source of Magic Energy. ",
    "original": "The energy that releasing from it is a source of Magic Energy. ",
    "translation": "",
    "stage": 0
  },
  {
    "key": "The Magic Dome around this island is like a large bowl that prevents the Magic Energy from leaking out.",
    "original": "The Magic Dome around this island is like a large bowl that prevents the Magic Energy from leaking out.",
    "translation": "",
    "stage": 0
  },
  {
    "key": "Okay!",
    "original": "Okay!",
    "translation": "",
    "stage": 0
  },
  {
    "key": "It is possible that some creatures will evolve and have some human features.",
    "original": "It is possible that some creatures will evolve and have some human features.",
    "translation": "",
    "stage": 0
  },
  {
    "key": "Just like me, I may look like a human but function differently.",
    "original": "Just like me, I may look like a human but function differently.",
    "translation": "",
    "stage": 0
  },
  {
    "key": "Whoa!",
    "original": "Whoa!",
    "translation": "",
    "stage": 0
  },
  {
    "key": "So what does it have to do with Mini Dust?",
    "original": "So what does it have to do with Mini Dust?",
    "translation": "",
    "stage": 0
  },
  {
    "key": "She is almost there but not there yet. <br>",
    "original": "She is almost there but not there yet. <br>",
    "translation": "",
    "stage": 0
  },
  {
    "key": "Mini Dust works like a catalyst.",
    "original": "Mini Dust works like a catalyst.",
    "translation": "",
    "stage": 0
  },
  {
    "key": "Even so, how could it be so fast?",
    "original": "Even so, how could it be so fast?",
    "translation": "",
    "stage": 0
  },
  {
    "key": "Who knows?",
    "original": "Who knows?",
    "translation": "",
    "stage": 0
  },
  {
    "key": "Now go and get her out of here!",
    "original": "Now go and get her out of here!",
    "translation": "",
    "stage": 0
  },
  {
    "key": "You can count on me.",
    "original": "You can count on me.",
    "translation": "",
    "stage": 0
  },
  {
    "key": "Beating girls is my best!",
    "original": "Beating girls is my best!",
    "translation": "",
    "stage": 0
  },
  {
    "key": "Hey, you!",
    "original": "Hey, you!",
    "translation": "",
    "stage": 0
  },
  {
    "key": "*GRrrr!!!*",
    "original": "*GRrrr!!!*",
    "translation": "",
    "stage": 0
  },
  {
    "key": "*Gulp*",
    "original": "*Gulp*",
    "translation": "",
    "stage": 0
  },
  {
    "key": "Dang! She's cute!",
    "original": "Dang! She's cute!",
    "translation": "",
    "stage": 0
  },
  {
    "key": "*Ahem*",
    "original": "*Ahem*",
    "translation": "",
    "stage": 0
  },
  {
    "key": "You're in my poverty.",
    "original": "You're in my poverty.",
    "translation": "",
    "stage": 0
  },
  {
    "key": "I request you to leave!!!",
    "original": "I request you to leave!!!",
    "translation": "",
    "stage": 0
  },
  {
    "key": "Honey... Mine!!!",
    "original": "Honey... Mine!!!",
    "translation": "",
    "stage": 0
  },
  {
    "key": "What the hell?",
    "original": "What the hell?",
    "translation": "",
    "stage": 0
  },
  {
    "key": "Even if you're cute but you're stealing my honey.",
    "original": "Even if you're cute but you're stealing my honey.",
    "translation": "",
    "stage": 0
  },
  {
    "key": "Go now...",
    "original": "Go now...",
    "translation": "",
    "stage": 0
  },
  {
    "key": "...or I will beat your ass.",
    "original": "...or I will beat your ass.",
    "translation": "",
    "stage": 0
  },
  {
    "key": "Heh heh!",
    "original": "Heh heh!",
    "translation": "",
    "stage": 0
  },
  {
    "key": "*ROOAAR!!!*",
    "original": "*ROOAAR!!!*",
    "translation": "",
    "stage": 0
  },
  {
    "key": "You wanna fight? <br>",
    "original": "You wanna fight? <br>",
    "translation": "",
    "stage": 0
  },
  {
    "key": "Then come and get some!",
    "original": "Then come and get some!",
    "translation": "",
    "stage": 0
  },
  {
    "key": "Ughh...",
    "original": "Ughh...",
    "translation": "",
    "stage": 0
  },
  {
    "key": "Why is she still so strong?",
    "original": "Why is she still so strong?",
    "translation": "",
    "stage": 0
  },
  {
    "key": "Where does she get that strength in such a small body?",
    "original": "Where does she get that strength in such a small body?",
    "translation": "",
    "stage": 0
  },
  {
    "key": "Honey!!!",
    "original": "Honey!!!",
    "translation": "",
    "stage": 0
  },
  {
    "key": "!!?",
    "original": "!!?",
    "translation": "",
    "stage": 0
  },
  {
    "key": "\\C[3]Pixie\\c[0]! Help!!! ",
    "original": "\\C[3]Pixie\\c[0]! Help!!! ",
    "translation": "",
    "stage": 0
  },
  {
    "key": "She's going to bite me!!!",
    "original": "She's going to bite me!!!",
    "translation": "",
    "stage": 0
  },
  {
    "key": "Right away!",
    "original": "Right away!",
    "translation": "",
    "stage": 0
  },
  {
    "key": "Honey...",
    "original": "Honey...",
    "translation": "",
    "stage": 0
  },
  {
    "key": "Delicious...",
    "original": "Delicious...",
    "translation": "",
    "stage": 0
  },
  {
    "key": "What...",
    "original": "What...",
    "translation": "",
    "stage": 0
  },
  {
    "key": "Wait, \\C[3]Pixie\\c[0]! <br>",
    "original": "Wait, \\C[3]Pixie\\c[0]! <br>",
    "translation": "",
    "stage": 0
  },
  {
    "key": "Stay right there!",
    "original": "Stay right there!",
    "translation": "",
    "stage": 0
  },
  {
    "key": "Everything is still in hand.",
    "original": "Everything is still in hand.",
    "translation": "",
    "stage": 0
  },
  {
    "key": "Okay!?...",
    "original": "Okay!?...",
    "translation": "",
    "stage": 0
  },
  {
    "key": "There's some honey on my dick.",
    "original": "There's some honey on my dick.",
    "translation": "",
    "stage": 0
  },
  {
    "key": "I guess it splashes out of her claws when she tore my pants.",
    "original": "I guess it splashes out of her claws when she tore my pants.",
    "translation": "",
    "stage": 0
  },
  {
    "key": "Shit! ",
    "original": "Shit! ",
    "translation": "",
    "stage": 0
  },
  {
    "key": "My dick is not even hard but why is it feels so good!? ",
    "original": "My dick is not even hard but why is it feels so good!? ",
    "translation": "",
    "stage": 0
  },
  {
    "key": "So... Delicious... ",
    "original": "So... Delicious... ",
    "translation": "",
    "stage": 0
  },
  {
    "key": "Her tough. It's so soft...",
    "original": "Her tough. It's so soft...",
    "translation": "",
    "stage": 0
  },
  {
    "key": "I can feel there're thousands of tiny soft spikes on it...",
    "original": "I can feel there're thousands of tiny soft spikes on it...",
    "translation": "",
    "stage": 0
  },
  {
    "key": "Trying to wipe every last drop of honey on my dick...",
    "original": "Trying to wipe every last drop of honey on my dick...",
    "translation": "",
    "stage": 0
  },
  {
    "key": "Better... than... normal...",
    "original": "Better... than... normal...",
    "translation": "",
    "stage": 0
  },
  {
    "key": "Next",
    "original": "Next",
    "translation": "",
    "stage": 0
  },
  {
    "key": "Ugrhhh!!",
    "original": "Ugrhhh!!",
    "translation": "",
    "stage": 0
  },
  {
    "key": "It was so good that can't hold it and came a little bit.",
    "original": "It was so good that can't hold it and came a little bit.",
    "translation": "",
    "stage": 0
  },
  {
    "key": "Hah hah...",
    "original": "Hah hah...",
    "translation": "",
    "stage": 0
  },
  {
    "key": "White... honey...?",
    "original": "White... honey...?",
    "translation": "",
    "stage": 0
  },
  {
    "key": "Ahh!!!",
    "original": "Ahh!!!",
    "translation": "",
    "stage": 0
  },
  {
    "key": "Not... honey...",
    "original": "Not... honey...",
    "translation": "",
    "stage": 0
  },
  {
    "key": "But... even more... Delicious!!!",
    "original": "But... even more... Delicious!!!",
    "translation": "",
    "stage": 0
  },
  {
    "key": "Oh, crap!!!",
    "original": "Oh, crap!!!",
    "translation": "",
    "stage": 0
  },
  {
    "key": "The cum couldn't hold it anymore <br>",
    "original": "The cum couldn't hold it anymore <br>",
    "translation": "",
    "stage": 0
  },
  {
    "key": "and started flowing as soon as she put my dick inside her warm mouth.",
    "original": "and started flowing as soon as she put my dick inside her warm mouth.",
    "translation": "",
    "stage": 0
  },
  {
    "key": "She's drinking my milk...",
    "original": "She's drinking my milk...",
    "translation": "",
    "stage": 0
  },
  {
    "key": "It's amazing... ",
    "original": "It's amazing... ",
    "translation": "",
    "stage": 0
  },
  {
    "key": "I... want... more...",
    "original": "I... want... more...",
    "translation": "",
    "stage": 0
  },
  {
    "key": "Damn! <br>",
    "original": "Damn! <br>",
    "translation": "",
    "stage": 0
  },
  {
    "key": "Can barely hear what she said <br>",
    "original": "Can barely hear what she said <br>",
    "translation": "",
    "stage": 0
  },
  {
    "key": "but it seems that she really likes it...",
    "original": "but it seems that she really likes it...",
    "translation": "",
    "stage": 0
  },
  {
    "key": "Nothing... come... out...",
    "original": "Nothing... come... out...",
    "translation": "",
    "stage": 0
  },
  {
    "key": "Where... my... HONEY?",
    "original": "Where... my... HONEY?",
    "translation": "",
    "stage": 0
  },
  {
    "key": "What?",
    "original": "What?",
    "translation": "",
    "stage": 0
  },
  {
    "key": "Do you mean my milk? ",
    "original": "Do you mean my milk? ",
    "translation": "",
    "stage": 0
  },
  {
    "key": "You know, it will take a while to refill.",
    "original": "You know, it will take a while to refill.",
    "translation": "",
    "stage": 0
  },
  {
    "key": "Then... <br>",
    "original": "Then... <br>",
    "translation": "",
    "stage": 0
  },
  {
    "key": "I... will... eat...you...",
    "original": "I... will... eat...you...",
    "translation": "",
    "stage": 0
  },
  {
    "key": "NOW!!!",
    "original": "NOW!!!",
    "translation": "",
    "stage": 0
  },
  {
    "key": "Yikes! <br>",
    "original": "Yikes! <br>",
    "translation": "",
    "stage": 0
  },
  {
    "key": "I can't just leave it like this anymore.",
    "original": "I can't just leave it like this anymore.",
    "translation": "",
    "stage": 0
  },
  {
    "key": "I somehow managed to pin her down!",
    "original": "I somehow managed to pin her down!",
    "translation": "",
    "stage": 0
  },
  {
    "key": "*GRRRrr*",
    "original": "*GRRRrr*",
    "translation": "",
    "stage": 0
  },
  {
    "key": "What should I do now?",
    "original": "What should I do now?",
    "translation": "",
    "stage": 0
  },
  {
    "key": "If I release her, she will definitely tackle me again.",
    "original": "If I release her, she will definitely tackle me again.",
    "translation": "",
    "stage": 0
  },
  {
    "key": "The smell of her sweat and body scent is so nice...",
    "original": "The smell of her sweat and body scent is so nice...",
    "translation": "",
    "stage": 0
  },
  {
    "key": "They say don't stick your dick in crazy but...",
    "original": "They say don't stick your dick in crazy but...",
    "translation": "",
    "stage": 0
  },
  {
    "key": "LET... GO... OF ME!!!",
    "original": "LET... GO... OF ME!!!",
    "translation": "",
    "stage": 0
  },
  {
    "key": "Shit! She's so furious!!!",
    "original": "Shit! She's so furious!!!",
    "translation": "",
    "stage": 0
  },
  {
    "key": "You know what...",
    "original": "You know what...",
    "translation": "",
    "stage": 0
  },
  {
    "key": "Always go if there is a hole.",
    "original": "Always go if there is a hole.",
    "translation": "",
    "stage": 0
  },
  {
    "key": "Put in",
    "original": "Put in",
    "translation": "",
    "stage": 0
  },
  {
    "key": "Damned! Too tight!!!",
    "original": "Damned! Too tight!!!",
    "translation": "",
    "stage": 0
  },
  {
    "key": "It is in...",
    "original": "It is in...",
    "translation": "",
    "stage": 0
  },
  {
    "key": "URGHHhhh!!!",
    "original": "URGHHhhh!!!",
    "translation": "",
    "stage": 0
  },
  {
    "key": "What is this feeling?",
    "original": "What is this feeling?",
    "translation": "",
    "stage": 0
  },
  {
    "key": "It feels so good!",
    "original": "It feels so good!",
    "translation": "",
    "stage": 0
  },
  {
    "key": "So warm and tight!!!",
    "original": "So warm and tight!!!",
    "translation": "",
    "stage": 0
  },
  {
    "key": "I could feel I can even easily go deeper because of how weirdly wet her pussy is.",
    "original": "I could feel I can even easily go deeper because of how weirdly wet her pussy is.",
    "translation": "",
    "stage": 0
  },
  {
    "key": "Too... big...",
    "original": "Too... big...",
    "translation": "",
    "stage": 0
  },
  {
    "key": "Move",
    "original": "Move",
    "translation": "",
    "stage": 0
  },
  {
    "key": "AAHhhh~",
    "original": "AAHhhh~",
    "translation": "",
    "stage": 0
  },
  {
    "key": "It... so... deep...",
    "original": "It... so... deep...",
    "translation": "",
    "stage": 0
  },
  {
    "key": "Inside... <br>",
    "original": "Inside... <br>",
    "translation": "",
    "stage": 0
  },
  {
    "key": "Feel... goooood~",
    "original": "Feel... goooood~",
    "translation": "",
    "stage": 0
  },
  {
    "key": "Holy fuck! <br>",
    "original": "Holy fuck! <br>",
    "translation": "",
    "stage": 0
  },
  {
    "key": "Your moans are so cute and sexy!!",
    "original": "Your moans are so cute and sexy!!",
    "translation": "",
    "stage": 0
  },
  {
    "key": "Faster",
    "original": "Faster",
    "translation": "",
    "stage": 0
  },
  {
    "key": "It's so amazing!!!",
    "original": "It's so amazing!!!",
    "translation": "",
    "stage": 0
  },
  {
    "key": "I could go so deep... <br>",
    "original": "I could go so deep... <br>",
    "translation": "",
    "stage": 0
  },
  {
    "key": "My whole dick is covered in your hot flesh...",
    "original": "My whole dick is covered in your hot flesh...",
    "translation": "",
    "stage": 0
  },
  {
    "key": "My legs couldn't help but go as fast as they could.",
    "original": "My legs couldn't help but go as fast as they could.",
    "translation": "",
    "stage": 0
  },
  {
    "key": "So... Strong... <br>",
    "original": "So... Strong... <br>",
    "translation": "",
    "stage": 0
  },
  {
    "key": "Too... Good!!!",
    "original": "Too... Good!!!",
    "translation": "",
    "stage": 0
  },
  {
    "key": "Breaking~",
    "original": "Breaking~",
    "translation": "",
    "stage": 0
  },
  {
    "key": "Cum",
    "original": "Cum",
    "translation": "",
    "stage": 0
  },
  {
    "key": "I can't hold it anymore!!!",
    "original": "I can't hold it anymore!!!",
    "translation": "",
    "stage": 0
  },
  {
    "key": "The head is burning. It's exploding!!!",
    "original": "The head is burning. It's exploding!!!",
    "translation": "",
    "stage": 0
  },
  {
    "key": "UuurRHhh!!!",
    "original": "UuurRHhh!!!",
    "translation": "",
    "stage": 0
  },
  {
    "key": "I just came and I can't believe I've come so much...",
    "original": "I just came and I can't believe I've come so much...",
    "translation": "",
    "stage": 0
  },
  {
    "key": "Hya hi hi!!!",
    "original": "Hya hi hi!!!",
    "translation": "",
    "stage": 0
  },
  {
    "key": "So... warm~",
    "original": "So... warm~",
    "translation": "",
    "stage": 0
  },
  {
    "key": "Feel... good...",
    "original": "Feel... good...",
    "translation": "",
    "stage": 0
  },
  {
    "key": "She looks like doing drugs...",
    "original": "She looks like doing drugs...",
    "translation": "",
    "stage": 0
  },
  {
    "key": "Damn!",
    "original": "Damn!",
    "translation": "",
    "stage": 0
  },
  {
    "key": "She look so hot...",
    "original": "She look so hot...",
    "translation": "",
    "stage": 0
  },
  {
    "key": "I really want to go for another round...",
    "original": "I really want to go for another round...",
    "translation": "",
    "stage": 0
  },
  {
    "key": "...but I don't think her smol pussy could handle my enormous cane!",
    "original": "...but I don't think her smol pussy could handle my enormous cane!",
    "translation": "",
    "stage": 0
  },
  {
    "key": "End",
    "original": "End",
    "translation": "",
    "stage": 0
  },
  {
    "key": "I remembered... your scent...",
    "original": "I remembered... your scent...",
    "translation": "",
    "stage": 0
  },
  {
    "key": "I will... take... my revenge!!!",
    "original": "I will... take... my revenge!!!",
    "translation": "",
    "stage": 0
  },
  {
    "key": "*Phew*",
    "original": "*Phew*",
    "translation": "",
    "stage": 0
  },
  {
    "key": "I can't believe that I... \"defeated\" a bear.",
    "original": "I can't believe that I... \"defeated\" a bear.",
    "translation": "",
    "stage": 0
  },
  {
    "key": "I was too rough... <br>",
    "original": "I was too rough... <br>",
    "translation": "",
    "stage": 0
  },
  {
    "key": "My dick is still burning... and all swollen...",
    "original": "My dick is still burning... and all swollen...",
    "translation": "",
    "stage": 0
  },
  {
    "key": "But it sure was amazing!!!",
    "original": "But it sure was amazing!!!",
    "translation": "",
    "stage": 0
  },
  {
    "key": "Do you think she will be back, \\C[3]Pixie\\c[0]?",
    "original": "Do you think she will be back, \\C[3]Pixie\\c[0]?",
    "translation": "",
    "stage": 0
  },
  {
    "key": "Is it okay to leave her like that?",
    "original": "Is it okay to leave her like that?",
    "translation": "",
    "stage": 0
  },
  {
    "key": "She can easily transform back to her original form.",
    "original": "She can easily transform back to her original form.",
    "translation": "",
    "stage": 0
  },
  {
    "key": "Let's call her \\C[20]Teddy\\C[0]. ",
    "original": "Let's call her \\C[20]Teddy\\C[0]. ",
    "translation": "",
    "stage": 0
  },
  {
    "key": "For a reason, <br>",
    "original": "For a reason, <br>",
    "translation": "",
    "stage": 0
  },
  {
    "key": "my crotch feels itchy while watching you fight.",
    "original": "my crotch feels itchy while watching you fight.",
    "translation": "",
    "stage": 0
  },
  {
    "key": "It seems really good!",
    "original": "It seems really good!",
    "translation": "",
    "stage": 0
  },
  {
    "key": "Can we do it?",
    "original": "Can we do it?",
    "translation": "",
    "stage": 0
  },
  {
    "key": "Do you want me to beat your ass!?",
    "original": "Do you want me to beat your ass!?",
    "translation": "",
    "stage": 0
  },
  {
    "key": "Even if I use Mini Dust you're still too small.",
    "original": "Even if I use Mini Dust you're still too small.",
    "translation": "",
    "stage": 0
  },
  {
    "key": "Is that so?",
    "original": "Is that so?",
    "translation": "",
    "stage": 0
  },
  {
    "key": "Hmm!",
    "original": "Hmm!",
    "translation": "",
    "stage": 0
  },
  {
    "key": "She stole my honey and my milk!!!",
    "original": "She stole my honey and my milk!!!",
    "translation": "",
    "stage": 0
  },
  {
    "key": "Hahaha!",
    "original": "Hahaha!",
    "translation": "",
    "stage": 0
  },
  {
    "key": "\\C[3]Pixie\\c[0]: \\C[3]+5\\C[0] <br>",
    "original": "\\C[3]Pixie\\c[0]: \\C[3]+5\\C[0] <br>",
    "translation": "",
    "stage": 0
  },
  {
    "key": "Help...",
    "original": "Help...",
    "translation": "",
    "stage": 0
  },
  {
    "key": "What is that sound!?",
    "original": "What is that sound!?",
    "translation": "",
    "stage": 0
  },
  {
    "key": "Help me!",
    "original": "Help me!",
    "translation": "",
    "stage": 0
  },
  {
    "key": "Could it be a ghost!?!",
    "original": "Could it be a ghost!?!",
    "translation": "",
    "stage": 0
  },
  {
    "key": "Wait!",
    "original": "Wait!",
    "translation": "",
    "stage": 0
  },
  {
    "key": "It's so familiar... <br>",
    "original": "It's so familiar... <br>",
    "translation": "",
    "stage": 0
  },
  {
    "key": "Feel like \\C[3]Pixie\\c[0]!",
    "original": "Feel like \\C[3]Pixie\\c[0]!",
    "translation": "",
    "stage": 0
  },
  {
    "key": "Strangely, I could feel it came from the Lost Wood!",
    "original": "Strangely, I could feel it came from the Lost Wood!",
    "translation": "",
    "stage": 0
  },
  {
    "key": "I should go there and check!",
    "original": "I should go there and check!",
    "translation": "",
    "stage": 0
  },
  {
    "key": "\\C[3]Pixie\\c[0]!",
    "original": "\\C[3]Pixie\\c[0]!",
    "translation": "",
    "stage": 0
  },
  {
    "key": "Probably stuck on the tree again. <br>",
    "original": "Probably stuck on the tree again. <br>",
    "translation": "",
    "stage": 0
  },
  {
    "key": "She never changes.",
    "original": "She never changes.",
    "translation": "",
    "stage": 0
  },
  {
    "key": "Anyway, better help her out!",
    "original": "Anyway, better help her out!",
    "translation": "",
    "stage": 0
  },
  {
    "key": "Holy shit!!!",
    "original": "Holy shit!!!",
    "translation": "",
    "stage": 0
  },
  {
    "key": "A BEAR!!! <br>",
    "original": "A BEAR!!! <br>",
    "translation": "",
    "stage": 0
  },
  {
    "key": "A BROWN ONE!!",
    "original": "A BROWN ONE!!",
    "translation": "",
    "stage": 0
  },
  {
    "key": "Where is it came from!?",
    "original": "Where is it came from!?",
    "translation": "",
    "stage": 0
  },
  {
    "key": "I guess the honey attracted it here.",
    "original": "I guess the honey attracted it here.",
    "translation": "",
    "stage": 0
  },
  {
    "key": "It has discovered my Bee Farm, <br>",
    "original": "It has discovered my Bee Farm, <br>",
    "translation": "",
    "stage": 0
  },
  {
    "key": "I'm sure it will keep coming here.",
    "original": "I'm sure it will keep coming here.",
    "translation": "",
    "stage": 0
  },
  {
    "key": "What should I do now!?",
    "original": "What should I do now!?",
    "translation": "",
    "stage": 0
  },
  {
    "key": "Oh, \\C[3]Pixie\\c[0]! ",
    "original": "Oh, \\C[3]Pixie\\c[0]! ",
    "translation": "",
    "stage": 0
  },
  {
    "key": "She is a Fairy! <br>",
    "original": "She is a Fairy! <br>",
    "translation": "",
    "stage": 0
  },
  {
    "key": "She might know some spells that could help me deal with it.",
    "original": "She might know some spells that could help me deal with it.",
    "translation": "",
    "stage": 0
  },
  {
    "key": "I should pay her a visit in the afternoon.",
    "original": "I should pay her a visit in the afternoon.",
    "translation": "",
    "stage": 0
  },
  {
    "key": "I need to seek help from \\C[3]Pixie\\c[0]! <br>",
    "original": "I need to seek help from \\C[3]Pixie\\c[0]! <br>",
    "translation": "",
    "stage": 0
  },
  {
    "key": "I can't hand-to-hand combat with such a huge bear!",
    "original": "I can't hand-to-hand combat with such a huge bear!",
    "translation": "",
    "stage": 0
  },
  {
    "key": "Approach",
    "original": "Approach",
    "translation": "",
    "stage": 0
  },
  {
    "key": "Shoo",
    "original": "Shoo",
    "translation": "",
    "stage": 0
  },
  {
    "key": "Not Now",
    "original": "Not Now",
    "translation": "",
    "stage": 0
  },
  {
    "key": "Normally",
    "original": "Normally",
    "translation": "",
    "stage": 0
  },
  {
    "key": "Prepare",
    "original": "Prepare",
    "translation": "",
    "stage": 0
  },
  {
    "key": "Do you know how the world works?",
    "original": "Do you know how the world works?",
    "translation": "",
    "stage": 0
  },
  {
    "key": "You need to buy what you want.",
    "original": "You need to buy what you want.",
    "translation": "",
    "stage": 0
  },
  {
    "key": "\\C[20]Teddy\\C[0] <br>",
    "original": "\\C[20]Teddy\\C[0] <br>",
    "translation": "",
    "stage": 0
  },
  {
    "key": "Did she do this on purpose!?",
    "original": "Did she do this on purpose!?",
    "translation": "",
    "stage": 0
  },
  {
    "key": "Another pants!!! <br>",
    "original": "Another pants!!! <br>",
    "translation": "",
    "stage": 0
  },
  {
    "key": "Oh my god...",
    "original": "Oh my god...",
    "translation": "",
    "stage": 0
  },
  {
    "key": "Better... as always!!!",
    "original": "Better... as always!!!",
    "translation": "",
    "stage": 0
  },
  {
    "key": "You love my dick that bad, don't you? <br>",
    "original": "You love my dick that bad, don't you? <br>",
    "translation": "",
    "stage": 0
  },
  {
    "key": "You licked it like ice cream.",
    "original": "You licked it like ice cream.",
    "translation": "",
    "stage": 0
  },
  {
    "key": "White... HONEY!!!",
    "original": "White... HONEY!!!",
    "translation": "",
    "stage": 0
  },
  {
    "key": "Hmmm!!!",
    "original": "Hmmm!!!",
    "translation": "",
    "stage": 0
  },
  {
    "key": "So... Delicious!!!",
    "original": "So... Delicious!!!",
    "translation": "",
    "stage": 0
  },
  {
    "key": "Give me... my... white honey!!!",
    "original": "Give me... my... white honey!!!",
    "translation": "",
    "stage": 0
  },
  {
    "key": "Oh, shit!!!",
    "original": "Oh, shit!!!",
    "translation": "",
    "stage": 0
  },
  {
    "key": "So fucking good!!! <br>",
    "original": "So fucking good!!! <br>",
    "translation": "",
    "stage": 0
  },
  {
    "key": "She's drinking milk directly from my balls.",
    "original": "She's drinking milk directly from my balls.",
    "translation": "",
    "stage": 0
  },
  {
    "key": "Mmmmmm~",
    "original": "Mmmmmm~",
    "translation": "",
    "stage": 0
  },
  {
    "key": "Again, <br>",
    "original": "Again, <br>",
    "translation": "",
    "stage": 0
  },
  {
    "key": "it will take some time to refill.",
    "original": "it will take some time to refill.",
    "translation": "",
    "stage": 0
  },
  {
    "key": "Yikes!",
    "original": "Yikes!",
    "translation": "",
    "stage": 0
  },
  {
    "key": "AAHHhhhh~",
    "original": "AAHHhhhh~",
    "translation": "",
    "stage": 0
  },
  {
    "key": "So warm and tight like always!!!",
    "original": "So warm and tight like always!!!",
    "translation": "",
    "stage": 0
  },
  {
    "key": "How is it feel!? <br>",
    "original": "How is it feel!? <br>",
    "translation": "",
    "stage": 0
  },
  {
    "key": "You love my dick, huh!?",
    "original": "You love my dick, huh!?",
    "translation": "",
    "stage": 0
  },
  {
    "key": "Today, I will teach you a lesson!",
    "original": "Today, I will teach you a lesson!",
    "translation": "",
    "stage": 0
  },
  {
    "key": "Ahh AAHhhh~",
    "original": "Ahh AAHhhh~",
    "translation": "",
    "stage": 0
  },
  {
    "key": "You need to pay for what you want.",
    "original": "You need to pay for what you want.",
    "translation": "",
    "stage": 0
  },
  {
    "key": "This isn't your society! <br>",
    "original": "This isn't your society! <br>",
    "translation": "",
    "stage": 0
  },
  {
    "key": "You can't just steal my honey like that!",
    "original": "You can't just steal my honey like that!",
    "translation": "",
    "stage": 0
  },
  {
    "key": "You hear me?!",
    "original": "You hear me?!",
    "translation": "",
    "stage": 0
  },
  {
    "key": "Yeeees~",
    "original": "Yeeees~",
    "translation": "",
    "stage": 0
  },
  {
    "key": "It's so fucking amazing!!!",
    "original": "It's so fucking amazing!!!",
    "translation": "",
    "stage": 0
  },
  {
    "key": "I get it.",
    "original": "I get it.",
    "translation": "",
    "stage": 0
  },
  {
    "key": "You came here to get fucked and free honey!",
    "original": "You came here to get fucked and free honey!",
    "translation": "",
    "stage": 0
  },
  {
    "key": "You tricky little one!",
    "original": "You tricky little one!",
    "translation": "",
    "stage": 0
  },
  {
    "key": "I will punish your body well...",
    "original": "I will punish your body well...",
    "translation": "",
    "stage": 0
  },
  {
    "key": "Aughhhhh~",
    "original": "Aughhhhh~",
    "translation": "",
    "stage": 0
  },
  {
    "key": "It's way too good!!!",
    "original": "It's way too good!!!",
    "translation": "",
    "stage": 0
  },
  {
    "key": "Warm honey... coming!!!",
    "original": "Warm honey... coming!!!",
    "translation": "",
    "stage": 0
  },
  {
    "key": "I just came out like a ton!",
    "original": "I just came out like a ton!",
    "translation": "",
    "stage": 0
  },
  {
    "key": "So... warm~ <br>",
    "original": "So... warm~ <br>",
    "translation": "",
    "stage": 0
  },
  {
    "key": "So... good~",
    "original": "So... good~",
    "translation": "",
    "stage": 0
  },
  {
    "key": "He he!",
    "original": "He he!",
    "translation": "",
    "stage": 0
  },
  {
    "key": "You paid by your own pussy. <br>",
    "original": "You paid by your own pussy. <br>",
    "translation": "",
    "stage": 0
  },
  {
    "key": "You can take the rest of the honey and go home.",
    "original": "You can take the rest of the honey and go home.",
    "translation": "",
    "stage": 0
  },
  {
    "key": "I can't believe I was so wild...",
    "original": "I can't believe I was so wild...",
    "translation": "",
    "stage": 0
  },
  {
    "key": "But it sure fucking feels thousands BETTER!!!",
    "original": "But it sure fucking feels thousands BETTER!!!",
    "translation": "",
    "stage": 0
  }
]