[
  {
    "key": "\\C[2]Anna\\C[0] <br>",
    "original": "\\C[2]Anna\\C[0] <br>",
    "translation": "",
    "stage": 0
  },
  {
    "key": "I have finished my homework. ",
    "original": "I have finished my homework. ",
    "translation": "",
    "stage": 0
  },
  {
    "key": "It's late, I should go to bed. ",
    "original": "It's late, I should go to bed. ",
    "translation": "",
    "stage": 0
  },
  {
    "key": "\\n[1]'s a strange magazine.",
    "original": "\\n[1]'s a strange magazine.",
    "translation": "",
    "stage": 0
  },
  {
    "key": "Whoa!",
    "original": "Whoa!",
    "translation": "",
    "stage": 0
  },
  {
    "key": "Me <br>",
    "original": "Me <br>",
    "translation": "",
    "stage": 0
  },
  {
    "key": "What are you doing, \\C[2]Anna\\C[0]?",
    "original": "What are you doing, \\C[2]Anna\\C[0]?",
    "translation": "",
    "stage": 0
  },
  {
    "key": "...",
    "original": "...",
    "translation": "",
    "stage": 0
  },
  {
    "key": "It's you, \\n[1].",
    "original": "It's you, \\n[1].",
    "translation": "",
    "stage": 0
  },
  {
    "key": "I'm doing my homework.",
    "original": "I'm doing my homework.",
    "translation": "",
    "stage": 0
  },
  {
    "key": "...but it's really hard.",
    "original": "...but it's really hard.",
    "translation": "",
    "stage": 0
  },
  {
    "key": "Lemme see it.",
    "original": "Lemme see it.",
    "translation": "",
    "stage": 0
  },
  {
    "key": "Are you sure? I only saw you're running around without any study. I don't think you can handle it.",
    "original": "Are you sure? I only saw you're running around without any study. I don't think you can handle it.",
    "translation": "",
    "stage": 0
  },
  {
    "key": "I'm smarter than you. ",
    "original": "I'm smarter than you. ",
    "translation": "",
    "stage": 0
  },
  {
    "key": "I don't think so.",
    "original": "I don't think so.",
    "translation": "",
    "stage": 0
  },
  {
    "key": "Here you go.",
    "original": "Here you go.",
    "translation": "",
    "stage": 0
  },
  {
    "key": "Hmm...",
    "original": "Hmm...",
    "translation": "",
    "stage": 0
  },
  {
    "key": "...I also don't know how to do it.",
    "original": "...I also don't know how to do it.",
    "translation": "",
    "stage": 0
  },
  {
    "key": "\\C[2]Anna\\C[0] would laugh to death if I said so...",
    "original": "\\C[2]Anna\\C[0] would laugh to death if I said so...",
    "translation": "",
    "stage": 0
  },
  {
    "key": "I have an idea!",
    "original": "I have an idea!",
    "translation": "",
    "stage": 0
  },
  {
    "key": "Ahem!",
    "original": "Ahem!",
    "translation": "",
    "stage": 0
  },
  {
    "key": "Did you know how to solve those questions?",
    "original": "Did you know how to solve those questions?",
    "translation": "",
    "stage": 0
  },
  {
    "key": "Yes, I know how to solve those questions but I won't write them down...",
    "original": "Yes, I know how to solve those questions but I won't write them down...",
    "translation": "",
    "stage": 0
  },
  {
    "key": "Ha-ha. I already knew you can't handle it.",
    "original": "Ha-ha. I already knew you can't handle it.",
    "translation": "",
    "stage": 0
  },
  {
    "key": "Wait! Let me finish my line.",
    "original": "Wait! Let me finish my line.",
    "translation": "",
    "stage": 0
  },
  {
    "key": "Give a man a fish, and he will eat it right away. Teach him to catch a fish, he can catch another fish.",
    "original": "Give a man a fish, and he will eat it right away. Teach him to catch a fish, he can catch another fish.",
    "translation": "",
    "stage": 0
  },
  {
    "key": "Wait, I don't remember them saying something like that.",
    "original": "Wait, I don't remember them saying something like that.",
    "translation": "",
    "stage": 0
  },
  {
    "key": "Don't pay attention to the little things.",
    "original": "Don't pay attention to the little things.",
    "translation": "",
    "stage": 0
  },
  {
    "key": "Today, I will teach you how to catch fish.",
    "original": "Today, I will teach you how to catch fish.",
    "translation": "",
    "stage": 0
  },
  {
    "key": "Take a look at the homework notebook. Do you see anything strange?",
    "original": "Take a look at the homework notebook. Do you see anything strange?",
    "translation": "",
    "stage": 0
  },
  {
    "key": "No, I don't. ",
    "original": "No, I don't. ",
    "translation": "",
    "stage": 0
  },
  {
    "key": "Look at all the crap you've drawn.",
    "original": "Look at all the crap you've drawn.",
    "translation": "",
    "stage": 0
  },
  {
    "key": "Eh! They're cute.",
    "original": "Eh! They're cute.",
    "translation": "",
    "stage": 0
  },
  {
    "key": "It shows that you were not paying attention at all. You didn't focus on doing your homework.",
    "original": "It shows that you were not paying attention at all. You didn't focus on doing your homework.",
    "translation": "",
    "stage": 0
  },
  {
    "key": "You-You right!",
    "original": "You-You right!",
    "translation": "",
    "stage": 0
  },
  {
    "key": "Of course.",
    "original": "Of course.",
    "translation": "",
    "stage": 0
  },
  {
    "key": "I will teach you to pay more focus on your homework by training your body sensations.",
    "original": "I will teach you to pay more focus on your homework by training your body sensations.",
    "translation": "",
    "stage": 0
  },
  {
    "key": "Whoa! I don't know every word you say but it's very professional.",
    "original": "Whoa! I don't know every word you say but it's very professional.",
    "translation": "",
    "stage": 0
  },
  {
    "key": "So, what will we do now?",
    "original": "So, what will we do now?",
    "translation": "",
    "stage": 0
  },
  {
    "key": "Take off your clothes and sit on the chair.",
    "original": "Take off your clothes and sit on the chair.",
    "translation": "",
    "stage": 0
  },
  {
    "key": "Okay.",
    "original": "Okay.",
    "translation": "",
    "stage": 0
  },
  {
    "key": "Wait, what!?",
    "original": "Wait, what!?",
    "translation": "",
    "stage": 0
  },
  {
    "key": "I will teach you how to fish, of course!",
    "original": "I will teach you how to fish, of course!",
    "translation": "",
    "stage": 0
  },
  {
    "key": "Ah, okay.",
    "original": "Ah, okay.",
    "translation": "",
    "stage": 0
  },
  {
    "key": "Gulp",
    "original": "Gulp",
    "translation": "",
    "stage": 0
  },
  {
    "key": "Ahh! This homework is too hard.",
    "original": "Ahh! This homework is too hard.",
    "translation": "",
    "stage": 0
  },
  {
    "key": "I should help her out sometime.",
    "original": "I should help her out sometime.",
    "translation": "",
    "stage": 0
  },
  {
    "key": "What is it?",
    "original": "What is it?",
    "translation": "",
    "stage": 0
  },
  {
    "key": "Looks like your training doesn't increase my focus anymore.",
    "original": "Looks like your training doesn't increase my focus anymore.",
    "translation": "",
    "stage": 0
  },
  {
    "key": "In that case, let's move to another level.",
    "original": "In that case, let's move to another level.",
    "translation": "",
    "stage": 0
  },
  {
    "key": "Today's exercise will increase the intensity and more importantly...",
    "original": "Today's exercise will increase the intensity and more importantly...",
    "translation": "",
    "stage": 0
  },
  {
    "key": "What, what is it!?",
    "original": "What, what is it!?",
    "translation": "",
    "stage": 0
  },
  {
    "key": "He-he. Look like you knew how to fish...",
    "original": "He-he. Look like you knew how to fish...",
    "translation": "",
    "stage": 0
  },
  {
    "key": "I'll give you a fishing rod this time.",
    "original": "I'll give you a fishing rod this time.",
    "translation": "",
    "stage": 0
  },
  {
    "key": "Let's play a betting game.",
    "original": "Let's play a betting game.",
    "translation": "",
    "stage": 0
  },
  {
    "key": "No no no. Mom says betting is bad.",
    "original": "No no no. Mom says betting is bad.",
    "translation": "",
    "stage": 0
  },
  {
    "key": "Ha-ha. Don't worry. It's bad because they use the money to bet.",
    "original": "Ha-ha. Don't worry. It's bad because they use the money to bet.",
    "translation": "",
    "stage": 0
  },
  {
    "key": "Tell me what do you want to eat right now?",
    "original": "Tell me what do you want to eat right now?",
    "translation": "",
    "stage": 0
  },
  {
    "key": "Hmm... I want a dessert right now... Pudding...",
    "original": "Hmm... I want a dessert right now... Pudding...",
    "translation": "",
    "stage": 0
  },
  {
    "key": "That's right! I want to eat pudding, my favorite.",
    "original": "That's right! I want to eat pudding, my favorite.",
    "translation": "",
    "stage": 0
  },
  {
    "key": "Good. Let's make a condition.",
    "original": "Good. Let's make a condition.",
    "translation": "",
    "stage": 0
  },
  {
    "key": "If my training doesn't work you win but if my training works you lose.",
    "original": "If my training doesn't work you win but if my training works you lose.",
    "translation": "",
    "stage": 0
  },
  {
    "key": "Oh, okay.",
    "original": "Oh, okay.",
    "translation": "",
    "stage": 0
  },
  {
    "key": "If you win I'll buy you a pudding.",
    "original": "If you win I'll buy you a pudding.",
    "translation": "",
    "stage": 0
  },
  {
    "key": "Yay!",
    "original": "Yay!",
    "translation": "",
    "stage": 0
  },
  {
    "key": "If you lose...",
    "original": "If you lose...",
    "translation": "",
    "stage": 0
  },
  {
    "key": "Uh-huh.",
    "original": "Uh-huh.",
    "translation": "",
    "stage": 0
  },
  {
    "key": "If you lose you have to suck my pee pee.",
    "original": "If you lose you have to suck my pee pee.",
    "translation": "",
    "stage": 0
  },
  {
    "key": "Okay, okay. Hurry up! Your training won't work anyway, I want a pudding now.",
    "original": "Okay, okay. Hurry up! Your training won't work anyway, I want a pudding now.",
    "translation": "",
    "stage": 0
  },
  {
    "key": "What!? I thought she would refuse or something... ",
    "original": "What!? I thought she would refuse or something... ",
    "translation": "",
    "stage": 0
  },
  {
    "key": "Anyway...",
    "original": "Anyway...",
    "translation": "",
    "stage": 0
  },
  {
    "key": "Forgot to ask, where to buy pudding?",
    "original": "Forgot to ask, where to buy pudding?",
    "translation": "",
    "stage": 0
  },
  {
    "key": "You can buy it at the convenience store on your way to school.",
    "original": "You can buy it at the convenience store on your way to school.",
    "translation": "",
    "stage": 0
  },
  {
    "key": "Cool. ",
    "original": "Cool. ",
    "translation": "",
    "stage": 0
  },
  {
    "key": "Cheating is not allowed.",
    "original": "Cheating is not allowed.",
    "translation": "",
    "stage": 0
  },
  {
    "key": "Hey! I'm not that kind of person.",
    "original": "Hey! I'm not that kind of person.",
    "translation": "",
    "stage": 0
  },
  {
    "key": "I should buy a \\c[14]Pudding\\i[286]\\c[0] first before playing with her...",
    "original": "I should buy a \\c[14]Pudding\\i[286]\\c[0] first before playing with her...",
    "translation": "",
    "stage": 0
  },
  {
    "key": "I mean help her with her homework.",
    "original": "I mean help her with her homework.",
    "translation": "",
    "stage": 0
  },
  {
    "key": "I can buy it at the convenience store on my way to school.",
    "original": "I can buy it at the convenience store on my way to school.",
    "translation": "",
    "stage": 0
  },
  {
    "key": "What are you doing?",
    "original": "What are you doing?",
    "translation": "",
    "stage": 0
  },
  {
    "key": "Help her",
    "original": "Help her",
    "translation": "",
    "stage": 0
  },
  {
    "key": "Not now",
    "original": "Not now",
    "translation": "",
    "stage": 0
  },
  {
    "key": "Let's me help you with your homework!",
    "original": "Let's me help you with your homework!",
    "translation": "",
    "stage": 0
  },
  {
    "key": "Okay!",
    "original": "Okay!",
    "translation": "",
    "stage": 0
  },
  {
    "key": "Look at this!",
    "original": "Look at this!",
    "translation": "",
    "stage": 0
  },
  {
    "key": "Pudding!",
    "original": "Pudding!",
    "translation": "",
    "stage": 0
  },
  {
    "key": "I don't have any \\c[14]Pudding\\i[286]\\c[0].",
    "original": "I don't have any \\c[14]Pudding\\i[286]\\c[0].",
    "translation": "",
    "stage": 0
  },
  {
    "key": "I need buy it at the convenience store on my way to school first.",
    "original": "I need buy it at the convenience store on my way to school first.",
    "translation": "",
    "stage": 0
  },
  {
    "key": "(I should help her out sometime.)",
    "original": "(I should help her out sometime.)",
    "translation": "",
    "stage": 0
  },
  {
    "key": "I can't even move my pen. It's so hard.",
    "original": "I can't even move my pen. It's so hard.",
    "translation": "",
    "stage": 0
  },
  {
    "key": "Too bad",
    "original": "Too bad",
    "translation": "",
    "stage": 0
  },
  {
    "key": "\\C[2]Anna\\C[0]: \\C[3]+2\\C[0] <br>",
    "original": "\\C[2]Anna\\C[0]: \\C[3]+2\\C[0] <br>",
    "translation": "",
    "stage": 0
  },
  {
    "key": "\\C[2]Anna\\C[0]: \\v[23]",
    "original": "\\C[2]Anna\\C[0]: \\v[23]",
    "translation": "",
    "stage": 0
  },
  {
    "key": "Pudding, Pudding! Give me my pudding.",
    "original": "Pudding, Pudding! Give me my pudding.",
    "translation": "",
    "stage": 0
  },
  {
    "key": "Okay, okay! Here you go.",
    "original": "Okay, okay! Here you go.",
    "translation": "",
    "stage": 0
  },
  {
    "key": "Care to suck my dick?",
    "original": "Care to suck my dick?",
    "translation": "",
    "stage": 0
  },
  {
    "key": "No way, I win.",
    "original": "No way, I win.",
    "translation": "",
    "stage": 0
  },
  {
    "key": "Okay, okay!",
    "original": "Okay, okay!",
    "translation": "",
    "stage": 0
  },
  {
    "key": "Wow! I'm so focused that I don't even know.",
    "original": "Wow! I'm so focused that I don't even know.",
    "translation": "",
    "stage": 0
  },
  {
    "key": "He-he.",
    "original": "He-he.",
    "translation": "",
    "stage": 0
  },
  {
    "key": "\\C[2]Anna\\C[0]: \\C[3]+5\\C[0] <br>",
    "original": "\\C[2]Anna\\C[0]: \\C[3]+5\\C[0] <br>",
    "translation": "",
    "stage": 0
  },
  {
    "key": "It's your time to suck my big rod.",
    "original": "It's your time to suck my big rod.",
    "translation": "",
    "stage": 0
  },
  {
    "key": "Wait! This is what you mean when you say give me a fishing rod.",
    "original": "Wait! This is what you mean when you say give me a fishing rod.",
    "translation": "",
    "stage": 0
  },
  {
    "key": "Well... kind of.",
    "original": "Well... kind of.",
    "translation": "",
    "stage": 0
  },
  {
    "key": "Anyway. You have already lost, you should pay your bet. I will give you a gift after this.",
    "original": "Anyway. You have already lost, you should pay your bet. I will give you a gift after this.",
    "translation": "",
    "stage": 0
  },
  {
    "key": "Okay, okay.",
    "original": "Okay, okay.",
    "translation": "",
    "stage": 0
  },
  {
    "key": "It's so big. How did you get it to fit in your pants?",
    "original": "It's so big. How did you get it to fit in your pants?",
    "translation": "",
    "stage": 0
  },
  {
    "key": "He-he...",
    "original": "He-he...",
    "translation": "",
    "stage": 0
  },
  {
    "key": "\\C[20]Auntie Daisy\\C[0] <br>",
    "original": "\\C[20]Auntie Daisy\\C[0] <br>",
    "translation": "",
    "stage": 0
  },
  {
    "key": "\\C[2]Anna\\C[0]. What is that sound?",
    "original": "\\C[2]Anna\\C[0]. What is that sound?",
    "translation": "",
    "stage": 0
  },
  {
    "key": "Holy cow, it's Aunty!!!",
    "original": "Holy cow, it's Aunty!!!",
    "translation": "",
    "stage": 0
  },
  {
    "key": "Oh, \\n[1]. What are you doing here? ",
    "original": "Oh, \\n[1]. What are you doing here? ",
    "translation": "",
    "stage": 0
  },
  {
    "key": "Hey, mom! I'm going to suc...",
    "original": "Hey, mom! I'm going to suc...",
    "translation": "",
    "stage": 0
  },
  {
    "key": "Ha-ha!",
    "original": "Ha-ha!",
    "translation": "",
    "stage": 0
  },
  {
    "key": "I'm here to help her with her homework.",
    "original": "I'm here to help her with her homework.",
    "translation": "",
    "stage": 0
  },
  {
    "key": "She dropped her pen and was looking for a long time. She's suck on it.",
    "original": "She dropped her pen and was looking for a long time. She's suck on it.",
    "translation": "",
    "stage": 0
  },
  {
    "key": "Ha-ha. That's really nice of you for taking good care of your cousin.",
    "original": "Ha-ha. That's really nice of you for taking good care of your cousin.",
    "translation": "",
    "stage": 0
  },
  {
    "key": "Okay, I'm leaving now. Don't stay up too late.",
    "original": "Okay, I'm leaving now. Don't stay up too late.",
    "translation": "",
    "stage": 0
  },
  {
    "key": "Phew",
    "original": "Phew",
    "translation": "",
    "stage": 0
  },
  {
    "key": "It freaked me out.",
    "original": "It freaked me out.",
    "translation": "",
    "stage": 0
  },
  {
    "key": "I don't know what she would do if she found her daughter naked with her face in front of my crotch.",
    "original": "I don't know what she would do if she found her daughter naked with her face in front of my crotch.",
    "translation": "",
    "stage": 0
  },
  {
    "key": "Okay, you can do it now.",
    "original": "Okay, you can do it now.",
    "translation": "",
    "stage": 0
  },
  {
    "key": "It's so big, I don't know if my mouth is big enough to put it on.",
    "original": "It's so big, I don't know if my mouth is big enough to put it on.",
    "translation": "",
    "stage": 0
  },
  {
    "key": "Aaaa...",
    "original": "Aaaa...",
    "translation": "",
    "stage": 0
  },
  {
    "key": "Mmm...",
    "original": "Mmm...",
    "translation": "",
    "stage": 0
  },
  {
    "key": "Look like you can do it without any problem.",
    "original": "Look like you can do it without any problem.",
    "translation": "",
    "stage": 0
  },
  {
    "key": "Holy cow, her mouth is so warm and slippery.",
    "original": "Holy cow, her mouth is so warm and slippery.",
    "translation": "",
    "stage": 0
  },
  {
    "key": "It's so soft, I can feel my dick surrounded by her mouth muscle and her soft tongue.",
    "original": "It's so soft, I can feel my dick surrounded by her mouth muscle and her soft tongue.",
    "translation": "",
    "stage": 0
  },
  {
    "key": "Next",
    "original": "Next",
    "translation": "",
    "stage": 0
  },
  {
    "key": "You're so good at this. I guess the cow udder sucking skill is doing a good job.",
    "original": "You're so good at this. I guess the cow udder sucking skill is doing a good job.",
    "translation": "",
    "stage": 0
  },
  {
    "key": "Faster",
    "original": "Faster",
    "translation": "",
    "stage": 0
  },
  {
    "key": "She is sucking so hard. I feel like my dickhead is blowing up. ",
    "original": "She is sucking so hard. I feel like my dickhead is blowing up. ",
    "translation": "",
    "stage": 0
  },
  {
    "key": "It feels so good. I feel like she wants to suck the milk out of my balls.",
    "original": "It feels so good. I feel like she wants to suck the milk out of my balls.",
    "translation": "",
    "stage": 0
  },
  {
    "key": "Cum",
    "original": "Cum",
    "translation": "",
    "stage": 0
  },
  {
    "key": "I can't hold it anymore. It's coming!",
    "original": "I can't hold it anymore. It's coming!",
    "translation": "",
    "stage": 0
  },
  {
    "key": "It was so good, \\C[2]Anna\\C[0].",
    "original": "It was so good, \\C[2]Anna\\C[0].",
    "translation": "",
    "stage": 0
  },
  {
    "key": "You let it out a lot. I feel like my tummy is blown up.",
    "original": "You let it out a lot. I feel like my tummy is blown up.",
    "translation": "",
    "stage": 0
  },
  {
    "key": "A cup of milk before bed is very good for you.",
    "original": "A cup of milk before bed is very good for you.",
    "translation": "",
    "stage": 0
  },
  {
    "key": "Feel like a cup of cheese. I feel it's still sticking on my throat.",
    "original": "Feel like a cup of cheese. I feel it's still sticking on my throat.",
    "translation": "",
    "stage": 0
  },
  {
    "key": "End",
    "original": "End",
    "translation": "",
    "stage": 0
  },
  {
    "key": "Wow! Pudding!",
    "original": "Wow! Pudding!",
    "translation": "",
    "stage": 0
  },
  {
    "key": "Hey! Don't kiss me after sucking my dick.",
    "original": "Hey! Don't kiss me after sucking my dick.",
    "translation": "",
    "stage": 0
  },
  {
    "key": "He-he... Say hello to my little brother.",
    "original": "He-he... Say hello to my little brother.",
    "translation": "",
    "stage": 0
  },
  {
    "key": "Oh, \\n[1]. You're here too.",
    "original": "Oh, \\n[1]. You're here too.",
    "translation": "",
    "stage": 0
  },
  {
    "key": "Oh! Hi Aunty!",
    "original": "Oh! Hi Aunty!",
    "translation": "",
    "stage": 0
  },
  {
    "key": "Where is \\C[2]Anna\\C[0]?",
    "original": "Where is \\C[2]Anna\\C[0]?",
    "translation": "",
    "stage": 0
  },
  {
    "key": "She- she is in the toilet. He has a funny stomach.",
    "original": "She- she is in the toilet. He has a funny stomach.",
    "translation": "",
    "stage": 0
  },
  {
    "key": "!!?",
    "original": "!!?",
    "translation": "",
    "stage": 0
  },
  {
    "key": "\\C[2]Anna\\C[0], you little naughty!",
    "original": "\\C[2]Anna\\C[0], you little naughty!",
    "translation": "",
    "stage": 0
  },
  {
    "key": "Is there something wrong, \\n[1]?",
    "original": "Is there something wrong, \\n[1]?",
    "translation": "",
    "stage": 0
  },
  {
    "key": "Hey, \\n[1]! ",
    "original": "Hey, \\n[1]! ",
    "translation": "",
    "stage": 0
  },
  {
    "key": "I-I'm fine, Aunty.",
    "original": "I-I'm fine, Aunty.",
    "translation": "",
    "stage": 0
  },
  {
    "key": "Holy crap! She's sucking me so hard.",
    "original": "Holy crap! She's sucking me so hard.",
    "translation": "",
    "stage": 0
  },
  {
    "key": "It feels so good but not in this situation...",
    "original": "It feels so good but not in this situation...",
    "translation": "",
    "stage": 0
  },
  {
    "key": "\\C[2]Anna\\C[0], Stop!",
    "original": "\\C[2]Anna\\C[0], Stop!",
    "translation": "",
    "stage": 0
  },
  {
    "key": "What are you doing? You pinhead.",
    "original": "What are you doing? You pinhead.",
    "translation": "",
    "stage": 0
  },
  {
    "key": "Are you okay? You don't look so well.",
    "original": "Are you okay? You don't look so well.",
    "translation": "",
    "stage": 0
  },
  {
    "key": "Aren't you looking for \\C[2]Anna\\C[0]? I'll call her when she comes back.",
    "original": "Aren't you looking for \\C[2]Anna\\C[0]? I'll call her when she comes back.",
    "translation": "",
    "stage": 0
  },
  {
    "key": "Damn, \\C[2]Anna\\C[0]! She's speeding up.",
    "original": "Damn, \\C[2]Anna\\C[0]! She's speeding up.",
    "translation": "",
    "stage": 0
  },
  {
    "key": "It's so good. I don't think I can hold it anymore.",
    "original": "It's so good. I don't think I can hold it anymore.",
    "translation": "",
    "stage": 0
  },
  {
    "key": "I'm fine, I came here because I heard some strange noises.",
    "original": "I'm fine, I came here because I heard some strange noises.",
    "translation": "",
    "stage": 0
  },
  {
    "key": "If everything is fine, then I'll go now.",
    "original": "If everything is fine, then I'll go now.",
    "translation": "",
    "stage": 0
  },
  {
    "key": "Okay, see you later Aunty.",
    "original": "Okay, see you later Aunty.",
    "translation": "",
    "stage": 0
  },
  {
    "key": "I can't hold it anymore.",
    "original": "I can't hold it anymore.",
    "translation": "",
    "stage": 0
  },
  {
    "key": "It's coming!",
    "original": "It's coming!",
    "translation": "",
    "stage": 0
  },
  {
    "key": "It was so good...",
    "original": "It was so good...",
    "translation": "",
    "stage": 0
  },
  {
    "key": "I feel like peeing my heart out!!!",
    "original": "I feel like peeing my heart out!!!",
    "translation": "",
    "stage": 0
  },
  {
    "key": "What is it? I came out way much more than usual.",
    "original": "What is it? I came out way much more than usual.",
    "translation": "",
    "stage": 0
  },
  {
    "key": "If I hadn't swallowed it quickly it might have gotten up my nose.",
    "original": "If I hadn't swallowed it quickly it might have gotten up my nose.",
    "translation": "",
    "stage": 0
  },
  {
    "key": "You scared me to death.",
    "original": "You scared me to death.",
    "translation": "",
    "stage": 0
  },
  {
    "key": "Your mouth is so warm and slippery.",
    "original": "Your mouth is so warm and slippery.",
    "translation": "",
    "stage": 0
  },
  {
    "key": "You're sucking me so hard. I feel like my dickhead is blowing up. ",
    "original": "You're sucking me so hard. I feel like my dickhead is blowing up. ",
    "translation": "",
    "stage": 0
  },
  {
    "key": "It feels so good. It feels like you want to drink the milk directly from my balls.",
    "original": "It feels so good. It feels like you want to drink the milk directly from my balls.",
    "translation": "",
    "stage": 0
  },
  {
    "key": "You let it out a lot. My belly is like a balloon now.",
    "original": "You let it out a lot. My belly is like a balloon now.",
    "translation": "",
    "stage": 0
  },
  {
    "key": "More like a cup of cheese. It's so sticky.",
    "original": "More like a cup of cheese. It's so sticky.",
    "translation": "",
    "stage": 0
  },
  {
    "key": "It's already this late. Good night.",
    "original": "It's already this late. Good night.",
    "translation": "",
    "stage": 0
  },
  {
    "key": "I'm so tired. Better go to sleep soon.",
    "original": "I'm so tired. Better go to sleep soon.",
    "translation": "",
    "stage": 0
  },
  {
    "key": "Good night.",
    "original": "Good night.",
    "translation": "",
    "stage": 0
  },
  {
    "key": "Hey \\n[1], do you need something? Otherwise, I'll continue on reading.",
    "original": "Hey \\n[1], do you need something? Otherwise, I'll continue on reading.",
    "translation": "",
    "stage": 0
  },
  {
    "key": "Don't mind me, I'm just passing by.",
    "original": "Don't mind me, I'm just passing by.",
    "translation": "",
    "stage": 0
  },
  {
    "key": "Okay, you can stay as long as you want, but don't stare at my butt okay?",
    "original": "Okay, you can stay as long as you want, but don't stare at my butt okay?",
    "translation": "",
    "stage": 0
  },
  {
    "key": "It's Laundry Day. Maybe I could ask Auntie to collect the dirty clothes.",
    "original": "It's Laundry Day. Maybe I could ask Auntie to collect the dirty clothes.",
    "translation": "",
    "stage": 0
  },
  {
    "key": "Heh...Heh... It's Anna's pantie...",
    "original": "Heh...Heh... It's Anna's pantie...",
    "translation": "",
    "stage": 0
  },
  {
    "key": "What am I gonna do with that?",
    "original": "What am I gonna do with that?",
    "translation": "",
    "stage": 0
  },
  {
    "key": "Pick them all up and put those in the bathroom's basket, obviously.",
    "original": "Pick them all up and put those in the bathroom's basket, obviously.",
    "translation": "",
    "stage": 0
  }
]