[
  {
    "key": "Me <br>",
    "original": "Me <br>",
    "translation": "",
    "stage": 0
  },
  {
    "key": "Wow, a blacksmith's house!",
    "original": "Wow, a blacksmith's house!",
    "translation": "",
    "stage": 0
  },
  {
    "key": "This is the first time I have seen one in real life.",
    "original": "This is the first time I have seen one in real life.",
    "translation": "",
    "stage": 0
  },
  {
    "key": "Damn, I hope they can let me borrow a sword. Every man's dream.",
    "original": "Damn, I hope they can let me borrow a sword. Every man's dream.",
    "translation": "",
    "stage": 0
  },
  {
    "key": "I wonder if they’re here.",
    "original": "I wonder if they’re here.",
    "translation": "",
    "stage": 0
  },
  {
    "key": "When do blacksmiths usually get up?",
    "original": "When do blacksmiths usually get up?",
    "translation": "",
    "stage": 0
  },
  {
    "key": "Am I here too early? I should have asked someone.",
    "original": "Am I here too early? I should have asked someone.",
    "translation": "",
    "stage": 0
  },
  {
    "key": "I hear something.",
    "original": "I hear something.",
    "translation": "",
    "stage": 0
  },
  {
    "key": "Wow!",
    "original": "Wow!",
    "translation": "",
    "stage": 0
  },
  {
    "key": "She’s forging something... while naked.",
    "original": "She’s forging something... while naked.",
    "translation": "",
    "stage": 0
  },
  {
    "key": "I can see her boobs... and her abs...",
    "original": "I can see her boobs... and her abs...",
    "translation": "",
    "stage": 0
  },
  {
    "key": "*Gulps*",
    "original": "*Gulps*",
    "translation": "",
    "stage": 0
  },
  {
    "key": "She’s more athletic looking than the girls at school.",
    "original": "She’s more athletic looking than the girls at school.",
    "translation": "",
    "stage": 0
  },
  {
    "key": "I wish I can get closer...",
    "original": "I wish I can get closer...",
    "translation": "",
    "stage": 0
  },
  {
    "key": "And I think I felt something twitching...",
    "original": "And I think I felt something twitching...",
    "translation": "",
    "stage": 0
  },
  {
    "key": "??? <br>",
    "original": "??? <br>",
    "translation": "",
    "stage": 0
  },
  {
    "key": "Hey!!!",
    "original": "Hey!!!",
    "translation": "",
    "stage": 0
  },
  {
    "key": "Oh crap!",
    "original": "Oh crap!",
    "translation": "",
    "stage": 0
  },
  {
    "key": "What are you doing here?",
    "original": "What are you doing here?",
    "translation": "",
    "stage": 0
  },
  {
    "key": "Sorry, I heard a sound and I wanted to see what it was.",
    "original": "Sorry, I heard a sound and I wanted to see what it was.",
    "translation": "",
    "stage": 0
  },
  {
    "key": "I hope she believes me.",
    "original": "I hope she believes me.",
    "translation": "",
    "stage": 0
  },
  {
    "key": "I don’t want her to hit me with that hammer...",
    "original": "I don’t want her to hit me with that hammer...",
    "translation": "",
    "stage": 0
  },
  {
    "key": "*Gulp*",
    "original": "*Gulp*",
    "translation": "",
    "stage": 0
  },
  {
    "key": "It’s OK. I’m not angry.",
    "original": "It’s OK. I’m not angry.",
    "translation": "",
    "stage": 0
  },
  {
    "key": "Wait a minute...",
    "original": "Wait a minute...",
    "translation": "",
    "stage": 0
  },
  {
    "key": "This boy is staring way too hard...",
    "original": "This boy is staring way too hard...",
    "translation": "",
    "stage": 0
  },
  {
    "key": "Anyway, I should be coming to you.",
    "original": "Anyway, I should be coming to you.",
    "translation": "",
    "stage": 0
  },
  {
    "key": "You shouldn’t be coming to me.",
    "original": "You shouldn’t be coming to me.",
    "translation": "",
    "stage": 0
  },
  {
    "key": "Huh?",
    "original": "Huh?",
    "translation": "",
    "stage": 0
  },
  {
    "key": "I don’t understand.",
    "original": "I don’t understand.",
    "translation": "",
    "stage": 0
  },
  {
    "key": "You have to ring the bell.",
    "original": "You have to ring the bell.",
    "translation": "",
    "stage": 0
  },
  {
    "key": "Bell?",
    "original": "Bell?",
    "translation": "",
    "stage": 0
  },
  {
    "key": "At the front. There should be a sign.",
    "original": "At the front. There should be a sign.",
    "translation": "",
    "stage": 0
  },
  {
    "key": "I don’t think there is such a thing.",
    "original": "I don’t think there is such a thing.",
    "translation": "",
    "stage": 0
  },
  {
    "key": "I’m pretty sure there is.",
    "original": "I’m pretty sure there is.",
    "translation": "",
    "stage": 0
  },
  {
    "key": "After all, I made it myself!",
    "original": "After all, I made it myself!",
    "translation": "",
    "stage": 0
  },
  {
    "key": "Hmm. She doesn’t seem upset at me spying.",
    "original": "Hmm. She doesn’t seem upset at me spying.",
    "translation": "",
    "stage": 0
  },
  {
    "key": "OK. I’ll check.",
    "original": "OK. I’ll check.",
    "translation": "",
    "stage": 0
  },
  {
    "key": "She’s right.",
    "original": "She’s right.",
    "translation": "",
    "stage": 0
  },
  {
    "key": "Under the sign, the board states: \"Ring the bell before coming in\"",
    "original": "Under the sign, the board states: \"Ring the bell before coming in\"",
    "translation": "",
    "stage": 0
  },
  {
    "key": "Come in!",
    "original": "Come in!",
    "translation": "",
    "stage": 0
  },
  {
    "key": "I’m sorry for not seeing the board.",
    "original": "I’m sorry for not seeing the board.",
    "translation": "",
    "stage": 0
  },
  {
    "key": "I hope I didn’t interrupt your work.",
    "original": "I hope I didn’t interrupt your work.",
    "translation": "",
    "stage": 0
  },
  {
    "key": "That’s OK.",
    "original": "That’s OK.",
    "translation": "",
    "stage": 0
  },
  {
    "key": "I should introduce myself.",
    "original": "I should introduce myself.",
    "translation": "",
    "stage": 0
  },
  {
    "key": "\\C[2]Danesia\\c[0] <br>",
    "original": "\\C[2]Danesia\\c[0] <br>",
    "translation": "",
    "stage": 0
  },
  {
    "key": "My name is \\C[2]Danesia\\c[0].",
    "original": "My name is \\C[2]Danesia\\c[0].",
    "translation": "",
    "stage": 0
  },
  {
    "key": "I own and run this establishment.",
    "original": "I own and run this establishment.",
    "translation": "",
    "stage": 0
  },
  {
    "key": "Nice to meet you, little boy!",
    "original": "Nice to meet you, little boy!",
    "translation": "",
    "stage": 0
  },
  {
    "key": "Hi. I’m \\n[1].",
    "original": "Hi. I’m \\n[1].",
    "translation": "",
    "stage": 0
  },
  {
    "key": "You’re new around here, right?",
    "original": "You’re new around here, right?",
    "translation": "",
    "stage": 0
  },
  {
    "key": "Yes, I am.",
    "original": "Yes, I am.",
    "translation": "",
    "stage": 0
  },
  {
    "key": "I moved back here. I’m living with my auntie and her daughter.",
    "original": "I moved back here. I’m living with my auntie and her daughter.",
    "translation": "",
    "stage": 0
  },
  {
    "key": "I want to grow up and be a farmer, and help my family.",
    "original": "I want to grow up and be a farmer, and help my family.",
    "translation": "",
    "stage": 0
  },
  {
    "key": "Ah...",
    "original": "Ah...",
    "translation": "",
    "stage": 0
  },
  {
    "key": "He’s so sweet and innocent.",
    "original": "He’s so sweet and innocent.",
    "translation": "",
    "stage": 0
  },
  {
    "key": "So is there anything you were looking for?",
    "original": "So is there anything you were looking for?",
    "translation": "",
    "stage": 0
  },
  {
    "key": "Actually...",
    "original": "Actually...",
    "translation": "",
    "stage": 0
  },
  {
    "key": "I had a question...",
    "original": "I had a question...",
    "translation": "",
    "stage": 0
  },
  {
    "key": "Um... may I ask why you were naked earlier?",
    "original": "Um... may I ask why you were naked earlier?",
    "translation": "",
    "stage": 0
  },
  {
    "key": "He’s staring again.",
    "original": "He’s staring again.",
    "translation": "",
    "stage": 0
  },
  {
    "key": "Better try and ease his worries.",
    "original": "Better try and ease his worries.",
    "translation": "",
    "stage": 0
  },
  {
    "key": "It gets hot smithing.",
    "original": "It gets hot smithing.",
    "translation": "",
    "stage": 0
  },
  {
    "key": "Plus, the clothes is too restrictive.",
    "original": "Plus, the clothes is too restrictive.",
    "translation": "",
    "stage": 0
  },
  {
    "key": "So I like to work without one. Feels more natural.",
    "original": "So I like to work without one. Feels more natural.",
    "translation": "",
    "stage": 0
  },
  {
    "key": "Isn’t that dangerous?",
    "original": "Isn’t that dangerous?",
    "translation": "",
    "stage": 0
  },
  {
    "key": "Dangerous!?",
    "original": "Dangerous!?",
    "translation": "",
    "stage": 0
  },
  {
    "key": "I'm the dangerous. It must be afraid of me.",
    "original": "I'm the dangerous. It must be afraid of me.",
    "translation": "",
    "stage": 0
  },
  {
    "key": "Ha-ha! You're so funny!",
    "original": "Ha-ha! You're so funny!",
    "translation": "",
    "stage": 0
  },
  {
    "key": "How come you put an apron on then?",
    "original": "How come you put an apron on then?",
    "translation": "",
    "stage": 0
  },
  {
    "key": "That's a different story. Because you're here.",
    "original": "That's a different story. Because you're here.",
    "translation": "",
    "stage": 0
  },
  {
    "key": "I'm not that open to let everyone see me naked.",
    "original": "I'm not that open to let everyone see me naked.",
    "translation": "",
    "stage": 0
  },
  {
    "key": "That’s why I made the bell.",
    "original": "That’s why I made the bell.",
    "translation": "",
    "stage": 0
  },
  {
    "key": "So I’m not naked when someone come in.",
    "original": "So I’m not naked when someone come in.",
    "translation": "",
    "stage": 0
  },
  {
    "key": "Everyone rings the bell before coming here.",
    "original": "Everyone rings the bell before coming here.",
    "translation": "",
    "stage": 0
  },
  {
    "key": "For the first time, you are the only one going straight inside.",
    "original": "For the first time, you are the only one going straight inside.",
    "translation": "",
    "stage": 0
  },
  {
    "key": "He-he! Sorry...",
    "original": "He-he! Sorry...",
    "translation": "",
    "stage": 0
  },
  {
    "key": "Wow! That’s a real sword?",
    "original": "Wow! That’s a real sword?",
    "translation": "",
    "stage": 0
  },
  {
    "key": "Swords, spears, armor, and bolts...",
    "original": "Swords, spears, armor, and bolts...",
    "translation": "",
    "stage": 0
  },
  {
    "key": "I thought those were just decorations.",
    "original": "I thought those were just decorations.",
    "translation": "",
    "stage": 0
  },
  {
    "key": "No. They seem to like it.",
    "original": "No. They seem to like it.",
    "translation": "",
    "stage": 0
  },
  {
    "key": "But believe it or not, we attract a lot of business.",
    "original": "But believe it or not, we attract a lot of business.",
    "translation": "",
    "stage": 0
  },
  {
    "key": "This area is agricultural, not a town for hunting.",
    "original": "This area is agricultural, not a town for hunting.",
    "translation": "",
    "stage": 0
  },
  {
    "key": "But there are a lot of visitors from outside lands and they travel to other places.",
    "original": "But there are a lot of visitors from outside lands and they travel to other places.",
    "translation": "",
    "stage": 0
  },
  {
    "key": "A lot of the time, they stay in the caves to get fighting experience.",
    "original": "A lot of the time, they stay in the caves to get fighting experience.",
    "translation": "",
    "stage": 0
  },
  {
    "key": "You’re the first customer in a while who actually lives here.",
    "original": "You’re the first customer in a while who actually lives here.",
    "translation": "",
    "stage": 0
  },
  {
    "key": "What the hell!??",
    "original": "What the hell!??",
    "translation": "",
    "stage": 0
  },
  {
    "key": "I don’t believe that.",
    "original": "I don’t believe that.",
    "translation": "",
    "stage": 0
  },
  {
    "key": "Oh, it’s true.",
    "original": "Oh, it’s true.",
    "translation": "",
    "stage": 0
  },
  {
    "key": "You’re still in school, right?",
    "original": "You’re still in school, right?",
    "translation": "",
    "stage": 0
  },
  {
    "key": "Yeah.",
    "original": "Yeah.",
    "translation": "",
    "stage": 0
  },
  {
    "key": "When you finish, maybe you’ll become an adventurer, who knows?",
    "original": "When you finish, maybe you’ll become an adventurer, who knows?",
    "translation": "",
    "stage": 0
  },
  {
    "key": "I think you’d make a better one than me.",
    "original": "I think you’d make a better one than me.",
    "translation": "",
    "stage": 0
  },
  {
    "key": "I saw your muscles. You have a huge powerful frame.",
    "original": "I saw your muscles. You have a huge powerful frame.",
    "translation": "",
    "stage": 0
  },
  {
    "key": "Your shoulders are really built.",
    "original": "Your shoulders are really built.",
    "translation": "",
    "stage": 0
  },
  {
    "key": "And your stomach. Your ab muscles are so taut and tight.",
    "original": "And your stomach. Your ab muscles are so taut and tight.",
    "translation": "",
    "stage": 0
  },
  {
    "key": "I guess you must be on some sort of steroids, right?",
    "original": "I guess you must be on some sort of steroids, right?",
    "translation": "",
    "stage": 0
  },
  {
    "key": "Ha-ha!",
    "original": "Ha-ha!",
    "translation": "",
    "stage": 0
  },
  {
    "key": "You don’t have to use steroids to accumulate muscle mass.",
    "original": "You don’t have to use steroids to accumulate muscle mass.",
    "translation": "",
    "stage": 0
  },
  {
    "key": "I don’t think that stuff is available out here.",
    "original": "I don’t think that stuff is available out here.",
    "translation": "",
    "stage": 0
  },
  {
    "key": "After all, steroids are for city people.",
    "original": "After all, steroids are for city people.",
    "translation": "",
    "stage": 0
  },
  {
    "key": "I don’t think I’ve seen a woman that looks like you.",
    "original": "I don’t think I’ve seen a woman that looks like you.",
    "translation": "",
    "stage": 0
  },
  {
    "key": "I’m going to assume you’re not insulting me.",
    "original": "I’m going to assume you’re not insulting me.",
    "translation": "",
    "stage": 0
  },
  {
    "key": "N-no, of course not. I work out too.",
    "original": "N-no, of course not. I work out too.",
    "translation": "",
    "stage": 0
  },
  {
    "key": "Your body is way bigger and stronger than mine though.",
    "original": "Your body is way bigger and stronger than mine though.",
    "translation": "",
    "stage": 0
  },
  {
    "key": "Not to mention how sexy she is...",
    "original": "Not to mention how sexy she is...",
    "translation": "",
    "stage": 0
  },
  {
    "key": "I want to lick her abs...",
    "original": "I want to lick her abs...",
    "translation": "",
    "stage": 0
  },
  {
    "key": "Thank you.",
    "original": "Thank you.",
    "translation": "",
    "stage": 0
  },
  {
    "key": "Being a blacksmith doesn’t hurt.",
    "original": "Being a blacksmith doesn’t hurt.",
    "translation": "",
    "stage": 0
  },
  {
    "key": "And I do like working out.",
    "original": "And I do like working out.",
    "translation": "",
    "stage": 0
  },
  {
    "key": "Having abs comes mostly from diet though.",
    "original": "Having abs comes mostly from diet though.",
    "translation": "",
    "stage": 0
  },
  {
    "key": "Plenty of good food to eat around here.",
    "original": "Plenty of good food to eat around here.",
    "translation": "",
    "stage": 0
  },
  {
    "key": "I should have figured.",
    "original": "I should have figured.",
    "translation": "",
    "stage": 0
  },
  {
    "key": "You’re way too beautiful to be on steroids.",
    "original": "You’re way too beautiful to be on steroids.",
    "translation": "",
    "stage": 0
  },
  {
    "key": "Oh, stop it!",
    "original": "Oh, stop it!",
    "translation": "",
    "stage": 0
  },
  {
    "key": "I’m serious!",
    "original": "I’m serious!",
    "translation": "",
    "stage": 0
  },
  {
    "key": "If you were on steroids, you’d look and sound masculine.",
    "original": "If you were on steroids, you’d look and sound masculine.",
    "translation": "",
    "stage": 0
  },
  {
    "key": "But your muscles are perfect, and you look very feminine.",
    "original": "But your muscles are perfect, and you look very feminine.",
    "translation": "",
    "stage": 0
  },
  {
    "key": "And more importantly, your face is really cute.",
    "original": "And more importantly, your face is really cute.",
    "translation": "",
    "stage": 0
  },
  {
    "key": "Cute?",
    "original": "Cute?",
    "translation": "",
    "stage": 0
  },
  {
    "key": "Is a boy I met a few minutes ago hitting on me?",
    "original": "Is a boy I met a few minutes ago hitting on me?",
    "translation": "",
    "stage": 0
  },
  {
    "key": "\\C[2]Danesia\\c[0]: \\C[3]+10\\C[0] <br>",
    "original": "\\C[2]Danesia\\c[0]: \\C[3]+10\\C[0] <br>",
    "translation": "",
    "stage": 0
  },
  {
    "key": "\\C[2]Danesia\\c[0]: \\v[161]",
    "original": "\\C[2]Danesia\\c[0]: \\v[161]",
    "translation": "",
    "stage": 0
  },
  {
    "key": "Damn, she so hot...",
    "original": "Damn, she so hot...",
    "translation": "",
    "stage": 0
  },
  {
    "key": "Um... \\n[1]?",
    "original": "Um... \\n[1]?",
    "translation": "",
    "stage": 0
  },
  {
    "key": "Your eyes make me uncomfortable if you keep looking at me.",
    "original": "Your eyes make me uncomfortable if you keep looking at me.",
    "translation": "",
    "stage": 0
  },
  {
    "key": "He-he... Sorry, I was thinking about school.",
    "original": "He-he... Sorry, I was thinking about school.",
    "translation": "",
    "stage": 0
  },
  {
    "key": "How come you’re not there now?",
    "original": "How come you’re not there now?",
    "translation": "",
    "stage": 0
  },
  {
    "key": "Self-study class.",
    "original": "Self-study class.",
    "translation": "",
    "stage": 0
  },
  {
    "key": "A nice change of pace.",
    "original": "A nice change of pace.",
    "translation": "",
    "stage": 0
  },
  {
    "key": "So \\n[1], was there anything you needed?",
    "original": "So \\n[1], was there anything you needed?",
    "translation": "",
    "stage": 0
  },
  {
    "key": "Ah, Yeah! Can you make me a key?",
    "original": "Ah, Yeah! Can you make me a key?",
    "translation": "",
    "stage": 0
  },
  {
    "key": "Sure.",
    "original": "Sure.",
    "translation": "",
    "stage": 0
  },
  {
    "key": "Here’s a print of the key.",
    "original": "Here’s a print of the key.",
    "translation": "",
    "stage": 0
  },
  {
    "key": "It’s on some soap. Is that fine?",
    "original": "It’s on some soap. Is that fine?",
    "translation": "",
    "stage": 0
  },
  {
    "key": "Let me look.",
    "original": "Let me look.",
    "translation": "",
    "stage": 0
  },
  {
    "key": "I need it. For a backup key.",
    "original": "I need it. For a backup key.",
    "translation": "",
    "stage": 0
  },
  {
    "key": "Just act casual.",
    "original": "Just act casual.",
    "translation": "",
    "stage": 0
  },
  {
    "key": "Pretend this is completely normal.",
    "original": "Pretend this is completely normal.",
    "translation": "",
    "stage": 0
  },
  {
    "key": "The print is usable.",
    "original": "The print is usable.",
    "translation": "",
    "stage": 0
  },
  {
    "key": "You know, \\n[1]...",
    "original": "You know, \\n[1]...",
    "translation": "",
    "stage": 0
  },
  {
    "key": "I’m surprised.",
    "original": "I’m surprised.",
    "translation": "",
    "stage": 0
  },
  {
    "key": "This is really well-done. And your attitude is completely serious.",
    "original": "This is really well-done. And your attitude is completely serious.",
    "translation": "",
    "stage": 0
  },
  {
    "key": "Like this is a run-of-the-mill job for you.",
    "original": "Like this is a run-of-the-mill job for you.",
    "translation": "",
    "stage": 0
  },
  {
    "key": "Are you sure you’re not a criminal?",
    "original": "Are you sure you’re not a criminal?",
    "translation": "",
    "stage": 0
  },
  {
    "key": "Or... Stealing from your parents?",
    "original": "Or... Stealing from your parents?",
    "translation": "",
    "stage": 0
  },
  {
    "key": "No, nothing like that.",
    "original": "No, nothing like that.",
    "translation": "",
    "stage": 0
  },
  {
    "key": "It’s the key to my room.",
    "original": "It’s the key to my room.",
    "translation": "",
    "stage": 0
  },
  {
    "key": "I made a print of it because I lent the key to my cousin.",
    "original": "I made a print of it because I lent the key to my cousin.",
    "translation": "",
    "stage": 0
  },
  {
    "key": "She helped me make the mold.",
    "original": "She helped me make the mold.",
    "translation": "",
    "stage": 0
  },
  {
    "key": "Don’t worry. I believe you.",
    "original": "Don’t worry. I believe you.",
    "translation": "",
    "stage": 0
  },
  {
    "key": "Even if you were a criminal, I’d do it.",
    "original": "Even if you were a criminal, I’d do it.",
    "translation": "",
    "stage": 0
  },
  {
    "key": "Because of how cute you were.",
    "original": "Because of how cute you were.",
    "translation": "",
    "stage": 0
  },
  {
    "key": "*Phew...*",
    "original": "*Phew...*",
    "translation": "",
    "stage": 0
  },
  {
    "key": "I’d have to let the police know though if there was a break-in though.",
    "original": "I’d have to let the police know though if there was a break-in though.",
    "translation": "",
    "stage": 0
  },
  {
    "key": "But I’d give you advance notice.",
    "original": "But I’d give you advance notice.",
    "translation": "",
    "stage": 0
  },
  {
    "key": "Can I borrow one of your weapons instead?",
    "original": "Can I borrow one of your weapons instead?",
    "translation": "",
    "stage": 0
  },
  {
    "key": "Maybe later.",
    "original": "Maybe later.",
    "translation": "",
    "stage": 0
  },
  {
    "key": "Wait a minute for me. ",
    "original": "Wait a minute for me. ",
    "translation": "",
    "stage": 0
  },
  {
    "key": "Here you go. That will be \\c[17]100\\c[0]\\i[172].",
    "original": "Here you go. That will be \\c[17]100\\c[0]\\i[172].",
    "translation": "",
    "stage": 0
  },
  {
    "key": "I thought you will do it for free. We have a nice talk after all. ",
    "original": "I thought you will do it for free. We have a nice talk after all. ",
    "translation": "",
    "stage": 0
  },
  {
    "key": "Business is business.",
    "original": "Business is business.",
    "translation": "",
    "stage": 0
  },
  {
    "key": "I will bite dirt to live if I do so. ",
    "original": "I will bite dirt to live if I do so. ",
    "translation": "",
    "stage": 0
  },
  {
    "key": "Money is for raw materials only.",
    "original": "Money is for raw materials only.",
    "translation": "",
    "stage": 0
  },
  {
    "key": "\\c[14]Daisy’s Room Kesy\\c[0]\\i[195] \\c[1]Acquired\\c[0]",
    "original": "\\c[14]Daisy’s Room Kesy\\c[0]\\i[195] \\c[1]Acquired\\c[0]",
    "translation": "",
    "stage": 0
  },
  {
    "key": "Thank you \\C[2]Danesia\\c[0]!",
    "original": "Thank you \\C[2]Danesia\\c[0]!",
    "translation": "",
    "stage": 0
  },
  {
    "key": "You’re welcome back any time!",
    "original": "You’re welcome back any time!",
    "translation": "",
    "stage": 0
  },
  {
    "key": "\\C[2]Danesia\\c[0]: \\C[3]+5\\C[0] <br>",
    "original": "\\C[2]Danesia\\c[0]: \\C[3]+5\\C[0] <br>",
    "translation": "",
    "stage": 0
  },
  {
    "key": "\\n[1]. The man with the plan.",
    "original": "\\n[1]. The man with the plan.",
    "translation": "",
    "stage": 0
  },
  {
    "key": "How did the key work?",
    "original": "How did the key work?",
    "translation": "",
    "stage": 0
  },
  {
    "key": "It works great.",
    "original": "It works great.",
    "translation": "",
    "stage": 0
  },
  {
    "key": "Listen, I have a question for you, \\C[2]Danesia\\c[0].",
    "original": "Listen, I have a question for you, \\C[2]Danesia\\c[0].",
    "translation": "",
    "stage": 0
  },
  {
    "key": "Do you have any tools to cut a hole in a wall?",
    "original": "Do you have any tools to cut a hole in a wall?",
    "translation": "",
    "stage": 0
  },
  {
    "key": "I think so.",
    "original": "I think so.",
    "translation": "",
    "stage": 0
  },
  {
    "key": "It’s from a DIY manufacturing company called DIY.",
    "original": "It’s from a DIY manufacturing company called DIY.",
    "translation": "",
    "stage": 0
  },
  {
    "key": "Something like this.",
    "original": "Something like this.",
    "translation": "",
    "stage": 0
  },
  {
    "key": "If I remember right, you already bought one from me.",
    "original": "If I remember right, you already bought one from me.",
    "translation": "",
    "stage": 0
  },
  {
    "key": "Oh, I forgot!",
    "original": "Oh, I forgot!",
    "translation": "",
    "stage": 0
  },
  {
    "key": "Here, take a look.",
    "original": "Here, take a look.",
    "translation": "",
    "stage": 0
  },
  {
    "key": "How much?",
    "original": "How much?",
    "translation": "",
    "stage": 0
  },
  {
    "key": "\\c[17]500\\c[0]\\i[172].",
    "original": "\\c[17]500\\c[0]\\i[172].",
    "translation": "",
    "stage": 0
  },
  {
    "key": "Thank you!",
    "original": "Thank you!",
    "translation": "",
    "stage": 0
  },
  {
    "key": "\\c[14]DIY Tools\\c[0]\\i[196] \\c[1]Acquired\\c[0]",
    "original": "\\c[14]DIY Tools\\c[0]\\i[196] \\c[1]Acquired\\c[0]",
    "translation": "",
    "stage": 0
  },
  {
    "key": "Need anything else?",
    "original": "Need anything else?",
    "translation": "",
    "stage": 0
  },
  {
    "key": "Yeah, can you take off your clothes again?",
    "original": "Yeah, can you take off your clothes again?",
    "translation": "",
    "stage": 0
  },
  {
    "key": "Talking to a kid? NO!",
    "original": "Talking to a kid? NO!",
    "translation": "",
    "stage": 0
  },
  {
    "key": "Come on, ma'am! You work in the nude though.",
    "original": "Come on, ma'am! You work in the nude though.",
    "translation": "",
    "stage": 0
  },
  {
    "key": "Only when I’m alone.",
    "original": "Only when I’m alone.",
    "translation": "",
    "stage": 0
  },
  {
    "key": "He-he!",
    "original": "He-he!",
    "translation": "",
    "stage": 0
  },
  {
    "key": "OK. I was joking. I’ll leave you alone now.",
    "original": "OK. I was joking. I’ll leave you alone now.",
    "translation": "",
    "stage": 0
  },
  {
    "key": "Ha-ha! See you later, \\n[1].",
    "original": "Ha-ha! See you later, \\n[1].",
    "translation": "",
    "stage": 0
  },
  {
    "key": "Don’t do anything illegal with those tools!",
    "original": "Don’t do anything illegal with those tools!",
    "translation": "",
    "stage": 0
  },
  {
    "key": "I won’t.",
    "original": "I won’t.",
    "translation": "",
    "stage": 0
  },
  {
    "key": "Alright! I got what I need.",
    "original": "Alright! I got what I need.",
    "translation": "",
    "stage": 0
  },
  {
    "key": "Auntie will be in the barn in the morning.",
    "original": "Auntie will be in the barn in the morning.",
    "translation": "",
    "stage": 0
  },
  {
    "key": "This is the perfect time for me to dig a hole in her room.",
    "original": "This is the perfect time for me to dig a hole in her room.",
    "translation": "",
    "stage": 0
  },
  {
    "key": "\\C[2]Danesia\\c[0]: \\C[3]+2\\C[0] <br>",
    "original": "\\C[2]Danesia\\c[0]: \\C[3]+2\\C[0] <br>",
    "translation": "",
    "stage": 0
  },
  {
    "key": "Good morning, \\n[1]!",
    "original": "Good morning, \\n[1]!",
    "translation": "",
    "stage": 0
  },
  {
    "key": "Shop",
    "original": "Shop",
    "translation": "",
    "stage": 0
  },
  {
    "key": "No",
    "original": "No",
    "translation": "",
    "stage": 0
  },
  {
    "key": "Tell me if you need anything.",
    "original": "Tell me if you need anything.",
    "translation": "",
    "stage": 0
  },
  {
    "key": "Oh, Lady \\C[2]Danesia\\c[0]!",
    "original": "Oh, Lady \\C[2]Danesia\\c[0]!",
    "translation": "",
    "stage": 0
  },
  {
    "key": "My weapon looks like brand new! <br>",
    "original": "My weapon looks like brand new! <br>",
    "translation": "",
    "stage": 0
  },
  {
    "key": "I could feel her heart beating again!!!",
    "original": "I could feel her heart beating again!!!",
    "translation": "",
    "stage": 0
  },
  {
    "key": "Thank you so much!",
    "original": "Thank you so much!",
    "translation": "",
    "stage": 0
  },
  {
    "key": "Good to hear that!",
    "original": "Good to hear that!",
    "translation": "",
    "stage": 0
  },
  {
    "key": "Come back again if you need my skill.",
    "original": "Come back again if you need my skill.",
    "translation": "",
    "stage": 0
  },
  {
    "key": "Indeed!",
    "original": "Indeed!",
    "translation": "",
    "stage": 0
  },
  {
    "key": "Hello, young lad!",
    "original": "Hello, young lad!",
    "translation": "",
    "stage": 0
  },
  {
    "key": "What the hell is that?",
    "original": "What the hell is that?",
    "translation": "",
    "stage": 0
  },
  {
    "key": "\\C[2]Danesia\\c[0]! You have a new business!",
    "original": "\\C[2]Danesia\\c[0]! You have a new business!",
    "translation": "",
    "stage": 0
  },
  {
    "key": "Coming!",
    "original": "Coming!",
    "translation": "",
    "stage": 0
  },
  {
    "key": "What is wrong with that guy?",
    "original": "What is wrong with that guy?",
    "translation": "",
    "stage": 0
  },
  {
    "key": "He's working in the military. The young lad is just casually calling for low class soldier.",
    "original": "He's working in the military. The young lad is just casually calling for low class soldier.",
    "translation": "",
    "stage": 0
  },
  {
    "key": "But I feel a bit insulted.",
    "original": "But I feel a bit insulted.",
    "translation": "",
    "stage": 0
  },
  {
    "key": "Hahaha!",
    "original": "Hahaha!",
    "translation": "",
    "stage": 0
  },
  {
    "key": "Put that aside, <br>",
    "original": "Put that aside, <br>",
    "translation": "",
    "stage": 0
  },
  {
    "key": "it feels like a lot of people like that have come here.",
    "original": "it feels like a lot of people like that have come here.",
    "translation": "",
    "stage": 0
  },
  {
    "key": "You still don't believe how famous am I, do you?",
    "original": "You still don't believe how famous am I, do you?",
    "translation": "",
    "stage": 0
  },
  {
    "key": "I'm the best blacksmith in here, <br>",
    "original": "I'm the best blacksmith in here, <br>",
    "translation": "",
    "stage": 0
  },
  {
    "key": "even the Dwarf come here to learn my forging technique.",
    "original": "even the Dwarf come here to learn my forging technique.",
    "translation": "",
    "stage": 0
  },
  {
    "key": "You're literally only one blacksmith in this town.",
    "original": "You're literally only one blacksmith in this town.",
    "translation": "",
    "stage": 0
  },
  {
    "key": "Damn, <br>",
    "original": "Damn, <br>",
    "translation": "",
    "stage": 0
  },
  {
    "key": "it's really awesome if the second part is true.",
    "original": "it's really awesome if the second part is true.",
    "translation": "",
    "stage": 0
  },
  {
    "key": "Everyone knows Dwarfs are forging masters, they were born for that job <br>",
    "original": "Everyone knows Dwarfs are forging masters, they were born for that job <br>",
    "translation": "",
    "stage": 0
  },
  {
    "key": "and they came here to learn from her.",
    "original": "and they came here to learn from her.",
    "translation": "",
    "stage": 0
  },
  {
    "key": "Wow! <br>",
    "original": "Wow! <br>",
    "translation": "",
    "stage": 0
  },
  {
    "key": "That's so awesome!!!",
    "original": "That's so awesome!!!",
    "translation": "",
    "stage": 0
  },
  {
    "key": "Alright! <br>",
    "original": "Alright! <br>",
    "translation": "",
    "stage": 0
  },
  {
    "key": "How can I help you?",
    "original": "How can I help you?",
    "translation": "",
    "stage": 0
  },
  {
    "key": "Can you fix this Axe for me?",
    "original": "Can you fix this Axe for me?",
    "translation": "",
    "stage": 0
  },
  {
    "key": "Let me see it.",
    "original": "Let me see it.",
    "translation": "",
    "stage": 0
  },
  {
    "key": "Oh, boy! <br>",
    "original": "Oh, boy! <br>",
    "translation": "",
    "stage": 0
  },
  {
    "key": "Where did you get it?",
    "original": "Where did you get it?",
    "translation": "",
    "stage": 0
  },
  {
    "key": "Grandpa \\C[20]Ek\\c[0] gave it to me. <br>",
    "original": "Grandpa \\C[20]Ek\\c[0] gave it to me. <br>",
    "translation": "",
    "stage": 0
  },
  {
    "key": "It was his great, great grandfather's axe.",
    "original": "It was his great, great grandfather's axe.",
    "translation": "",
    "stage": 0
  },
  {
    "key": "???",
    "original": "???",
    "translation": "",
    "stage": 0
  },
  {
    "key": "Why are you laughing for!?",
    "original": "Why are you laughing for!?",
    "translation": "",
    "stage": 0
  },
  {
    "key": "You got bamboozled by that old gramps!",
    "original": "You got bamboozled by that old gramps!",
    "translation": "",
    "stage": 0
  },
  {
    "key": "What!?",
    "original": "What!?",
    "translation": "",
    "stage": 0
  },
  {
    "key": "This thing gotta be in a river for thousands of years. <br>",
    "original": "This thing gotta be in a river for thousands of years. <br>",
    "translation": "",
    "stage": 0
  },
  {
    "key": "I guess he somehow fish it up.",
    "original": "I guess he somehow fish it up.",
    "translation": "",
    "stage": 0
  },
  {
    "key": "The handle can no longer be used. <br>",
    "original": "The handle can no longer be used. <br>",
    "translation": "",
    "stage": 0
  },
  {
    "key": "The blade is heavily damaged and cannot be repaired by sharpening alone.",
    "original": "The blade is heavily damaged and cannot be repaired by sharpening alone.",
    "translation": "",
    "stage": 0
  },
  {
    "key": "Too bad...",
    "original": "Too bad...",
    "translation": "",
    "stage": 0
  },
  {
    "key": "Hmm...",
    "original": "Hmm...",
    "translation": "",
    "stage": 0
  },
  {
    "key": "I can't fix it, <br>",
    "original": "I can't fix it, <br>",
    "translation": "",
    "stage": 0
  },
  {
    "key": "but I can use the axe head to forge a new one. <br>",
    "original": "but I can use the axe head to forge a new one. <br>",
    "translation": "",
    "stage": 0
  },
  {
    "key": "It will be less money.",
    "original": "It will be less money.",
    "translation": "",
    "stage": 0
  },
  {
    "key": "Thanks, \\C[2]Danesia\\c[0]!",
    "original": "Thanks, \\C[2]Danesia\\c[0]!",
    "translation": "",
    "stage": 0
  },
  {
    "key": "You can count on me!",
    "original": "You can count on me!",
    "translation": "",
    "stage": 0
  },
  {
    "key": "Do you sell Hammer?",
    "original": "Do you sell Hammer?",
    "translation": "",
    "stage": 0
  },
  {
    "key": "I need a big one just like me.",
    "original": "I need a big one just like me.",
    "translation": "",
    "stage": 0
  },
  {
    "key": "A big one? <br>",
    "original": "A big one? <br>",
    "translation": "",
    "stage": 0
  },
  {
    "key": "First is Axe now a big Hammer!?",
    "original": "First is Axe now a big Hammer!?",
    "translation": "",
    "stage": 0
  },
  {
    "key": "For gathering stones.",
    "original": "For gathering stones.",
    "translation": "",
    "stage": 0
  },
  {
    "key": "Stones!?",
    "original": "Stones!?",
    "translation": "",
    "stage": 0
  },
  {
    "key": "What are those things used for?",
    "original": "What are those things used for?",
    "translation": "",
    "stage": 0
  },
  {
    "key": "I wanna build a house.",
    "original": "I wanna build a house.",
    "translation": "",
    "stage": 0
  },
  {
    "key": "...",
    "original": "...",
    "translation": "",
    "stage": 0
  },
  {
    "key": "Alright...? <br>",
    "original": "Alright...? <br>",
    "translation": "",
    "stage": 0
  },
  {
    "key": "Good luck!",
    "original": "Good luck!",
    "translation": "",
    "stage": 0
  },
  {
    "key": "How much are they?",
    "original": "How much are they?",
    "translation": "",
    "stage": 0
  },
  {
    "key": "\\c[17]1500\\c[0]\\i[172] for your Axe and a Hammer.",
    "original": "\\c[17]1500\\c[0]\\i[172] for your Axe and a Hammer.",
    "translation": "",
    "stage": 0
  },
  {
    "key": "You can come here tomorrow at this hour to get them.",
    "original": "You can come here tomorrow at this hour to get them.",
    "translation": "",
    "stage": 0
  },
  {
    "key": "Great!!!",
    "original": "Great!!!",
    "translation": "",
    "stage": 0
  },
  {
    "key": "I won't disturb you anymore. <br>",
    "original": "I won't disturb you anymore. <br>",
    "translation": "",
    "stage": 0
  },
  {
    "key": "See you later, \\C[2]Danesia\\c[0]!",
    "original": "See you later, \\C[2]Danesia\\c[0]!",
    "translation": "",
    "stage": 0
  },
  {
    "key": "Come back anytime!",
    "original": "Come back anytime!",
    "translation": "",
    "stage": 0
  },
  {
    "key": "Axe",
    "original": "Axe",
    "translation": "",
    "stage": 0
  },
  {
    "key": "Quality takes time. <br>",
    "original": "Quality takes time. <br>",
    "translation": "",
    "stage": 0
  },
  {
    "key": "Come back tomorrow.",
    "original": "Come back tomorrow.",
    "translation": "",
    "stage": 0
  },
  {
    "key": "Here are your Axe and Hammer!",
    "original": "Here are your Axe and Hammer!",
    "translation": "",
    "stage": 0
  },
  {
    "key": "Be careful when using them.",
    "original": "Be careful when using them.",
    "translation": "",
    "stage": 0
  },
  {
    "key": "Wow!!!",
    "original": "Wow!!!",
    "translation": "",
    "stage": 0
  },
  {
    "key": "Thanks, I will!",
    "original": "Thanks, I will!",
    "translation": "",
    "stage": 0
  },
  {
    "key": "\\c[14]Axe\\c[0]\\i[251] and \\c[14]Hammer\\c[0]\\i[252] \\c[1]Acquired\\c[0]",
    "original": "\\c[14]Axe\\c[0]\\i[251] and \\c[14]Hammer\\c[0]\\i[252] \\c[1]Acquired\\c[0]",
    "translation": "",
    "stage": 0
  },
  {
    "key": "It's \\c[17]1500\\c[0]\\i[172]. <br>",
    "original": "It's \\c[17]1500\\c[0]\\i[172]. <br>",
    "translation": "",
    "stage": 0
  },
  {
    "key": "I didn't bring enough money.",
    "original": "I didn't bring enough money.",
    "translation": "",
    "stage": 0
  },
  {
    "key": "Hey, \\n[1]!",
    "original": "Hey, \\n[1]!",
    "translation": "",
    "stage": 0
  },
  {
    "key": "Ring the Bell",
    "original": "Ring the Bell",
    "translation": "",
    "stage": 0
  },
  {
    "key": "Should I go in without ringing the bell?",
    "original": "Should I go in without ringing the bell?",
    "translation": "",
    "stage": 0
  },
  {
    "key": "Yes",
    "original": "Yes",
    "translation": "",
    "stage": 0
  },
  {
    "key": "Didn't I tell you to ring the bell?",
    "original": "Didn't I tell you to ring the bell?",
    "translation": "",
    "stage": 0
  },
  {
    "key": "I'm sorry, I forgot that small detail.",
    "original": "I'm sorry, I forgot that small detail.",
    "translation": "",
    "stage": 0
  },
  {
    "key": "Because I only remember the big details.",
    "original": "Because I only remember the big details.",
    "translation": "",
    "stage": 0
  },
  {
    "key": "Just keep it in mind next time.",
    "original": "Just keep it in mind next time.",
    "translation": "",
    "stage": 0
  },
  {
    "key": "OK!",
    "original": "OK!",
    "translation": "",
    "stage": 0
  }
]