[
  {
    "key": "Me <br>",
    "original": "Me <br>",
    "translation": "我 <br>",
    "stage": 1
  },
  {
    "key": "She's down there!!!",
    "original": "She's down there!!!",
    "translation": "她过来了！",
    "stage": 1
  },
  {
    "key": "There's no place to hide up there!!!",
    "original": "There's no place to hide up there!!!",
    "translation": "这里没法藏身！！！",
    "stage": 1
  },
  {
    "key": "Wrong way!!!",
    "original": "Wrong way!!!",
    "translation": "走错路了！！！",
    "stage": 1
  },
  {
    "key": "The second floor now. \\C[14]Ms. Emmi\\C[0]'s office should be in the right corridor. ",
    "original": "The second floor now. \\C[14]Ms. Emmi\\C[0]'s office should be in the right corridor. ",
    "translation": "到二楼了，\\C[14]埃米小姐\\C[0]的办公室在右边走廊 ",
    "stage": 1
  },
  {
    "key": "\\C[25]Ms. Megan\\C[0] <br>",
    "original": "\\C[25]Ms. Megan\\C[0] <br>",
    "translation": "\\C[25]梅根小姐\\C[0] <br>",
    "stage": 1
  },
  {
    "key": "WHO IS THERE!?",
    "original": "WHO IS THERE!?",
    "translation": "是谁？！",
    "stage": 1
  },
  {
    "key": "Shit!!! It's \\C[25]Ms. Megan\\C[0].",
    "original": "Shit!!! It's \\C[25]Ms. Megan\\C[0].",
    "translation": "我去！！是\\C[25]梅根小姐\\C[0]",
    "stage": 1
  },
  {
    "key": "I need to find a place to hide!!!",
    "original": "I need to find a place to hide!!!",
    "translation": "我得找地方躲起来！！！",
    "stage": 1
  },
  {
    "key": "There's a \\c[1]Locker\\c[0] in my \\c[1]Classroom\\c[0]",
    "original": "There's a \\c[1]Locker\\c[0] in my \\c[1]Classroom\\c[0]",
    "translation": "我\\c[1]教室\\c[0]里有\\c[1]储物柜\\c[0]可以躲",
    "stage": 1
  },
  {
    "key": "Alright, let's fix it!",
    "original": "Alright, let's fix it!",
    "translation": "好了，来干活！",
    "stage": 1
  },
  {
    "key": "Hmm... There is still squeaky sound coming from it when stepped on. ",
    "original": "Hmm... There is still squeaky sound coming from it when stepped on. ",
    "translation": "嗯……还是有点嘎吱声",
    "stage": 1
  },
  {
    "key": "Well, I'm not professional anyway. ",
    "original": "Well, I'm not professional anyway. ",
    "translation": "管它呢，能用就行",
    "stage": 1
  },
  {
    "key": "\\C[4]Ms. Susan\\C[0] <br>",
    "original": "\\C[4]Ms. Susan\\C[0] <br>",
    "translation": "\\C[4]苏珊小姐\\C[0] <br>",
    "stage": 1
  },
  {
    "key": "It's you, \\n[1]. Is everything ok?",
    "original": "It's you, \\n[1]. Is everything ok?",
    "translation": "是你啊，\\n[1]，没出什么事吧？",
    "stage": 1
  },
  {
    "key": "Hi, \\C[4]Ms. Susan\\C[0].",
    "original": "Hi, \\C[4]Ms. Susan\\C[0].",
    "translation": "嗨，\\C[4]苏珊小姐\\C[0]",
    "stage": 1
  },
  {
    "key": "I have fixed it but there is still noise coming from it when stepped on. ",
    "original": "I have fixed it but there is still noise coming from it when stepped on. ",
    "translation": "已经修好了，但还是有点嘎吱声",
    "stage": 1
  },
  {
    "key": "It's acttually really good. Don't concern about it too much.",
    "original": "It's acttually really good. Don't concern about it too much.",
    "translation": "已经够不错了，别管了",
    "stage": 1
  },
  {
    "key": "I will help you return the tools. ",
    "original": "I will help you return the tools. ",
    "translation": "我帮你把工具还回去",
    "stage": 1
  },
  {
    "key": "Thank you very much, \\C[4]Ms. Susan\\C[0].",
    "original": "Thank you very much, \\C[4]Ms. Susan\\C[0].",
    "translation": "谢谢你，\\C[4]苏珊小姐\\C[0]",
    "stage": 1
  },
  {
    "key": "The floor wasn't completely fixed but I can avoid stepping on it. ",
    "original": "The floor wasn't completely fixed but I can avoid stepping on it. ",
    "translation": "地板没修好，我绕着走就行了",
    "stage": 1
  },
  {
    "key": "He-he. But if I did it on purpose, it would be loud noise at night. ",
    "original": "He-he. But if I did it on purpose, it would be loud noise at night. ",
    "translation": "嘿嘿，但如果我故意踩上去，这么晚动静可不会小",
    "stage": 1
  },
  {
    "key": "\\C[30]Mrs. Adeera\\C[0]: \\C[3]+5\\C[0] <br>",
    "original": "\\C[30]Mrs. Adeera\\C[0]: \\C[3]+5\\C[0] <br>",
    "translation": "\\C[30]阿黛拉女士\\C[0]: \\C[3]+5\\C[0] <br>",
    "stage": 1
  },
  {
    "key": "\\C[30]Mrs. Adeera\\C[0]: \\v[85]",
    "original": "\\C[30]Mrs. Adeera\\C[0]: \\v[85]",
    "translation": "\\C[30]阿黛拉女士\\C[0]: \\v[85]",
    "stage": 1
  },
  {
    "key": "Ha-ha. What are two love birds doing here?",
    "original": "Ha-ha. What are two love birds doing here?",
    "translation": "哈哈。这对小情侣在这儿干什么呢？",
    "stage": 1
  },
  {
    "key": "Retry",
    "original": "Retry",
    "translation": "重来",
    "stage": 1
  },
  {
    "key": "\\c[1]***You were arrested and spent ten years in jail***\\c[0]",
    "original": "\\c[1]***You were arrested and spent ten years in jail***\\c[0]",
    "translation": "\\c[1]***你被捕入狱***\\c[0]",
    "stage": 1
  }
]