[
  {
    "key": "Me <br>",
    "original": "Me <br>",
    "translation": "我 <br>",
    "stage": 1
  },
  {
    "key": "Is that a banana tree? <br>",
    "original": "Is that a banana tree? <br>",
    "translation": "那是香蕉树吗？<br>",
    "stage": 1
  },
  {
    "key": "This is my first time seeing one.",
    "original": "This is my first time seeing one.",
    "translation": "我还是第一次见",
    "stage": 1
  },
  {
    "key": "Wow! This place looks like a cabin with a field over there...",
    "original": "Wow! This place looks like a cabin with a field over there...",
    "translation": "哇哦！看起来这儿有个小木屋，还有块田……",
    "stage": 1
  },
  {
    "key": "...And chickens.",
    "original": "...And chickens.",
    "translation": "……还有小鸡",
    "stage": 1
  },
  {
    "key": "??? <br>",
    "original": "??? <br>",
    "translation": "??? <br>",
    "stage": 1
  },
  {
    "key": "You came back a little earlier than usual, \\C[5]Maleena\\c[0].",
    "original": "You came back a little earlier than usual, \\C[5]Maleena\\c[0].",
    "translation": "你回来的有点早，\\C[5]玛丽娜\\c[0]",
    "stage": 1
  },
  {
    "key": "So her name is \\C[5]Maleena\\c[0].",
    "original": "So her name is \\C[5]Maleena\\c[0].",
    "translation": "所以她叫\\C[5]玛丽娜\\c[0]",
    "stage": 1
  },
  {
    "key": "Who is this little one? Is he your new friend?",
    "original": "Who is this little one? Is he your new friend?",
    "translation": "这个小家伙是谁？你的新朋友？",
    "stage": 1
  },
  {
    "key": "\\C[5]Maleena\\c[0] <br>",
    "original": "\\C[5]Maleena\\c[0] <br>",
    "translation": "\\C[5]玛丽娜\\c[0] <br>",
    "stage": 1
  },
  {
    "key": "I was jumping off a tree and... <br>",
    "original": "I was jumping off a tree and... <br>",
    "translation": "我刚从树上跳下来……<br>",
    "stage": 1
  },
  {
    "key": "landed my foot... on his face...",
    "original": "landed my foot... on his face...",
    "translation": "不小心踩到他的……脸上……",
    "stage": 1
  },
  {
    "key": "I brought him here because I was worried that he would get any injuries.",
    "original": "I brought him here because I was worried that he would get any injuries.",
    "translation": "我担心他可能受伤了，所以把他带过来",
    "stage": 1
  },
  {
    "key": "Can you check on him for me?",
    "original": "Can you check on him for me?",
    "translation": "你能检查下他有没有受伤吗？",
    "stage": 1
  },
  {
    "key": "That's terrible.",
    "original": "That's terrible.",
    "translation": "真糟",
    "stage": 1
  },
  {
    "key": "Hmm... <br>",
    "original": "Hmm... <br>",
    "translation": "嗯……<br>",
    "stage": 1
  },
  {
    "key": "Everything... look fine. <br>",
    "original": "Everything... look fine. <br>",
    "translation": "看起来没什么大碍<br>",
    "stage": 1
  },
  {
    "key": "Except...",
    "original": "Except...",
    "translation": "除了……",
    "stage": 1
  },
  {
    "key": "There are a few small scratches on the face.",
    "original": "There are a few small scratches on the face.",
    "translation": "他脸上有点擦伤",
    "stage": 1
  },
  {
    "key": "This is my homemade medicine with natural herbs. <br>",
    "original": "This is my homemade medicine with natural herbs. <br>",
    "translation": "这是我用天然药草自制的疗伤药<br>",
    "stage": 1
  },
  {
    "key": "It will heal scratches on your face.",
    "original": "It will heal scratches on your face.",
    "translation": "应该能治好你脸上的擦伤",
    "stage": 1
  },
  {
    "key": "How did you do that, kid?",
    "original": "How did you do that, kid?",
    "translation": "小家伙，你怎么做到的？",
    "stage": 1
  },
  {
    "key": "Well, I don't know.",
    "original": "Well, I don't know.",
    "translation": "嗯，我也不清楚",
    "stage": 1
  },
  {
    "key": "I felt a sudden gust of wind slap my face and my body immediately pulled back on its own.",
    "original": "I felt a sudden gust of wind slap my face and my body immediately pulled back on its own.",
    "translation": "我感觉一阵风往脸上扇来，然后我身体就自己往后退了",
    "stage": 1
  },
  {
    "key": "That's incredible!",
    "original": "That's incredible!",
    "translation": "神奇！",
    "stage": 1
  },
  {
    "key": "If you master it, you will be as slippery as a fish.",
    "original": "If you master it, you will be as slippery as a fish.",
    "translation": "如果你能熟练掌控的话，你就能变得像鱼一样滑溜",
    "stage": 1
  },
  {
    "key": "No one can land a punch on you.",
    "original": "No one can land a punch on you.",
    "translation": "没人能打到你",
    "stage": 1
  },
  {
    "key": "Hmm...",
    "original": "Hmm...",
    "translation": "嗯……",
    "stage": 1
  },
  {
    "key": "Why are you touching my arms and legs?",
    "original": "Why are you touching my arms and legs?",
    "translation": "你捏我胳膊腿干嘛？",
    "stage": 1
  },
  {
    "key": "Your physicality amazes me. <br>",
    "original": "Your physicality amazes me. <br>",
    "translation": "你的体质真令人惊讶<br>",
    "stage": 1
  },
  {
    "key": "Did you train something before?",
    "original": "Did you train something before?",
    "translation": "你有做过什么训练吗？",
    "stage": 1
  },
  {
    "key": "I'm just doing some exercise and stretching.",
    "original": "I'm just doing some exercise and stretching.",
    "translation": "只有日常锻炼和拉伸",
    "stage": 1
  },
  {
    "key": "\\C[20]Ek\\c[0] <br>",
    "original": "\\C[20]Ek\\c[0] <br>",
    "translation": "\\C[20]埃克\\c[0] <br>",
    "stage": 1
  },
  {
    "key": "My name is \\C[20]Ek\\c[0]. <br>",
    "original": "My name is \\C[20]Ek\\c[0]. <br>",
    "translation": "我叫\\C[20]埃克\\c[0] <br>",
    "stage": 1
  },
  {
    "key": "She is my granddaughter, \\C[5]Maleena\\c[0].",
    "original": "She is my granddaughter, \\C[5]Maleena\\c[0].",
    "translation": "这是我孙女\\C[5]玛丽娜\\c[0]",
    "stage": 1
  },
  {
    "key": "I'm \\n[1]! Nice to meet you!",
    "original": "I'm \\n[1]! Nice to meet you!",
    "translation": "我是\\n[1]！你们好！",
    "stage": 1
  },
  {
    "key": "You are a bit old to learn martial arts but you have many things that can make you a great fighter.",
    "original": "You are a bit old to learn martial arts but you have many things that can make you a great fighter.",
    "translation": "对你来说练武有点太晚了，但还有其它办法",
    "stage": 1
  },
  {
    "key": "How about this?",
    "original": "How about this?",
    "translation": "怎么说？",
    "stage": 1
  },
  {
    "key": "I can teach you, Muay Thai. My homeland fighting style.",
    "original": "I can teach you, Muay Thai. My homeland fighting style.",
    "translation": "我可以教你泰拳，一种我们家乡的拳脚功夫",
    "stage": 1
  },
  {
    "key": "Do you want to be my student?",
    "original": "Do you want to be my student?",
    "translation": "你想拜我为师吗？",
    "stage": 1
  },
  {
    "key": "No.",
    "original": "No.",
    "translation": "不要",
    "stage": 1
  },
  {
    "key": "Hahaha!",
    "original": "Hahaha!",
    "translation": "哈哈哈！",
    "stage": 1
  },
  {
    "key": "Good! <br>",
    "original": "Good! <br>",
    "translation": "好！<br>",
    "stage": 1
  },
  {
    "key": "We can start tomorrow!",
    "original": "We can start tomorrow!",
    "translation": "我们明天就开始练",
    "stage": 1
  },
  {
    "key": "NO!? <br>",
    "original": "NO!? <br>",
    "translation": "不要？！<br>",
    "stage": 1
  },
  {
    "key": "What!? Why?",
    "original": "What!? Why?",
    "translation": "什么？！为什么？！",
    "stage": 1
  },
  {
    "key": "It's boring and takes a lot of time!",
    "original": "It's boring and takes a lot of time!",
    "translation": "又无聊，又浪费时间！",
    "stage": 1
  },
  {
    "key": "Well yes, it is! <br>",
    "original": "Well yes, it is! <br>",
    "translation": "嗯，那确实是！<br>",
    "stage": 1
  },
  {
    "key": "But you can fight bad buddies and many girls will fall in love with you.",
    "original": "But you can fight bad buddies and many girls will fall in love with you.",
    "translation": "但你可以干翻坏家伙，许多女孩儿都会爱上你的",
    "stage": 1
  },
  {
    "key": "I will teach you for free.",
    "original": "I will teach you for free.",
    "translation": "我可以免费教你",
    "stage": 1
  },
  {
    "key": "We are not in an action movie. <br>",
    "original": "We are not in an action movie. <br>",
    "translation": "这又不是动作片",
    "stage": 1
  },
  {
    "key": "Bad guys aren't everywhere.",
    "original": "Bad guys aren't everywhere.",
    "translation": "哪来的坏家伙？",
    "stage": 1
  },
  {
    "key": "And I have more important things to do.",
    "original": "And I have more important things to do.",
    "translation": "而且我还有其他事要做",
    "stage": 1
  },
  {
    "key": "That's too bad...",
    "original": "That's too bad...",
    "translation": "真糟糕……",
    "stage": 1
  },
  {
    "key": "Okay, you just missed your chance.",
    "original": "Okay, you just missed your chance.",
    "translation": "行吧，你可没有第二次机会了",
    "stage": 1
  },
  {
    "key": "It will be kinda pricey if you want to learn something from me.",
    "original": "It will be kinda pricey if you want to learn something from me.",
    "translation": "如果你想拜我为师，得付出点代价了",
    "stage": 1
  },
  {
    "key": "\\C[5]Maleena\\c[0], walk your little fella out.",
    "original": "\\C[5]Maleena\\c[0], walk your little fella out.",
    "translation": "\\C[5]玛丽娜\\c[0]，带你的小家伙回去吧",
    "stage": 1
  },
  {
    "key": "What is with him?",
    "original": "What is with him?",
    "translation": "他怎么回事？",
    "stage": 1
  },
  {
    "key": "He turns his face like flipping paper.",
    "original": "He turns his face like flipping paper.",
    "translation": "翻脸比翻书还快",
    "stage": 1
  },
  {
    "key": "What are you doing, Grandpa?",
    "original": "What are you doing, Grandpa?",
    "translation": "爷爷，你在做什么？",
    "stage": 1
  },
  {
    "key": "Don't call me like that!",
    "original": "Don't call me like that!",
    "translation": "别那样叫我！",
    "stage": 1
  },
  {
    "key": "I'm feeding the chickens.",
    "original": "I'm feeding the chickens.",
    "translation": "我在喂鸡",
    "stage": 1
  },
  {
    "key": "It looks interesting. <br>",
    "original": "It looks interesting. <br>",
    "translation": "看起来真有趣 <br>",
    "stage": 1
  },
  {
    "key": "Do you need my assistance?",
    "original": "Do you need my assistance?",
    "translation": "要我帮忙吗？",
    "stage": 1
  },
  {
    "key": "What!? <br>",
    "original": "What!? <br>",
    "translation": "什么？！<br>",
    "stage": 1
  },
  {
    "key": "I thought you didn't want to do boring things.",
    "original": "I thought you didn't want to do boring things.",
    "translation": "我还以为你不愿意干这种无聊事",
    "stage": 1
  },
  {
    "key": "You won't get anything from this old man.",
    "original": "You won't get anything from this old man.",
    "translation": "我这糟老头什么也给不了你",
    "stage": 1
  },
  {
    "key": "They call me the helper boy.",
    "original": "They call me the helper boy.",
    "translation": "大家都叫我活雷锋",
    "stage": 1
  },
  {
    "key": "More importantly, <br>",
    "original": "More importantly, <br>",
    "translation": "更重要的是,<br>",
    "stage": 1
  },
  {
    "key": "I wouldn't do this every day, tho. <br>",
    "original": "I wouldn't do this every day, tho. <br>",
    "translation": "我又不是天天这么做 <br>",
    "stage": 1
  },
  {
    "key": "I do what I want.",
    "original": "I do what I want.",
    "translation": "我想做什么就做什么",
    "stage": 1
  },
  {
    "key": "Alright. <br>",
    "original": "Alright. <br>",
    "translation": "好吧<br>",
    "stage": 1
  },
  {
    "key": "Little force is better than nothing.",
    "original": "Little force is better than nothing.",
    "translation": "蚊子腿也是肉",
    "stage": 1
  },
  {
    "key": "But I won't give you anything for your help.",
    "original": "But I won't give you anything for your help.",
    "translation": "但我什么都给不了你",
    "stage": 1
  },
  {
    "key": "What should I do now?",
    "original": "What should I do now?",
    "translation": "我现在要做什么？",
    "stage": 1
  },
  {
    "key": "Feeding is enough.",
    "original": "Feeding is enough.",
    "translation": "已经喂饱了",
    "stage": 1
  },
  {
    "key": "Okay, leave it to me.",
    "original": "Okay, leave it to me.",
    "translation": "行了，剩下交给我吧",
    "stage": 1
  },
  {
    "key": "*Phew*",
    "original": "*Phew*",
    "translation": "*呼*",
    "stage": 1
  },
  {
    "key": "Done!",
    "original": "Done!",
    "translation": "做好了！",
    "stage": 1
  },
  {
    "key": "How is that?",
    "original": "How is that?",
    "translation": "怎么样？",
    "stage": 1
  },
  {
    "key": "Haha! <br>",
    "original": "Haha! <br>",
    "translation": "哈哈！<br>",
    "stage": 1
  },
  {
    "key": "Thanks for your help, little one.",
    "original": "Thanks for your help, little one.",
    "translation": "谢谢你，小家伙",
    "stage": 1
  },
  {
    "key": "\\C[20]Ek\\c[0]: \\C[3]+5\\C[0] <br>",
    "original": "\\C[20]Ek\\c[0]: \\C[3]+5\\C[0] <br>",
    "translation": "\\C[20]埃克\\c[0]: \\C[3]+5\\C[0] <br>",
    "stage": 1
  },
  {
    "key": "\\C[20]Ek\\c[0]: \\v[145]",
    "original": "\\C[20]Ek\\c[0]: \\v[145]",
    "translation": "\\C[20]埃克\\c[0]: \\v[145]",
    "stage": 1
  },
  {
    "key": "What are you doing here?",
    "original": "What are you doing here?",
    "translation": "你来做什么？",
    "stage": 1
  },
  {
    "key": "Shop",
    "original": "Shop",
    "translation": "购物",
    "stage": 1
  },
  {
    "key": "Help",
    "original": "Help",
    "translation": "帮忙",
    "stage": 1
  },
  {
    "key": "No",
    "original": "No",
    "translation": "没事",
    "stage": 1
  },
  {
    "key": "Heh heh! <br>",
    "original": "Heh heh! <br>",
    "translation": "嘿嘿！<br>",
    "stage": 1
  },
  {
    "key": "It's always welcome if you buy woods and stones from me.",
    "original": "It's always welcome if you buy woods and stones from me.",
    "translation": "想买木头石头，随时找我",
    "stage": 1
  },
  {
    "key": "Let me help you feed the chickens!",
    "original": "Let me help you feed the chickens!",
    "translation": "我来帮你喂鸡！",
    "stage": 1
  },
  {
    "key": "Ha ha! <br>",
    "original": "Ha ha! <br>",
    "translation": "哈哈！<br>",
    "stage": 1
  },
  {
    "key": "Thanks!",
    "original": "Thanks!",
    "translation": "谢谢你！",
    "stage": 1
  },
  {
    "key": "Thank you for your help but it kinda ruined my hobby.",
    "original": "Thank you for your help but it kinda ruined my hobby.",
    "translation": "谢谢你帮忙，但我更喜欢自己做",
    "stage": 1
  },
  {
    "key": "Haha!",
    "original": "Haha!",
    "translation": "哈哈！",
    "stage": 1
  },
  {
    "key": "Watch",
    "original": "Watch",
    "translation": "旁观",
    "stage": 1
  },
  {
    "key": "Can I sit here and watch your training?",
    "original": "Can I sit here and watch your training?",
    "translation": "我能做这儿看你训练吗？",
    "stage": 1
  },
  {
    "key": "Just don't touch anything. <br>",
    "original": "Just don't touch anything. <br>",
    "translation": "什么都别碰<br>",
    "stage": 1
  },
  {
    "key": "You are not my student anyway.",
    "original": "You are not my student anyway.",
    "translation": "你可不是我的徒弟",
    "stage": 1
  },
  {
    "key": "Especially that punching bag.",
    "original": "Especially that punching bag.",
    "translation": "尤其是这个沙袋",
    "stage": 1
  },
  {
    "key": "Damned! <br>",
    "original": "Damned! <br>",
    "translation": "干！<br>",
    "stage": 1
  },
  {
    "key": "I shouldn't have refused so quickly.",
    "original": "I shouldn't have refused so quickly.",
    "translation": "我真不该拒绝得那么快",
    "stage": 1
  },
  {
    "key": "The training session is over.",
    "original": "The training session is over.",
    "translation": "训练到此结束",
    "stage": 1
  },
  {
    "key": "I don't think you're still sitting here.",
    "original": "I don't think you're still sitting here.",
    "translation": "起来吧",
    "stage": 1
  },
  {
    "key": "Thank you for letting me observe. <br>",
    "original": "Thank you for letting me observe. <br>",
    "translation": "谢谢你让我旁观<br>",
    "stage": 1
  },
  {
    "key": "It's really interesting.",
    "original": "It's really interesting.",
    "translation": "真的很有趣",
    "stage": 1
  },
  {
    "key": "\\C[5]Maleena\\c[0]: \\C[3]+3\\C[0] <br>",
    "original": "\\C[5]Maleena\\c[0]: \\C[3]+3\\C[0] <br>",
    "translation": "\\C[5]玛丽娜\\c[0]: \\C[3]+3\\C[0] <br>",
    "stage": 1
  },
  {
    "key": "\\C[5]Maleena\\c[0]: \\v[165]",
    "original": "\\C[5]Maleena\\c[0]: \\v[165]",
    "translation": "\\C[5]玛丽娜\\c[0]: \\v[165]",
    "stage": 1
  },
  {
    "key": "I'm about to start my morning training.",
    "original": "I'm about to start my morning training.",
    "translation": "我要开始晨练了",
    "stage": 1
  },
  {
    "key": "You can stay here and watch, <br>",
    "original": "You can stay here and watch, <br>",
    "translation": "你可以坐这儿看<br>",
    "stage": 1
  },
  {
    "key": "It's pretty interesting!",
    "original": "It's pretty interesting!",
    "translation": "真的很有趣!",
    "stage": 1
  },
  {
    "key": "Holy shit! <br>",
    "original": "Holy shit! <br>",
    "translation": "我去！<br>",
    "stage": 1
  },
  {
    "key": "I can't even see his hand.",
    "original": "I can't even see his hand.",
    "translation": "我都看不清他手上的动作！",
    "stage": 1
  },
  {
    "key": "How can you do that?",
    "original": "How can you do that?",
    "translation": "你怎么做到的？",
    "stage": 1
  },
  {
    "key": "Gahaha!",
    "original": "Gahaha!",
    "translation": "噶哈哈！",
    "stage": 1
  },
  {
    "key": "This is nothing compared to when I was younger.",
    "original": "This is nothing compared to when I was younger.",
    "translation": "我年轻时没人是我的对手",
    "stage": 1
  },
  {
    "key": "I can chop all these logs in one minute.",
    "original": "I can chop all these logs in one minute.",
    "translation": "那堆木头我一分钟就能劈完",
    "stage": 1
  },
  {
    "key": "I somehow believe in it...",
    "original": "I somehow believe in it...",
    "translation": "我一直相信……",
    "stage": 1
  },
  {
    "key": "Does material arts training make people that strong? ",
    "original": "Does material arts training make people that strong? ",
    "translation": "武术训练真能让人变那么强壮吗？",
    "stage": 1
  },
  {
    "key": "Now I regret that decision...",
    "original": "Now I regret that decision...",
    "translation": "现在我有点后悔做那个决定了……",
    "stage": 1
  },
  {
    "key": "Why are you here for?",
    "original": "Why are you here for?",
    "translation": "你来做什么？",
    "stage": 1
  },
  {
    "key": "You said I come here for the Bee House solutions.",
    "original": "You said I come here for the Bee House solutions.",
    "translation": "你说我来要蜂箱的做法",
    "stage": 1
  },
  {
    "key": "Oohh! <br>",
    "original": "Oohh! <br>",
    "translation": "哦！<br>",
    "stage": 1
  },
  {
    "key": "I almost forgot.",
    "original": "I almost forgot.",
    "translation": "我差点忘了",
    "stage": 1
  },
  {
    "key": "We will talk about it later after I've finished all of this.",
    "original": "We will talk about it later after I've finished all of this.",
    "translation": "等我做完这些再说",
    "stage": 1
  },
  {
    "key": "All right! <br>",
    "original": "All right! <br>",
    "translation": "好了！<br>",
    "stage": 1
  },
  {
    "key": "Morning warm up done!",
    "original": "Morning warm up done!",
    "translation": "晨练结束！",
    "stage": 1
  },
  {
    "key": "Damn...",
    "original": "Damn...",
    "translation": "我去……",
    "stage": 1
  },
  {
    "key": "Here!",
    "original": "Here!",
    "translation": "给你！",
    "stage": 1
  },
  {
    "key": "What is this!?",
    "original": "What is this!?",
    "translation": "这是什么？",
    "stage": 1
  },
  {
    "key": "A Workbench! <br>",
    "original": "A Workbench! <br>",
    "translation": "工作台！<br>",
    "stage": 1
  },
  {
    "key": "The most important thing if you want to build anything.",
    "original": "The most important thing if you want to build anything.",
    "translation": "如果你想造点什么，工作台必不可缺",
    "stage": 1
  },
  {
    "key": "Go to the desired location and place it.",
    "original": "Go to the desired location and place it.",
    "translation": "去找个地方放下它吧",
    "stage": 1
  },
  {
    "key": "It's just... a scroll!??",
    "original": "It's just... a scroll!??",
    "translation": "这就是……一个卷轴？",
    "stage": 1
  },
  {
    "key": "What did you just say?",
    "original": "What did you just say?",
    "translation": "你说什么？",
    "stage": 1
  },
  {
    "key": "Oh, SNAP!!! <br>",
    "original": "Oh, SNAP!!! <br>",
    "translation": "哦，等等！！！<br>",
    "stage": 1
  },
  {
    "key": "Fantasy, MAGIC! <br>",
    "original": "Fantasy, MAGIC! <br>",
    "translation": "奇幻，魔法！<br>",
    "stage": 1
  },
  {
    "key": "I forgot!",
    "original": "I forgot!",
    "translation": "我忘了！",
    "stage": 1
  },
  {
    "key": "What? I'm still listening.",
    "original": "What? I'm still listening.",
    "translation": "什么？我听着呢",
    "stage": 1
  },
  {
    "key": "Okay!?",
    "original": "Okay!?",
    "translation": "哦哦！",
    "stage": 1
  },
  {
    "key": "So after placing the Workbench. <br>",
    "original": "So after placing the Workbench. <br>",
    "translation": "放下工作台之后<br>",
    "stage": 1
  },
  {
    "key": "How can I make a Bee House \"Scroll\"?",
    "original": "How can I make a Bee House \"Scroll\"?",
    "translation": "我要怎么做蜂箱\"卷轴\"?",
    "stage": 1
  },
  {
    "key": "Workbench is a finished product.",
    "original": "Workbench is a finished product.",
    "translation": "工作台虽然做不了什么",
    "stage": 1
  },
  {
    "key": "Before that you need a Blueprint. <br>",
    "original": "Before that you need a Blueprint. <br>",
    "translation": "但有了蓝图就不一样了<br>",
    "stage": 1
  },
  {
    "key": "You can buy it from me, here.",
    "original": "You can buy it from me, here.",
    "translation": "你可以从我这儿买蓝图",
    "stage": 1
  },
  {
    "key": "After gathering all the necessary Materials listed in the Blueprint, you can go to your Workbench and use all of those to create a final product.",
    "original": "After gathering all the necessary Materials listed in the Blueprint, you can go to your Workbench and use all of those to create a final product.",
    "translation": "准备好蓝图列出的材料后，你可以在工作台上制作成品了",
    "stage": 1
  },
  {
    "key": "The basic materials are Wood, Stone and Nails.",
    "original": "The basic materials are Wood, Stone and Nails.",
    "translation": "最基本的材料有木材、石材和钉子",
    "stage": 1
  },
  {
    "key": "I have to go to the forest to chop trees now?",
    "original": "I have to go to the forest to chop trees now?",
    "translation": "我现在要去森林里砍树吗？",
    "stage": 1
  },
  {
    "key": "No, no, no! <br>",
    "original": "No, no, no! <br>",
    "translation": "不不不！<br>",
    "stage": 1
  },
  {
    "key": "You can only do that if you have a logging license. ",
    "original": "You can only do that if you have a logging license. ",
    "translation": "你要砍树得先有伐木执照才行",
    "stage": 1
  },
  {
    "key": "There're \\c[1]Tree Stumps\\c[0] around the forest, <br>",
    "original": "There're \\c[1]Tree Stumps\\c[0] around the forest, <br>",
    "translation": "森林里有许多\\c[1]树桩\\c[0]<br>",
    "stage": 1
  },
  {
    "key": "you can get wood from cutting those.",
    "original": "you can get wood from cutting those.",
    "translation": "你可以去砍树桩",
    "stage": 1
  },
  {
    "key": "Not every stone will work. <br>",
    "original": "Not every stone will work. <br>",
    "translation": "不是所有石头都行<br>",
    "stage": 1
  },
  {
    "key": "Only choose the \\c[1]Bluish Stones\\c[0], they contains some iron elements which will make the structure more solid.",
    "original": "Only choose the \\c[1]Bluish Stones\\c[0], they contains some iron elements which will make the structure more solid.",
    "translation": "只有那些\\c[1]蓝石头\\c[0]才行，这种石头里有铁元素，可以让成品更结实",
    "stage": 1
  },
  {
    "key": "Heh heh heh...",
    "original": "Heh heh heh...",
    "translation": "嘿嘿嘿……",
    "stage": 1
  },
  {
    "key": "Or...",
    "original": "Or...",
    "translation": "或者……",
    "stage": 1
  },
  {
    "key": "You can buy those from me as well but it has a really high price.",
    "original": "You can buy those from me as well but it has a really high price.",
    "translation": "你可以从我这儿买，就是有点贵",
    "stage": 1
  },
  {
    "key": "How much is it?",
    "original": "How much is it?",
    "translation": "要多少钱？",
    "stage": 1
  },
  {
    "key": "\\c[17]100\\c[0]\\i[172] each.",
    "original": "\\c[17]100\\c[0]\\i[172] each.",
    "translation": "每个\\c[17]100\\c[0]\\i[172]",
    "stage": 1
  },
  {
    "key": "You gotta be kidding me.",
    "original": "You gotta be kidding me.",
    "translation": "你逗我呢？",
    "stage": 1
  },
  {
    "key": "I could build a solid gold house with those materials money.",
    "original": "I could build a solid gold house with those materials money.",
    "translation": "有这些钱我都能造座金房子了",
    "stage": 1
  },
  {
    "key": "He he!",
    "original": "He he!",
    "translation": "嘿嘿！",
    "stage": 1
  },
  {
    "key": "Then the only way you can go now is to find them by yourself.",
    "original": "Then the only way you can go now is to find them by yourself.",
    "translation": "那你只好自己去收集了",
    "stage": 1
  },
  {
    "key": "By the way, <br>",
    "original": "By the way, <br>",
    "translation": "再提一句，<br>",
    "stage": 1
  },
  {
    "key": "I'm the only one selling wood and stone in this town.",
    "original": "I'm the only one selling wood and stone in this town.",
    "translation": "这里只有我卖木材和石材",
    "stage": 1
  },
  {
    "key": "Dang!",
    "original": "Dang!",
    "translation": "干！",
    "stage": 1
  },
  {
    "key": "It will be more fun by doing it yourself, little one.",
    "original": "It will be more fun by doing it yourself, little one.",
    "translation": "如果你自己动手的话会更有趣，小家伙",
    "stage": 1
  },
  {
    "key": "Oh! I still have something for you.",
    "original": "Oh! I still have something for you.",
    "translation": "哦！还有给你这个",
    "stage": 1
  },
  {
    "key": "An axe from my great, great grandfather.",
    "original": "An axe from my great, great grandfather.",
    "translation": "我曾曾祖父的一把斧头",
    "stage": 1
  },
  {
    "key": "It's in a bad condition and I can't use it anymore.",
    "original": "It's in a bad condition and I can't use it anymore.",
    "translation": "现在已经坏得不行了，我用不了",
    "stage": 1
  },
  {
    "key": "Better give it to someone than throw it away.",
    "original": "Better give it to someone than throw it away.",
    "translation": "与其扔掉不如送给你吧",
    "stage": 1
  },
  {
    "key": "Wow, Thanks!",
    "original": "Wow, Thanks!",
    "translation": "哇哦，谢谢！",
    "stage": 1
  },
  {
    "key": "There's only one blacksmith in town. <br>",
    "original": "There's only one blacksmith in town. <br>",
    "translation": "这儿只有一名铁匠<br>",
    "stage": 1
  },
  {
    "key": "It can be fixed there.",
    "original": "It can be fixed there.",
    "translation": "应该能修好它",
    "stage": 1
  },
  {
    "key": "\\C[2]Danesia\\c[0]?",
    "original": "\\C[2]Danesia\\c[0]?",
    "translation": "\\C[2]达奈希娅\\c[0]?",
    "stage": 1
  },
  {
    "key": "Oh, you knew her?",
    "original": "Oh, you knew her?",
    "translation": "你认识她？",
    "stage": 1
  },
  {
    "key": "I have some business with her before.",
    "original": "I have some business with her before.",
    "translation": "我不久前才见过她",
    "stage": 1
  },
  {
    "key": "You can buy \\c[1]Nails\\c[0] and \\c[1]Hammer\\c[0] from her too.",
    "original": "You can buy \\c[1]Nails\\c[0] and \\c[1]Hammer\\c[0] from her too.",
    "translation": "你可以从她那买\\c[1]钉子\\c[0]和\\c[1]锤子\\c[0]",
    "stage": 1
  },
  {
    "key": "\\c[17]100\\c[0]\\i[172] for each Nail?",
    "original": "\\c[17]100\\c[0]\\i[172] for each Nail?",
    "translation": "每个钉子\\c[17]100\\c[0]\\i[172]？",
    "stage": 1
  },
  {
    "key": "Gahaha! <br>",
    "original": "Gahaha! <br>",
    "translation": "噶哈哈！<br>",
    "stage": 1
  },
  {
    "key": "It ain't that much!",
    "original": "It ain't that much!",
    "translation": "要不了那么多！",
    "stage": 1
  },
  {
    "key": "That should be everything.",
    "original": "That should be everything.",
    "translation": "好了，就这些",
    "stage": 1
  },
  {
    "key": "Did you catch up?",
    "original": "Did you catch up?",
    "translation": "你听明白了？",
    "stage": 1
  },
  {
    "key": "I got it all.",
    "original": "I got it all.",
    "translation": "嗯",
    "stage": 1
  },
  {
    "key": "Thank you, Grandpa!",
    "original": "Thank you, Grandpa!",
    "translation": "谢谢你，老爷爷",
    "stage": 1
  },
  {
    "key": "No problem!",
    "original": "No problem!",
    "translation": "没事儿！",
    "stage": 1
  },
  {
    "key": "So, it should be.",
    "original": "So, it should be.",
    "translation": "那就先这样吧",
    "stage": 1
  },
  {
    "key": "Buy a \\c[1]Blueprint\\c[0] from Grandpa \\C[20]Ek\\c[0], <br>",
    "original": "Buy a \\c[1]Blueprint\\c[0] from Grandpa \\C[20]Ek\\c[0], <br>",
    "translation": "从\\C[20]埃克\\c[0]老爷子这里买一份\\c[1]蓝图\\c[0], <br>",
    "stage": 1
  },
  {
    "key": "collect all the \\c[1]Necessary Materials\\c[0] listed in the blueprint then go to the \\c[1]Workingbench\\c[0]...",
    "original": "collect all the \\c[1]Necessary Materials\\c[0] listed in the blueprint then go to the \\c[1]Workingbench\\c[0]...",
    "translation": "收集好所有的\\c[1]必须材料\\c[0]然后去\\c[1]工作台\\c[0]……",
    "stage": 1
  },
  {
    "key": "And Voila!",
    "original": "And Voila!",
    "translation": "然后！",
    "stage": 1
  },
  {
    "key": "Choose the \\c[1]Desired Location\\c[0] and place the \\c[1]Final Product\\c[0].",
    "original": "Choose the \\c[1]Desired Location\\c[0] and place the \\c[1]Final Product\\c[0].",
    "translation": "找个\\c[1]好地方\\c[0]放下\\c[1]成品\\c[0]",
    "stage": 1
  },
  {
    "key": "I can get \\c[1]Wood\\c[0] and \\c[1]Stone\\c[0] from chopping \\c[1]Tree Stumps\\c[0] and mashing \\c[1]Bluish Rocks\\c[0].",
    "original": "I can get \\c[1]Wood\\c[0] and \\c[1]Stone\\c[0] from chopping \\c[1]Tree Stumps\\c[0] and mashing \\c[1]Bluish Rocks\\c[0].",
    "translation": "我能砍\\c[1]树桩\\c[0]获得\\c[1]木材\\c[0]，砸\\c[1]蓝石头\\c[0]获得\\c[1]石材\\c[0]",
    "stage": 1
  },
  {
    "key": "But first I need to place the \\c[1]Workbench\\c[0] first.",
    "original": "But first I need to place the \\c[1]Workbench\\c[0] first.",
    "translation": "但首先我得找个地方放\\c[1]工作台\\c[0]",
    "stage": 1
  },
  {
    "key": "There's a small area near my Planting Spot. <br>",
    "original": "There's a small area near my Planting Spot. <br>",
    "translation": "我的小花园附近有片空地<br>",
    "stage": 1
  },
  {
    "key": "I should place it there.",
    "original": "I should place it there.",
    "translation": "就放在那儿吧",
    "stage": 1
  },
  {
    "key": "\\c[14]Workbench\\c[0]\\i[191] and \\c[14]Broken Axe\\c[0]\\i[255] \\c[1]Acquired\\c[0]",
    "original": "\\c[14]Workbench\\c[0]\\i[191] and \\c[14]Broken Axe\\c[0]\\i[255] \\c[1]Acquired\\c[0]",
    "translation": "\\c[1]获得了\\c[0]\\c[14]工作台\\c[0]\\i[191]和\\c[14]坏斧头\\c[0]\\i[255]",
    "stage": 1
  },
  {
    "key": "You've learned how to build a \\c[14]Bee House",
    "original": "You've learned how to build a \\c[14]Bee House",
    "translation": "你已经学会怎么做一个\\c[14]蜂箱\\c[0]了",
    "stage": 1
  },
  {
    "key": "\\c[1]New Honey Quest has been added <br>",
    "original": "\\c[1]New Honey Quest has been added <br>",
    "translation": "\\c[1]新蜂蜜任务已添加 <br>",
    "stage": 1
  },
  {
    "key": "\\c[21]You can access Quest Logs by 'A' key or through Menu",
    "original": "\\c[21]You can access Quest Logs by 'A' key or through Menu",
    "translation": "\\c[21]你可以按'A'键查看任务清单，或从游戏菜单进去看",
    "stage": 1
  }
]