[
  {
    "key": "\\C[6]Ms. Betty\\C[0] <br>",
    "original": "\\C[6]Ms. Betty\\C[0] <br>",
    "translation": "\\C[6]贝蒂小姐\\C[0] <br>",
    "stage": 1
  },
  {
    "key": "Is it my imagination?",
    "original": "Is it my imagination?",
    "translation": "只是我的想象吗？",
    "stage": 1
  },
  {
    "key": "Me <br>",
    "original": "Me <br>",
    "translation": "我 <br>",
    "stage": 1
  },
  {
    "key": "(Safe...)",
    "original": "(Safe...)",
    "translation": "(逃过一劫……)",
    "stage": 1
  },
  {
    "key": "(This is my only chance! <br>",
    "original": "(This is my only chance! <br>",
    "translation": "(就这一次机会！<br>",
    "stage": 1
  },
  {
    "key": "I must quickly hide in one of the toilet stalls!!!)",
    "original": "I must quickly hide in one of the toilet stalls!!!)",
    "translation": "我得赶快躲进厕所隔间里！！)",
    "stage": 1
  },
  {
    "key": "What is that sound!?",
    "original": "What is that sound!?",
    "translation": "什么声音？",
    "stage": 1
  },
  {
    "key": "\\C[14]Ms. Emmi\\C[0] <br>",
    "original": "\\C[14]Ms. Emmi\\C[0] <br>",
    "translation": "\\C[14]埃米小姐\\C[0] <br>",
    "stage": 1
  },
  {
    "key": "What's going on, \\C[6]Betty\\C[0]!?",
    "original": "What's going on, \\C[6]Betty\\C[0]!?",
    "translation": "你干什么，\\C[6]贝蒂\\C[0]!?",
    "stage": 1
  },
  {
    "key": "Nothing!",
    "original": "Nothing!",
    "translation": "没什么！",
    "stage": 1
  },
  {
    "key": "(Hmm... Wierd...)",
    "original": "(Hmm... Wierd...)",
    "translation": "(嗯……有点奇怪……)",
    "stage": 1
  },
  {
    "key": "*Phews*",
    "original": "*Phews*",
    "translation": "*呼……*",
    "stage": 1
  },
  {
    "key": "(Hehe! Finally!)",
    "original": "(Hehe! Finally!)",
    "translation": "(嘿嘿！终于！)",
    "stage": 1
  },
  {
    "key": "(Woah! It's \\C[14]Ms. Emmi\\C[0]! And she's changing)",
    "original": "(Woah! It's \\C[14]Ms. Emmi\\C[0]! And she's changing)",
    "translation": "(哇哦，是\\C[14]埃米小姐\\C[0]! 她在换衣服)",
    "stage": 1
  },
  {
    "key": "(I'll never get tired of this view...)",
    "original": "(I'll never get tired of this view...)",
    "translation": "(这画面我几次都看不腻……)",
    "stage": 1
  },
  {
    "key": "(I just wanna grab those big pillows and stuff my face in them!)",
    "original": "(I just wanna grab those big pillows and stuff my face in them!)",
    "translation": "(我真想把脸塞进去！)",
    "stage": 1
  },
  {
    "key": "Take Panties",
    "original": "Take Panties",
    "translation": "拿走内裤",
    "stage": 1
  },
  {
    "key": "No",
    "original": "No",
    "translation": "不",
    "stage": 1
  },
  {
    "key": "(Her back's turned... <br>",
    "original": "(Her back's turned... <br>",
    "translation": "(她转身了……<br>",
    "stage": 1
  },
  {
    "key": "I can probably take her panties and she wouldn't notice...)",
    "original": "I can probably take her panties and she wouldn't notice...)",
    "translation": "我现在偷偷拿走内裤她应该注意不到……)",
    "stage": 1
  },
  {
    "key": "*Sneakily reaches over and grabs them*",
    "original": "*Sneakily reaches over and grabs them*",
    "translation": "*偷偷走过去抓住*",
    "stage": 1
  },
  {
    "key": "*Looks at the panties in his hand for a sec, then proceeds to give them a big sniff*",
    "original": "*Looks at the panties in his hand for a sec, then proceeds to give them a big sniff*",
    "translation": "*看了看手里的内裤，狠吸一口*",
    "stage": 1
  },
  {
    "key": "(Ohh!!! I'm definitely keeping this!)",
    "original": "(Ohh!!! I'm definitely keeping this!)",
    "translation": "(哦！！我真想这么留着它)",
    "stage": 1
  },
  {
    "key": "(Huh!? Where are my panties!? <br>",
    "original": "(Huh!? Where are my panties!? <br>",
    "translation": "(哈？！我内裤呢？！<br>",
    "stage": 1
  },
  {
    "key": "Pretty sure I just took them out...)",
    "original": "Pretty sure I just took them out...)",
    "translation": "我记得刚才脱下来放在这儿了……)",
    "stage": 1
  },
  {
    "key": "(Nevermind. Luckily I have a spare.)",
    "original": "(Nevermind. Luckily I have a spare.)",
    "translation": "(不管了，还好我还有备用的)",
    "stage": 1
  },
  {
    "key": "Imagine",
    "original": "Imagine",
    "translation": "脑补",
    "stage": 1
  },
  {
    "key": "Keep Watching",
    "original": "Keep Watching",
    "translation": "继续看",
    "stage": 1
  },
  {
    "key": "What else, \\C[14]Ms. Emmi\\C[0].",
    "original": "What else, \\C[14]Ms. Emmi\\C[0].",
    "translation": "还有什么，\\C[14]埃米小姐\\C[0].",
    "stage": 1
  },
  {
    "key": "I will give you what you so desire.",
    "original": "I will give you what you so desire.",
    "translation": "让我给你梦寐以求的东西",
    "stage": 1
  },
  {
    "key": "Oohh...",
    "original": "Oohh...",
    "translation": "哦……",
    "stage": 1
  },
  {
    "key": "S-Stop! We can't do it here! <br>",
    "original": "S-Stop! We can't do it here! <br>",
    "translation": "别-别闹！我们不能能在这儿做这种事！<br>",
    "stage": 1
  },
  {
    "key": "\\C[6]Betty\\C[0] will hear us!!!",
    "original": "\\C[6]Betty\\C[0] will hear us!!!",
    "translation": "\\C[6]贝蒂\\C[0]会听见的!!!",
    "stage": 1
  },
  {
    "key": "It will be okay If you keep your voice low.",
    "original": "It will be okay If you keep your voice low.",
    "translation": "如果你小点声就没事了",
    "stage": 1
  },
  {
    "key": "Mmmmm...",
    "original": "Mmmmm...",
    "translation": "嗯……",
    "stage": 1
  },
  {
    "key": "Hah-hah, It's so warm...",
    "original": "Hah-hah, It's so warm...",
    "translation": "哈哈，好暖和……",
    "stage": 1
  },
  {
    "key": "It's already so wet, \\C[14]Ms. Emmi\\C[0]!",
    "original": "It's already so wet, \\C[14]Ms. Emmi\\C[0]!",
    "translation": "你已经湿的一塌糊涂了，\\C[14]埃米小姐\\C[0]!",
    "stage": 1
  },
  {
    "key": "S-Stop teasing me like that...",
    "original": "S-Stop teasing me like that...",
    "translation": "别-别这样摸我……",
    "stage": 1
  },
  {
    "key": "Argggh! It's so tight!",
    "original": "Argggh! It's so tight!",
    "translation": "啊！好紧！",
    "stage": 1
  },
  {
    "key": "Hah-hah! Your dick, It's so big and hot...",
    "original": "Hah-hah! Your dick, It's so big and hot...",
    "translation": "哈啊！你的鸡巴，又硬又热……",
    "stage": 1
  },
  {
    "key": "It's so hard to do it in this position, but weirdly good!",
    "original": "It's so hard to do it in this position, but weirdly good!",
    "translation": "这个姿势真麻烦，但感觉还挺好！",
    "stage": 1
  },
  {
    "key": "Faster",
    "original": "Faster",
    "translation": "更快点",
    "stage": 1
  },
  {
    "key": "Slow down, \\n[1]! You're too rough!!",
    "original": "Slow down, \\n[1]! You're too rough!!",
    "translation": "慢点，\\n[1]！有点疼！",
    "stage": 1
  },
  {
    "key": "I can't stop... It keeps sucking me in...",
    "original": "I can't stop... It keeps sucking me in...",
    "translation": "我停不下来……感觉被吸住了……",
    "stage": 1
  },
  {
    "key": "It's so good, my head is spinning...",
    "original": "It's so good, my head is spinning...",
    "translation": "感觉好舒服，我开始头晕了……",
    "stage": 1
  },
  {
    "key": "If you do it that fast, I'll cum!!!",
    "original": "If you do it that fast, I'll cum!!!",
    "translation": "再这么下去我要射了！！",
    "stage": 1
  },
  {
    "key": "Cum",
    "original": "Cum",
    "translation": "射精",
    "stage": 1
  },
  {
    "key": "Cumming!!!",
    "original": "Cumming!!!",
    "translation": "我要射了！！",
    "stage": 1
  },
  {
    "key": "Hah-hah! That was so good...",
    "original": "Hah-hah! That was so good...",
    "translation": "哈啊……真是太舒服了",
    "stage": 1
  },
  {
    "key": "Leave",
    "original": "Leave",
    "translation": "离开",
    "stage": 1
  },
  {
    "key": "(Never thought it would be so addictive to see a woman changing clothes...)",
    "original": "(Never thought it would be so addictive to see a woman changing clothes...)",
    "translation": "(我可没想到看女人换衣服会这么爽……)",
    "stage": 1
  },
  {
    "key": "(My cane is already fully erect.)",
    "original": "(My cane is already fully erect.)",
    "translation": "(我的牛牛已经完全立起来了)",
    "stage": 1
  },
  {
    "key": "Wank",
    "original": "Wank",
    "translation": "手冲",
    "stage": 1
  },
  {
    "key": "(Sure, what the heck, I still have some time!)",
    "original": "(Sure, what the heck, I still have some time!)",
    "translation": "(管它呢，反正我有的是时间)",
    "stage": 1
  },
  {
    "key": "*Sits back for a wank, imagines \\n[1] pushes \\C[14]Ms. Emmi\\C[0] against the wall...*",
    "original": "*Sits back for a wank, imagines \\n[1] pushes \\C[14]Ms. Emmi\\C[0] against the wall...*",
    "translation": "*坐下手冲，想象着把\\C[14]埃米小姐\\n[1]按在\\C[0]墙上……*",
    "stage": 1
  },
  {
    "key": "(Man what a nice big butt... <br>",
    "original": "(Man what a nice big butt... <br>",
    "translation": "(老天，这对屁股可真不错……<br>",
    "stage": 1
  },
  {
    "key": "And soft boobs too...)",
    "original": "And soft boobs too...)",
    "translation": "这对奶子也是……)",
    "stage": 1
  },
  {
    "key": "(She must be so warm...)",
    "original": "(She must be so warm...)",
    "translation": "(她揉起来一定很舒服……)",
    "stage": 1
  },
  {
    "key": "(Yeah, I better get out of here before someone sees me.)",
    "original": "(Yeah, I better get out of here before someone sees me.)",
    "translation": "(好了，我最好赶快出去！)",
    "stage": 1
  },
  {
    "key": "Hmm! What are you doing here?",
    "original": "Hmm! What are you doing here?",
    "translation": "嗯！你在这儿做什么？",
    "stage": 1
  },
  {
    "key": "(Shit!!!)",
    "original": "(Shit!!!)",
    "translation": "(我去！！！)",
    "stage": 1
  },
  {
    "key": "\\C[14]Ms. Emmi\\C[0]: \\C[10]-2\\C[0] <br>",
    "original": "\\C[14]Ms. Emmi\\C[0]: \\C[10]-2\\C[0] <br>",
    "translation": "\\C[14]埃米小姐\\C[0]: \\C[10]-2\\C[0] <br>",
    "stage": 1
  },
  {
    "key": "\\C[14]Ms. Emmi\\C[0]: \\v[83]",
    "original": "\\C[14]Ms. Emmi\\C[0]: \\v[83]",
    "translation": "\\C[14]埃米小姐\\C[0]: \\v[83]",
    "stage": 1
  },
  {
    "key": "\\C[6]Ms. Betty\\C[0]: \\C[3]+3\\C[0] <br>",
    "original": "\\C[6]Ms. Betty\\C[0]: \\C[3]+3\\C[0] <br>",
    "translation": "\\C[6]贝蒂小姐\\C[0]: \\C[3]+3\\C[0] <br>",
    "stage": 1
  },
  {
    "key": "\\C[6]Ms. Betty\\C[0]: \\v[81]",
    "original": "\\C[6]Ms. Betty\\C[0]: \\v[81]",
    "translation": "\\C[6]贝蒂小姐\\C[0]: \\v[81]",
    "stage": 1
  },
  {
    "key": "(Time is running! I must find a place to hide!!!)",
    "original": "(Time is running! I must find a place to hide!!!)",
    "translation": "(没时间了！我得赶快找地方躲起来！！)",
    "stage": 1
  }
]