[
  {
    "key": "Me <br>",
    "original": "Me <br>",
    "translation": "我 <br>",
    "stage": 1
  },
  {
    "key": "...",
    "original": "...",
    "translation": "...",
    "stage": 1
  },
  {
    "key": "It's staff only. I don't want to get into any trouble.",
    "original": "It's staff only. I don't want to get into any trouble.",
    "translation": "只有员工能进，我可不想惹上什么麻烦",
    "stage": 1
  },
  {
    "key": "Too early.",
    "original": "Too early.",
    "translation": "太早了",
    "stage": 1
  },
  {
    "key": "Okay, let's go. I'm kind of nervous.",
    "original": "Okay, let's go. I'm kind of nervous.",
    "translation": "好，走吧。我有点小紧张",
    "stage": 1
  },
  {
    "key": "Too late, I should come back tomorrow.",
    "original": "Too late, I should come back tomorrow.",
    "translation": "太晚了，我明天早点来",
    "stage": 1
  },
  {
    "key": "Today is the \\c[2]Weekend\\c[0], I should come back on \\c[12]Monday\\c[0]. ",
    "original": "Today is the \\c[2]Weekend\\c[0], I should come back on \\c[12]Monday\\c[0]. ",
    "translation": "今天是\\c[2]周末\\c[0]，我\\c[12]周一\\c[0]再来",
    "stage": 1
  }
]