[
  {
    "key": "1",
    "original": "1",
    "translation": "1",
    "stage": 1
  },
  {
    "key": "2",
    "original": "2",
    "translation": "2",
    "stage": 1
  },
  {
    "key": "3",
    "original": "3",
    "translation": "3",
    "stage": 1
  },
  {
    "key": "4",
    "original": "4",
    "translation": "4",
    "stage": 1
  },
  {
    "key": "5",
    "original": "5",
    "translation": "5",
    "stage": 1
  },
  {
    "key": "6",
    "original": "6",
    "translation": "6",
    "stage": 1
  },
  {
    "key": "end",
    "original": "end",
    "translation": "结束",
    "stage": 1
  },
  {
    "key": "7",
    "original": "7",
    "translation": "7",
    "stage": 1
  },
  {
    "key": "8",
    "original": "8",
    "translation": "8",
    "stage": 1
  },
  {
    "key": "9",
    "original": "9",
    "translation": "9",
    "stage": 1
  },
  {
    "key": "Help",
    "original": "Help",
    "translation": "帮助",
    "stage": 1
  },
  {
    "key": "Next",
    "original": "Next",
    "translation": "继续",
    "stage": 1
  },
  {
    "key": "dsa",
    "original": "dsa",
    "translation": "dsa",
    "stage": 1
  },
  {
    "key": "1 <br>",
    "original": "1 <br>",
    "translation": "1 <br>",
    "stage": 1
  },
  {
    "key": "2 <br>",
    "original": "2 <br>",
    "translation": "2 <br>",
    "stage": 1
  },
  {
    "key": "3 <br>",
    "original": "3 <br>",
    "translation": "3 <br>",
    "stage": 1
  },
  {
    "key": "4 <br>",
    "original": "4 <br>",
    "translation": "4 <br>",
    "stage": 1
  },
  {
    "key": "5 <br>",
    "original": "5 <br>",
    "translation": "5 <br>",
    "stage": 1
  },
  {
    "key": "6 <br>",
    "original": "6 <br>",
    "translation": "6 <br>",
    "stage": 1
  },
  {
    "key": "7 <br>",
    "original": "7 <br>",
    "translation": "7 <br>",
    "stage": 1
  },
  {
    "key": "8 <br>",
    "original": "8 <br>",
    "translation": "8 <br>",
    "stage": 1
  },
  {
    "key": "9 <br>",
    "original": "9 <br>",
    "translation": "9 <br>",
    "stage": 1
  },
  {
    "key": "10 <br>",
    "original": "10 <br>",
    "translation": "10 <br>",
    "stage": 1
  },
  {
    "key": "11 <br>",
    "original": "11 <br>",
    "translation": "11 <br>",
    "stage": 1
  },
  {
    "key": "12 <br>",
    "original": "12 <br>",
    "translation": "12 <br>",
    "stage": 1
  },
  {
    "key": "13 <br>",
    "original": "13 <br>",
    "translation": "13 <br>",
    "stage": 1
  },
  {
    "key": "14 <br>",
    "original": "14 <br>",
    "translation": "14 <br>",
    "stage": 1
  },
  {
    "key": "15 <br>",
    "original": "15 <br>",
    "translation": "15 <br>",
    "stage": 1
  },
  {
    "key": "16 <br>",
    "original": "16 <br>",
    "translation": "16 <br>",
    "stage": 1
  },
  {
    "key": "17 <br>",
    "original": "17 <br>",
    "translation": "17 <br>",
    "stage": 1
  },
  {
    "key": "18 <br>",
    "original": "18 <br>",
    "translation": "18 <br>",
    "stage": 1
  },
  {
    "key": "19 <br>",
    "original": "19 <br>",
    "translation": "19 <br>",
    "stage": 1
  },
  {
    "key": "20 <br>",
    "original": "20 <br>",
    "translation": "20 <br>",
    "stage": 1
  },
  {
    "key": "21",
    "original": "21",
    "translation": "21",
    "stage": 1
  }
]