[
  {
    "key": "Me <br>",
    "original": "Me <br>",
    "translation": "",
    "stage": 0
  },
  {
    "key": "I'm so tired...",
    "original": "I'm so tired...",
    "translation": "",
    "stage": 0
  },
  {
    "key": "Wow! This place isn't too bad.",
    "original": "Wow! This place isn't too bad.",
    "translation": "",
    "stage": 0
  },
  {
    "key": "Let's start the adventure!",
    "original": "Let's start the adventure!",
    "translation": "",
    "stage": 0
  },
  {
    "key": "Alright.",
    "original": "Alright.",
    "translation": "",
    "stage": 0
  },
  {
    "key": "Done!",
    "original": "Done!",
    "translation": "",
    "stage": 0
  },
  {
    "key": "I've explored everything and now let's get out of here.",
    "original": "I've explored everything and now let's get out of here.",
    "translation": "",
    "stage": 0
  },
  {
    "key": "Huh!?",
    "original": "Huh!?",
    "translation": "",
    "stage": 0
  },
  {
    "key": "I don't remember that I passed this place before.",
    "original": "I don't remember that I passed this place before.",
    "translation": "",
    "stage": 0
  },
  {
    "key": "Wait! Calm down, if I take a few steps back I can go back to where I was before.",
    "original": "Wait! Calm down, if I take a few steps back I can go back to where I was before.",
    "translation": "",
    "stage": 0
  },
  {
    "key": "Phew",
    "original": "Phew",
    "translation": "",
    "stage": 0
  },
  {
    "key": "!!?",
    "original": "!!?",
    "translation": "",
    "stage": 0
  },
  {
    "key": "Crap! Why is there no way out? I feel like going in a vicious circle.",
    "original": "Crap! Why is there no way out? I feel like going in a vicious circle.",
    "translation": "",
    "stage": 0
  },
  {
    "key": "That's right, I can call \\C[20]Auntie Daisy\\C[0]. She can stay outside the Lost Woods and call me and I could follow her voice to get out.",
    "original": "That's right, I can call \\C[20]Auntie Daisy\\C[0]. She can stay outside the Lost Woods and call me and I could follow her voice to get out.",
    "translation": "",
    "stage": 0
  },
  {
    "key": "No signal!",
    "original": "No signal!",
    "translation": "",
    "stage": 0
  },
  {
    "key": "What should I do now!?",
    "original": "What should I do now!?",
    "translation": "",
    "stage": 0
  },
  {
    "key": "I'm too tired, my head is dizzy...",
    "original": "I'm too tired, my head is dizzy...",
    "translation": "",
    "stage": 0
  },
  {
    "key": "Is someone there?",
    "original": "Is someone there?",
    "translation": "",
    "stage": 0
  },
  {
    "key": "My eyes are so blurry. Maybe someone is here to save me.",
    "original": "My eyes are so blurry. Maybe someone is here to save me.",
    "translation": "",
    "stage": 0
  },
  {
    "key": "??? <br>",
    "original": "??? <br>",
    "translation": "",
    "stage": 0
  },
  {
    "key": "Boo!",
    "original": "Boo!",
    "translation": "",
    "stage": 0
  },
  {
    "key": "Are you alright?",
    "original": "Are you alright?",
    "translation": "",
    "stage": 0
  },
  {
    "key": "I-I'm fine.",
    "original": "I-I'm fine.",
    "translation": "",
    "stage": 0
  },
  {
    "key": "Ha-ha! What are you doing here, little guy?",
    "original": "Ha-ha! What are you doing here, little guy?",
    "translation": "",
    "stage": 0
  },
  {
    "key": "You scared me.",
    "original": "You scared me.",
    "translation": "",
    "stage": 0
  },
  {
    "key": "You got lost, right? Isn't there a warning sign outside?",
    "original": "You got lost, right? Isn't there a warning sign outside?",
    "translation": "",
    "stage": 0
  },
  {
    "key": "Ha-ha... I just wanted to take look and got lost. This place is really strange.",
    "original": "Ha-ha... I just wanted to take look and got lost. This place is really strange.",
    "translation": "",
    "stage": 0
  },
  {
    "key": "Can you take me out of this place?",
    "original": "Can you take me out of this place?",
    "translation": "",
    "stage": 0
  },
  {
    "key": "I can get you out of here but I'm busy with my work right now.",
    "original": "I can get you out of here but I'm busy with my work right now.",
    "translation": "",
    "stage": 0
  },
  {
    "key": "Follow me, I'll lead you out of this place when I'm done.",
    "original": "Follow me, I'll lead you out of this place when I'm done.",
    "translation": "",
    "stage": 0
  },
  {
    "key": "Okay, I have nothing to do now anyway.",
    "original": "Okay, I have nothing to do now anyway.",
    "translation": "",
    "stage": 0
  },
  {
    "key": "Phew, I'm safe now. Someone can lead me out of this place.",
    "original": "Phew, I'm safe now. Someone can lead me out of this place.",
    "translation": "",
    "stage": 0
  },
  {
    "key": "...",
    "original": "...",
    "translation": "",
    "stage": 0
  },
  {
    "key": "!?",
    "original": "!?",
    "translation": "",
    "stage": 0
  },
  {
    "key": "Now that I think about it, she looks really strange. Is anyone wearing this kind of outfit now?",
    "original": "Now that I think about it, she looks really strange. Is anyone wearing this kind of outfit now?",
    "translation": "",
    "stage": 0
  },
  {
    "key": "Not to mention, she's huge... ",
    "original": "Not to mention, she's huge... ",
    "translation": "",
    "stage": 0
  },
  {
    "key": "and it's also... huge...",
    "original": "and it's also... huge...",
    "translation": "",
    "stage": 0
  },
  {
    "key": "Shit! What am I thinking?",
    "original": "Shit! What am I thinking?",
    "translation": "",
    "stage": 0
  },
  {
    "key": "Too bad, the hood concealed her face... she must be very pretty.",
    "original": "Too bad, the hood concealed her face... she must be very pretty.",
    "translation": "",
    "stage": 0
  },
  {
    "key": "Are you okay? Your face color changes like a rainbow. Did you eat any weird mushroom?",
    "original": "Are you okay? Your face color changes like a rainbow. Did you eat any weird mushroom?",
    "translation": "",
    "stage": 0
  },
  {
    "key": "I'm all good, just a bit tired.",
    "original": "I'm all good, just a bit tired.",
    "translation": "",
    "stage": 0
  },
  {
    "key": "Do you live in this place? It looks very familiar to you.",
    "original": "Do you live in this place? It looks very familiar to you.",
    "translation": "",
    "stage": 0
  },
  {
    "key": "Yes, my house is also close by. Let's go there together.",
    "original": "Yes, my house is also close by. Let's go there together.",
    "translation": "",
    "stage": 0
  },
  {
    "key": "Okay.",
    "original": "Okay.",
    "translation": "",
    "stage": 0
  },
  {
    "key": "Everything gives me a strange feeling.",
    "original": "Everything gives me a strange feeling.",
    "translation": "",
    "stage": 0
  },
  {
    "key": "But thinking back on what they said, it might be okay. The worst part was that I will be lost some of my memory and passed out outside the forest.",
    "original": "But thinking back on what they said, it might be okay. The worst part was that I will be lost some of my memory and passed out outside the forest.",
    "translation": "",
    "stage": 0
  },
  {
    "key": "\\C[3]Elphaba\\C[0] <br>",
    "original": "\\C[3]Elphaba\\C[0] <br>",
    "translation": "",
    "stage": 0
  },
  {
    "key": "In front is the exit. You just need to go straight to get out of here.",
    "original": "In front is the exit. You just need to go straight to get out of here.",
    "translation": "",
    "stage": 0
  },
  {
    "key": "Here, take this.",
    "original": "Here, take this.",
    "translation": "",
    "stage": 0
  },
  {
    "key": "What is this?",
    "original": "What is this?",
    "translation": "",
    "stage": 0
  },
  {
    "key": "Wow! It looks so expensive. Please take it back.",
    "original": "Wow! It looks so expensive. Please take it back.",
    "translation": "",
    "stage": 0
  },
  {
    "key": "Ha-ha. Don't worry, I have plenty of these.",
    "original": "Ha-ha. Don't worry, I have plenty of these.",
    "translation": "",
    "stage": 0
  },
  {
    "key": "It's just my gift.",
    "original": "It's just my gift.",
    "translation": "",
    "stage": 0
  },
  {
    "key": "Wow, Thanks!",
    "original": "Wow, Thanks!",
    "translation": "",
    "stage": 0
  },
  {
    "key": "I'm really lonely so come and meet me more often.",
    "original": "I'm really lonely so come and meet me more often.",
    "translation": "",
    "stage": 0
  },
  {
    "key": "Absolutely!",
    "original": "Absolutely!",
    "translation": "",
    "stage": 0
  },
  {
    "key": "Ha-ha. In that case, see you again.",
    "original": "Ha-ha. In that case, see you again.",
    "translation": "",
    "stage": 0
  },
  {
    "key": "\\C[3]Elphaba\\C[0]: \\C[3]+10\\C[0] <br>",
    "original": "\\C[3]Elphaba\\C[0]: \\C[3]+10\\C[0] <br>",
    "translation": "",
    "stage": 0
  },
  {
    "key": "\\C[3]Elphaba\\C[0]: \\v[39]",
    "original": "\\C[3]Elphaba\\C[0]: \\v[39]",
    "translation": "",
    "stage": 0
  },
  {
    "key": "Man, she's so hot.",
    "original": "Man, she's so hot.",
    "translation": "",
    "stage": 0
  },
  {
    "key": "It's a bit weird on everything...",
    "original": "It's a bit weird on everything...",
    "translation": "",
    "stage": 0
  },
  {
    "key": "Anyway.",
    "original": "Anyway.",
    "translation": "",
    "stage": 0
  },
  {
    "key": "There are some very interesting things in her house and I'm pretty curious about what she's been doing.",
    "original": "There are some very interesting things in her house and I'm pretty curious about what she's been doing.",
    "translation": "",
    "stage": 0
  },
  {
    "key": "Hmm. <br>",
    "original": "Hmm. <br>",
    "translation": "",
    "stage": 0
  },
  {
    "key": "A good object for my experimentation.",
    "original": "A good object for my experimentation.",
    "translation": "",
    "stage": 0
  },
  {
    "key": "Are you okay?",
    "original": "Are you okay?",
    "translation": "",
    "stage": 0
  },
  {
    "key": "I'm a bit tired from running.",
    "original": "I'm a bit tired from running.",
    "translation": "",
    "stage": 0
  },
  {
    "key": "Nothing gets injured thanks to your Necklace.",
    "original": "Nothing gets injured thanks to your Necklace.",
    "translation": "",
    "stage": 0
  },
  {
    "key": "Great!",
    "original": "Great!",
    "translation": "",
    "stage": 0
  },
  {
    "key": "I'm pretty surprised by your quick response.",
    "original": "I'm pretty surprised by your quick response.",
    "translation": "",
    "stage": 0
  },
  {
    "key": "This is my servant.",
    "original": "This is my servant.",
    "translation": "",
    "stage": 0
  },
  {
    "key": "Thank you for your aid!",
    "original": "Thank you for your aid!",
    "translation": "",
    "stage": 0
  },
  {
    "key": "Without your alert and the spell stone, <br>",
    "original": "Without your alert and the spell stone, <br>",
    "translation": "",
    "stage": 0
  },
  {
    "key": "I don't think I would still be speaking here.",
    "original": "I don't think I would still be speaking here.",
    "translation": "",
    "stage": 0
  },
  {
    "key": "It's my duty.",
    "original": "It's my duty.",
    "translation": "",
    "stage": 0
  },
  {
    "key": "Where are you going!?",
    "original": "Where are you going!?",
    "translation": "",
    "stage": 0
  },
  {
    "key": "I'm leaving here. <br>",
    "original": "I'm leaving here. <br>",
    "translation": "",
    "stage": 0
  },
  {
    "key": "This place gave me a weird feeling from the beginning.",
    "original": "This place gave me a weird feeling from the beginning.",
    "translation": "",
    "stage": 0
  },
  {
    "key": "I don't want to go back here anymore.",
    "original": "I don't want to go back here anymore.",
    "translation": "",
    "stage": 0
  },
  {
    "key": "You can go back I need to take care of our only guest.",
    "original": "You can go back I need to take care of our only guest.",
    "translation": "",
    "stage": 0
  },
  {
    "key": "Yes, Master!",
    "original": "Yes, Master!",
    "translation": "",
    "stage": 0
  },
  {
    "key": "Hey! You can't just leave like that.",
    "original": "Hey! You can't just leave like that.",
    "translation": "",
    "stage": 0
  },
  {
    "key": "I will be really lonely if no one visit.",
    "original": "I will be really lonely if no one visit.",
    "translation": "",
    "stage": 0
  },
  {
    "key": "It's too dangerous and I have my family. <br>",
    "original": "It's too dangerous and I have my family. <br>",
    "translation": "",
    "stage": 0
  },
  {
    "key": "You just have too much weird stuff.",
    "original": "You just have too much weird stuff.",
    "translation": "",
    "stage": 0
  },
  {
    "key": "Really sure that thing came from your laboratory.",
    "original": "Really sure that thing came from your laboratory.",
    "translation": "",
    "stage": 0
  },
  {
    "key": "Well, I have many experiments... <br>",
    "original": "Well, I have many experiments... <br>",
    "translation": "",
    "stage": 0
  },
  {
    "key": "But I'm sure it wasn't on my list.",
    "original": "But I'm sure it wasn't on my list.",
    "translation": "",
    "stage": 0
  },
  {
    "key": "Can you explain where it comes from!?",
    "original": "Can you explain where it comes from!?",
    "translation": "",
    "stage": 0
  },
  {
    "key": "My friend said there is only a portal to our land <br>",
    "original": "My friend said there is only a portal to our land <br>",
    "translation": "",
    "stage": 0
  },
  {
    "key": "and it was very heavily guarded.",
    "original": "and it was very heavily guarded.",
    "translation": "",
    "stage": 0
  },
  {
    "key": "There're more ways than you think. <br>",
    "original": "There're more ways than you think. <br>",
    "translation": "",
    "stage": 0
  },
  {
    "key": "It could be summoned here by ritual.",
    "original": "It could be summoned here by ritual.",
    "translation": "",
    "stage": 0
  },
  {
    "key": "You know, there're a lot of crazy people.",
    "original": "You know, there're a lot of crazy people.",
    "translation": "",
    "stage": 0
  },
  {
    "key": "They will do whatever it takes for their own desire <br>",
    "original": "They will do whatever it takes for their own desire <br>",
    "translation": "",
    "stage": 0
  },
  {
    "key": "but mostly end up getting fooled.",
    "original": "but mostly end up getting fooled.",
    "translation": "",
    "stage": 0
  },
  {
    "key": "The one you encounter earlier may sense my existence <br>",
    "original": "The one you encounter earlier may sense my existence <br>",
    "translation": "",
    "stage": 0
  },
  {
    "key": "and come here to be my servant.",
    "original": "and come here to be my servant.",
    "translation": "",
    "stage": 0
  },
  {
    "key": "Demons or Evil Spirits prefer to submit to those stronger than them.",
    "original": "Demons or Evil Spirits prefer to submit to those stronger than them.",
    "translation": "",
    "stage": 0
  },
  {
    "key": "What!?",
    "original": "What!?",
    "translation": "",
    "stage": 0
  },
  {
    "key": "That's so dangerous! <br>",
    "original": "That's so dangerous! <br>",
    "translation": "",
    "stage": 0
  },
  {
    "key": "What such a slaughter if something like that appeared in the town.",
    "original": "What such a slaughter if something like that appeared in the town.",
    "translation": "",
    "stage": 0
  },
  {
    "key": "Don't worry, <br>",
    "original": "Don't worry, <br>",
    "translation": "",
    "stage": 0
  },
  {
    "key": "someone will take care of those things as soon as they appear.",
    "original": "someone will take care of those things as soon as they appear.",
    "translation": "",
    "stage": 0
  },
  {
    "key": "I guess the Magic Wall I made in this forest has dulled their senses.",
    "original": "I guess the Magic Wall I made in this forest has dulled their senses.",
    "translation": "",
    "stage": 0
  },
  {
    "key": "But you're right!",
    "original": "But you're right!",
    "translation": "",
    "stage": 0
  },
  {
    "key": "It's time to reinforce it, <br>",
    "original": "It's time to reinforce it, <br>",
    "translation": "",
    "stage": 0
  },
  {
    "key": "I don't want anyone to come here without my permission.",
    "original": "I don't want anyone to come here without my permission.",
    "translation": "",
    "stage": 0
  },
  {
    "key": "Well, except you. <br>",
    "original": "Well, except you. <br>",
    "translation": "",
    "stage": 0
  },
  {
    "key": "You can come by anytime~",
    "original": "You can come by anytime~",
    "translation": "",
    "stage": 0
  },
  {
    "key": "*Phew*",
    "original": "*Phew*",
    "translation": "",
    "stage": 0
  },
  {
    "key": "At least, there's someone to take care of it.",
    "original": "At least, there's someone to take care of it.",
    "translation": "",
    "stage": 0
  },
  {
    "key": "Give me your Necklace.",
    "original": "Give me your Necklace.",
    "translation": "",
    "stage": 0
  },
  {
    "key": "Here!",
    "original": "Here!",
    "translation": "",
    "stage": 0
  },
  {
    "key": "I recharged it. <br>",
    "original": "I recharged it. <br>",
    "translation": "",
    "stage": 0
  },
  {
    "key": "It now has my scent.",
    "original": "It now has my scent.",
    "translation": "",
    "stage": 0
  },
  {
    "key": "Those evil things that are harmless to you will stay away.",
    "original": "Those evil things that are harmless to you will stay away.",
    "translation": "",
    "stage": 0
  },
  {
    "key": "Wow!",
    "original": "Wow!",
    "translation": "",
    "stage": 0
  },
  {
    "key": "You have a strong smell, huh?",
    "original": "You have a strong smell, huh?",
    "translation": "",
    "stage": 0
  },
  {
    "key": "Are you okay? <br>",
    "original": "Are you okay? <br>",
    "translation": "",
    "stage": 0
  },
  {
    "key": "You look tired.",
    "original": "You look tired.",
    "translation": "",
    "stage": 0
  },
  {
    "key": "I'm fine.",
    "original": "I'm fine.",
    "translation": "",
    "stage": 0
  },
  {
    "key": "Hmm... <br>",
    "original": "Hmm... <br>",
    "translation": "",
    "stage": 0
  },
  {
    "key": "How about this?",
    "original": "How about this?",
    "translation": "",
    "stage": 0
  },
  {
    "key": "Since it's my fault that it made you frightened.",
    "original": "Since it's my fault that it made you frightened.",
    "translation": "",
    "stage": 0
  },
  {
    "key": "As for a sorry, <br>",
    "original": "As for a sorry, <br>",
    "translation": "",
    "stage": 0
  },
  {
    "key": "I will give you a little treat.",
    "original": "I will give you a little treat.",
    "translation": "",
    "stage": 0
  },
  {
    "key": "You don't have to. <br>",
    "original": "You don't have to. <br>",
    "translation": "",
    "stage": 0
  },
  {
    "key": "It's not entirely your fault.",
    "original": "It's not entirely your fault.",
    "translation": "",
    "stage": 0
  },
  {
    "key": "*Gulps*",
    "original": "*Gulps*",
    "translation": "",
    "stage": 0
  },
  {
    "key": "Damn! She is so hot!",
    "original": "Damn! She is so hot!",
    "translation": "",
    "stage": 0
  },
  {
    "key": "How about a hug?",
    "original": "How about a hug?",
    "translation": "",
    "stage": 0
  },
  {
    "key": "You would be the first one to have this special.",
    "original": "You would be the first one to have this special.",
    "translation": "",
    "stage": 0
  },
  {
    "key": "Well, if you say so...",
    "original": "Well, if you say so...",
    "translation": "",
    "stage": 0
  },
  {
    "key": "No hurt for a hug.",
    "original": "No hurt for a hug.",
    "translation": "",
    "stage": 0
  },
  {
    "key": "How do I smell?",
    "original": "How do I smell?",
    "translation": "",
    "stage": 0
  },
  {
    "key": "It has a light scent of sweet milk and rose.",
    "original": "It has a light scent of sweet milk and rose.",
    "translation": "",
    "stage": 0
  },
  {
    "key": "It's so nice.",
    "original": "It's so nice.",
    "translation": "",
    "stage": 0
  },
  {
    "key": "Hah hah...",
    "original": "Hah hah...",
    "translation": "",
    "stage": 0
  },
  {
    "key": "Holy cow! <br>",
    "original": "Holy cow! <br>",
    "translation": "",
    "stage": 0
  },
  {
    "key": "The smell of a mature woman.",
    "original": "The smell of a mature woman.",
    "translation": "",
    "stage": 0
  },
  {
    "key": "Feel like a fine wine... <br>",
    "original": "Feel like a fine wine... <br>",
    "translation": "",
    "stage": 0
  },
  {
    "key": "My head is spinning!",
    "original": "My head is spinning!",
    "translation": "",
    "stage": 0
  },
  {
    "key": "I wish I had a bigger nose to inhale all her sweet scents.",
    "original": "I wish I had a bigger nose to inhale all her sweet scents.",
    "translation": "",
    "stage": 0
  },
  {
    "key": "I just can't get enough of it.",
    "original": "I just can't get enough of it.",
    "translation": "",
    "stage": 0
  },
  {
    "key": "How about my hug?",
    "original": "How about my hug?",
    "translation": "",
    "stage": 0
  },
  {
    "key": "Your body is amazing! <br>",
    "original": "Your body is amazing! <br>",
    "translation": "",
    "stage": 0
  },
  {
    "key": "It's so soft and fragrant.",
    "original": "It's so soft and fragrant.",
    "translation": "",
    "stage": 0
  },
  {
    "key": "I could keep it like this for ages.",
    "original": "I could keep it like this for ages.",
    "translation": "",
    "stage": 0
  },
  {
    "key": "Ha ha! <br>",
    "original": "Ha ha! <br>",
    "translation": "",
    "stage": 0
  },
  {
    "key": "Good!",
    "original": "Good!",
    "translation": "",
    "stage": 0
  },
  {
    "key": "What is it with her body!?",
    "original": "What is it with her body!?",
    "translation": "",
    "stage": 0
  },
  {
    "key": "I have a strong urge to bury myself deeply hard into this body pillow.",
    "original": "I have a strong urge to bury myself deeply hard into this body pillow.",
    "translation": "",
    "stage": 0
  },
  {
    "key": "Just... my arms aren't strong enough...",
    "original": "Just... my arms aren't strong enough...",
    "translation": "",
    "stage": 0
  },
  {
    "key": "Hahaha! <br>",
    "original": "Hahaha! <br>",
    "translation": "",
    "stage": 0
  },
  {
    "key": "Look like your greedy friend is not satisfied enough.",
    "original": "Look like your greedy friend is not satisfied enough.",
    "translation": "",
    "stage": 0
  },
  {
    "key": "He wanted more from me even though it was our first meeting.",
    "original": "He wanted more from me even though it was our first meeting.",
    "translation": "",
    "stage": 0
  },
  {
    "key": "Since we already went this far. <br>",
    "original": "Since we already went this far. <br>",
    "translation": "",
    "stage": 0
  },
  {
    "key": "I don't mind giving your little friend another favor~",
    "original": "I don't mind giving your little friend another favor~",
    "translation": "",
    "stage": 0
  },
  {
    "key": "Sit down! <br>",
    "original": "Sit down! <br>",
    "translation": "",
    "stage": 0
  },
  {
    "key": "Let me take a closer look.",
    "original": "Let me take a closer look.",
    "translation": "",
    "stage": 0
  },
  {
    "key": "Oh my!",
    "original": "Oh my!",
    "translation": "",
    "stage": 0
  },
  {
    "key": "Look how big it is!",
    "original": "Look how big it is!",
    "translation": "",
    "stage": 0
  },
  {
    "key": "I'm pretty surprised.",
    "original": "I'm pretty surprised.",
    "translation": "",
    "stage": 0
  },
  {
    "key": "Hmmm~",
    "original": "Hmmm~",
    "translation": "",
    "stage": 0
  },
  {
    "key": "My lower mouth might be willing love to let this arm size of yours go in inside hers.",
    "original": "My lower mouth might be willing love to let this arm size of yours go in inside hers.",
    "translation": "",
    "stage": 0
  },
  {
    "key": "But we won't go any further... for now...",
    "original": "But we won't go any further... for now...",
    "translation": "",
    "stage": 0
  },
  {
    "key": "I just want to give it a kiss for the first time and rather like doing it on something cute.",
    "original": "I just want to give it a kiss for the first time and rather like doing it on something cute.",
    "translation": "",
    "stage": 0
  },
  {
    "key": "What are you doing?",
    "original": "What are you doing?",
    "translation": "",
    "stage": 0
  },
  {
    "key": "Magic...",
    "original": "Magic...",
    "translation": "",
    "stage": 0
  },
  {
    "key": "Whoa!",
    "original": "Whoa!",
    "translation": "",
    "stage": 0
  },
  {
    "key": "You don't seem too surprised.",
    "original": "You don't seem too surprised.",
    "translation": "",
    "stage": 0
  },
  {
    "key": "I knew a friend who can do this too.",
    "original": "I knew a friend who can do this too.",
    "translation": "",
    "stage": 0
  },
  {
    "key": "Is that so?",
    "original": "Is that so?",
    "translation": "",
    "stage": 0
  },
  {
    "key": "Well, I was kind of a bit scared. <br>",
    "original": "Well, I was kind of a bit scared. <br>",
    "translation": "",
    "stage": 0
  },
  {
    "key": "I thought you would burn my dick off.",
    "original": "I thought you would burn my dick off.",
    "translation": "",
    "stage": 0
  },
  {
    "key": "Hmmm~ <br>",
    "original": "Hmmm~ <br>",
    "translation": "",
    "stage": 0
  },
  {
    "key": "More like it.",
    "original": "More like it.",
    "translation": "",
    "stage": 0
  },
  {
    "key": "It looks even better than I thought.",
    "original": "It looks even better than I thought.",
    "translation": "",
    "stage": 0
  },
  {
    "key": "It's so cute and I just want to devour it all.",
    "original": "It's so cute and I just want to devour it all.",
    "translation": "",
    "stage": 0
  },
  {
    "key": "Ahhh...",
    "original": "Ahhh...",
    "translation": "",
    "stage": 0
  },
  {
    "key": "Ughh...",
    "original": "Ughh...",
    "translation": "",
    "stage": 0
  },
  {
    "key": "It's so good!",
    "original": "It's so good!",
    "translation": "",
    "stage": 0
  },
  {
    "key": "Your mouth is so warm and moist.",
    "original": "Your mouth is so warm and moist.",
    "translation": "",
    "stage": 0
  },
  {
    "key": "Hah hah... <br>",
    "original": "Hah hah... <br>",
    "translation": "",
    "stage": 0
  },
  {
    "key": "The sucking is amazing!",
    "original": "The sucking is amazing!",
    "translation": "",
    "stage": 0
  },
  {
    "key": "Mmmmm~",
    "original": "Mmmmm~",
    "translation": "",
    "stage": 0
  },
  {
    "key": "Faster",
    "original": "Faster",
    "translation": "",
    "stage": 0
  },
  {
    "key": "Hah hah!",
    "original": "Hah hah!",
    "translation": "",
    "stage": 0
  },
  {
    "key": "Garhhhh!!",
    "original": "Garhhhh!!",
    "translation": "",
    "stage": 0
  },
  {
    "key": "It's too good!!",
    "original": "It's too good!!",
    "translation": "",
    "stage": 0
  },
  {
    "key": "Stop!! <br>",
    "original": "Stop!! <br>",
    "translation": "",
    "stage": 0
  },
  {
    "key": "Your sucking is too strong!!",
    "original": "Your sucking is too strong!!",
    "translation": "",
    "stage": 0
  },
  {
    "key": "I can feel like... <br>",
    "original": "I can feel like... <br>",
    "translation": "",
    "stage": 0
  },
  {
    "key": "my dick head is about to explode!!",
    "original": "my dick head is about to explode!!",
    "translation": "",
    "stage": 0
  },
  {
    "key": "You're sucking my dick... off!",
    "original": "You're sucking my dick... off!",
    "translation": "",
    "stage": 0
  },
  {
    "key": "Hmmmm~ <br>",
    "original": "Hmmmm~ <br>",
    "translation": "",
    "stage": 0
  },
  {
    "key": "So hot and soggy...",
    "original": "So hot and soggy...",
    "translation": "",
    "stage": 0
  },
  {
    "key": "I love it when sucking it in and out my mouth... <br>",
    "original": "I love it when sucking it in and out my mouth... <br>",
    "translation": "",
    "stage": 0
  },
  {
    "key": "Next",
    "original": "Next",
    "translation": "",
    "stage": 0
  },
  {
    "key": "Ahhh~",
    "original": "Ahhh~",
    "translation": "",
    "stage": 0
  },
  {
    "key": "Oh my god... <br>",
    "original": "Oh my god... <br>",
    "translation": "",
    "stage": 0
  },
  {
    "key": "I thought my dick will split apart...",
    "original": "I thought my dick will split apart...",
    "translation": "",
    "stage": 0
  },
  {
    "key": "Ha ha. <br>",
    "original": "Ha ha. <br>",
    "translation": "",
    "stage": 0
  },
  {
    "key": "I know what I did.",
    "original": "I know what I did.",
    "translation": "",
    "stage": 0
  },
  {
    "key": "It's too bad if you no longer function anymore.",
    "original": "It's too bad if you no longer function anymore.",
    "translation": "",
    "stage": 0
  },
  {
    "key": "This is just the beginning.",
    "original": "This is just the beginning.",
    "translation": "",
    "stage": 0
  },
  {
    "key": "The sensation...",
    "original": "The sensation...",
    "translation": "",
    "stage": 0
  },
  {
    "key": "It's so great!",
    "original": "It's so great!",
    "translation": "",
    "stage": 0
  },
  {
    "key": "If you keep licking my dick head like that I could cum at any time...",
    "original": "If you keep licking my dick head like that I could cum at any time...",
    "translation": "",
    "stage": 0
  },
  {
    "key": "Cum",
    "original": "Cum",
    "translation": "",
    "stage": 0
  },
  {
    "key": "I can't hold it anymore!!",
    "original": "I can't hold it anymore!!",
    "translation": "",
    "stage": 0
  },
  {
    "key": "It's coming!!!",
    "original": "It's coming!!!",
    "translation": "",
    "stage": 0
  },
  {
    "key": "Garwhh!!",
    "original": "Garwhh!!",
    "translation": "",
    "stage": 0
  },
  {
    "key": "Delicious feast!",
    "original": "Delicious feast!",
    "translation": "",
    "stage": 0
  },
  {
    "key": "How do you like my little gift?",
    "original": "How do you like my little gift?",
    "translation": "",
    "stage": 0
  },
  {
    "key": "I-It was absolutely amazing!!",
    "original": "I-It was absolutely amazing!!",
    "translation": "",
    "stage": 0
  },
  {
    "key": "My dick is so numb and I can feel like I can keep going!",
    "original": "My dick is so numb and I can feel like I can keep going!",
    "translation": "",
    "stage": 0
  },
  {
    "key": "Don't get over yourself.",
    "original": "Don't get over yourself.",
    "translation": "",
    "stage": 0
  },
  {
    "key": "I'm sorry...",
    "original": "I'm sorry...",
    "translation": "",
    "stage": 0
  },
  {
    "key": "End",
    "original": "End",
    "translation": "",
    "stage": 0
  },
  {
    "key": "That's should be it. ",
    "original": "That's should be it. ",
    "translation": "",
    "stage": 0
  },
  {
    "key": "It's not early anymore. <br>",
    "original": "It's not early anymore. <br>",
    "translation": "",
    "stage": 0
  },
  {
    "key": "You better-",
    "original": "You better-",
    "translation": "",
    "stage": 0
  },
  {
    "key": "Oh!",
    "original": "Oh!",
    "translation": "",
    "stage": 0
  },
  {
    "key": "What is it!?",
    "original": "What is it!?",
    "translation": "",
    "stage": 0
  },
  {
    "key": "I can feel my magic energy gradually being restored and I could feel myself getting a little stronger.",
    "original": "I can feel my magic energy gradually being restored and I could feel myself getting a little stronger.",
    "translation": "",
    "stage": 0
  },
  {
    "key": "I don't think I have used anything before...",
    "original": "I don't think I have used anything before...",
    "translation": "",
    "stage": 0
  },
  {
    "key": "It must come from your semen!",
    "original": "It must come from your semen!",
    "translation": "",
    "stage": 0
  },
  {
    "key": "Mmmm~",
    "original": "Mmmm~",
    "translation": "",
    "stage": 0
  },
  {
    "key": "I had the right feeling from the first time we meet and I was right.",
    "original": "I had the right feeling from the first time we meet and I was right.",
    "translation": "",
    "stage": 0
  },
  {
    "key": "You are something special...",
    "original": "You are something special...",
    "translation": "",
    "stage": 0
  },
  {
    "key": "Stop!",
    "original": "Stop!",
    "translation": "",
    "stage": 0
  },
  {
    "key": "You're giving me a weird feeling.",
    "original": "You're giving me a weird feeling.",
    "translation": "",
    "stage": 0
  },
  {
    "key": "I don't want to be in your flesh-and-bone experiment.",
    "original": "I don't want to be in your flesh-and-bone experiment.",
    "translation": "",
    "stage": 0
  },
  {
    "key": "Do not worry!",
    "original": "Do not worry!",
    "translation": "",
    "stage": 0
  },
  {
    "key": "I won't play with you like a toy. <br>",
    "original": "I won't play with you like a toy. <br>",
    "translation": "",
    "stage": 0
  },
  {
    "key": "There is still plenty of time.",
    "original": "There is still plenty of time.",
    "translation": "",
    "stage": 0
  },
  {
    "key": "Come to me if you want experiences more of my caress.",
    "original": "Come to me if you want experiences more of my caress.",
    "translation": "",
    "stage": 0
  },
  {
    "key": "I'm looking forward to our next meeting.",
    "original": "I'm looking forward to our next meeting.",
    "translation": "",
    "stage": 0
  },
  {
    "key": "It's only been an hour but feels like a year...",
    "original": "It's only been an hour but feels like a year...",
    "translation": "",
    "stage": 0
  },
  {
    "key": "Damn! <br>",
    "original": "Damn! <br>",
    "translation": "",
    "stage": 0
  },
  {
    "key": "\\C[3]Elphaba\\C[0]'s body is so perfect!!",
    "original": "\\C[3]Elphaba\\C[0]'s body is so perfect!!",
    "translation": "",
    "stage": 0
  },
  {
    "key": "The curve, the texture, the smell,... seemly amazingly charming!",
    "original": "The curve, the texture, the smell,... seemly amazingly charming!",
    "translation": "",
    "stage": 0
  },
  {
    "key": "I can't get it out of my head...",
    "original": "I can't get it out of my head...",
    "translation": "",
    "stage": 0
  },
  {
    "key": "I can't clearly see her face because of her hood but it must be definitely beautiful...",
    "original": "I can't clearly see her face because of her hood but it must be definitely beautiful...",
    "translation": "",
    "stage": 0
  },
  {
    "key": "I know there is something wrong with her...",
    "original": "I know there is something wrong with her...",
    "translation": "",
    "stage": 0
  },
  {
    "key": "But... You know...",
    "original": "But... You know...",
    "translation": "",
    "stage": 0
  },
  {
    "key": "If there is a new corpse under the peony tree.",
    "original": "If there is a new corpse under the peony tree.",
    "translation": "",
    "stage": 0
  },
  {
    "key": "It should be me.",
    "original": "It should be me.",
    "translation": "",
    "stage": 0
  },
  {
    "key": "\\C[3]Elphaba\\C[0]: \\C[3]+5\\C[0] <br>",
    "original": "\\C[3]Elphaba\\C[0]: \\C[3]+5\\C[0] <br>",
    "translation": "",
    "stage": 0
  },
  {
    "key": "\\C[3]Pixie\\c[0] <br>",
    "original": "\\C[3]Pixie\\c[0] <br>",
    "translation": "",
    "stage": 0
  },
  {
    "key": "Hmmmm!!!",
    "original": "Hmmmm!!!",
    "translation": "",
    "stage": 0
  },
  {
    "key": "I can't get out.",
    "original": "I can't get out.",
    "translation": "",
    "stage": 0
  },
  {
    "key": "A juicy Peach on the tree.",
    "original": "A juicy Peach on the tree.",
    "translation": "",
    "stage": 0
  },
  {
    "key": "A small ass...",
    "original": "A small ass...",
    "translation": "",
    "stage": 0
  },
  {
    "key": "Whose is it?",
    "original": "Whose is it?",
    "translation": "",
    "stage": 0
  },
  {
    "key": "Heh heh! <br>",
    "original": "Heh heh! <br>",
    "translation": "",
    "stage": 0
  },
  {
    "key": "What are you doing here, little fella?",
    "original": "What are you doing here, little fella?",
    "translation": "",
    "stage": 0
  },
  {
    "key": "\\n[1]!?",
    "original": "\\n[1]!?",
    "translation": "",
    "stage": 0
  },
  {
    "key": "Please hurry up and help me!",
    "original": "Please hurry up and help me!",
    "translation": "",
    "stage": 0
  },
  {
    "key": "I'm stuck.",
    "original": "I'm stuck.",
    "translation": "",
    "stage": 0
  },
  {
    "key": "I can see your bare fluffy ass.",
    "original": "I can see your bare fluffy ass.",
    "translation": "",
    "stage": 0
  },
  {
    "key": "It's so tiny but it looks so damn hot and delicious.",
    "original": "It's so tiny but it looks so damn hot and delicious.",
    "translation": "",
    "stage": 0
  },
  {
    "key": "Don't mind if I taste a little.",
    "original": "Don't mind if I taste a little.",
    "translation": "",
    "stage": 0
  },
  {
    "key": "Ekk!!!",
    "original": "Ekk!!!",
    "translation": "",
    "stage": 0
  },
  {
    "key": "Why is it so cold all of a sudden?",
    "original": "Why is it so cold all of a sudden?",
    "translation": "",
    "stage": 0
  },
  {
    "key": "You look so delicious. <br>",
    "original": "You look so delicious. <br>",
    "translation": "",
    "stage": 0
  },
  {
    "key": "I wanna take a bite.",
    "original": "I wanna take a bite.",
    "translation": "",
    "stage": 0
  },
  {
    "key": "Hey! Stop!!!",
    "original": "Hey! Stop!!!",
    "translation": "",
    "stage": 0
  },
  {
    "key": "Don't eat me!!",
    "original": "Don't eat me!!",
    "translation": "",
    "stage": 0
  },
  {
    "key": "Ahhhh~",
    "original": "Ahhhh~",
    "translation": "",
    "stage": 0
  },
  {
    "key": "It feels... It feels good...",
    "original": "It feels... It feels good...",
    "translation": "",
    "stage": 0
  },
  {
    "key": "Oh! It's so soft, <br>",
    "original": "Oh! It's so soft, <br>",
    "translation": "",
    "stage": 0
  },
  {
    "key": "I couldn't feel any bones at all.",
    "original": "I couldn't feel any bones at all.",
    "translation": "",
    "stage": 0
  },
  {
    "key": "Just like a big trunk of meat.",
    "original": "Just like a big trunk of meat.",
    "translation": "",
    "stage": 0
  },
  {
    "key": "Its taste is as fresh as the smell of morning grass and the sweet scent of hundreds of flowers.",
    "original": "Its taste is as fresh as the smell of morning grass and the sweet scent of hundreds of flowers.",
    "translation": "",
    "stage": 0
  },
  {
    "key": "I feel weird, \\n[1]...",
    "original": "I feel weird, \\n[1]...",
    "translation": "",
    "stage": 0
  },
  {
    "key": "Don't stop moving...",
    "original": "Don't stop moving...",
    "translation": "",
    "stage": 0
  },
  {
    "key": "This smell again... <br>",
    "original": "This smell again... <br>",
    "translation": "",
    "stage": 0
  },
  {
    "key": "It's so strong this time!!",
    "original": "It's so strong this time!!",
    "translation": "",
    "stage": 0
  },
  {
    "key": "It's coming from her body. <br>",
    "original": "It's coming from her body. <br>",
    "translation": "",
    "stage": 0
  },
  {
    "key": "Feel like an aphrodisiac drug.",
    "original": "Feel like an aphrodisiac drug.",
    "translation": "",
    "stage": 0
  },
  {
    "key": "Shit! <br>",
    "original": "Shit! <br>",
    "translation": "",
    "stage": 0
  },
  {
    "key": "It's just some kind of fun but I'm so horny right now!!!",
    "original": "It's just some kind of fun but I'm so horny right now!!!",
    "translation": "",
    "stage": 0
  },
  {
    "key": "MMmmm~",
    "original": "MMmmm~",
    "translation": "",
    "stage": 0
  },
  {
    "key": "It's too small...",
    "original": "It's too small...",
    "translation": "",
    "stage": 0
  },
  {
    "key": "Oh god! <br>",
    "original": "Oh god! <br>",
    "translation": "",
    "stage": 0
  },
  {
    "key": "Your butt, it's silky smooth.",
    "original": "Your butt, it's silky smooth.",
    "translation": "",
    "stage": 0
  },
  {
    "key": "It feels oddly good even just by rubbing.",
    "original": "It feels oddly good even just by rubbing.",
    "translation": "",
    "stage": 0
  },
  {
    "key": "Ahhhhhh~",
    "original": "Ahhhhhh~",
    "translation": "",
    "stage": 0
  },
  {
    "key": "It's so good, \\n[1]!",
    "original": "It's so good, \\n[1]!",
    "translation": "",
    "stage": 0
  },
  {
    "key": "Your pussy, it's soaking wet. ",
    "original": "Your pussy, it's soaking wet. ",
    "translation": "",
    "stage": 0
  },
  {
    "key": "The sloppy sounds and the special smell make my head spin!!!",
    "original": "The sloppy sounds and the special smell make my head spin!!!",
    "translation": "",
    "stage": 0
  },
  {
    "key": "I can't keep it anymore!!!",
    "original": "I can't keep it anymore!!!",
    "translation": "",
    "stage": 0
  },
  {
    "key": "I'm cumming, \\C[3]Pixie\\c[0]!",
    "original": "I'm cumming, \\C[3]Pixie\\c[0]!",
    "translation": "",
    "stage": 0
  },
  {
    "key": "Hyaaaa~ <br>",
    "original": "Hyaaaa~ <br>",
    "translation": "",
    "stage": 0
  },
  {
    "key": "Something wants to go out!!!",
    "original": "Something wants to go out!!!",
    "translation": "",
    "stage": 0
  },
  {
    "key": "URghhh!!!",
    "original": "URghhh!!!",
    "translation": "",
    "stage": 0
  },
  {
    "key": "It was so good!! <br>",
    "original": "It was so good!! <br>",
    "translation": "",
    "stage": 0
  },
  {
    "key": "I came so much just by rubbing...",
    "original": "I came so much just by rubbing...",
    "translation": "",
    "stage": 0
  },
  {
    "key": "It's just like I hold the cum for a month and it just wants to get out.",
    "original": "It's just like I hold the cum for a month and it just wants to get out.",
    "translation": "",
    "stage": 0
  },
  {
    "key": "Really sure some of it burst into her.",
    "original": "Really sure some of it burst into her.",
    "translation": "",
    "stage": 0
  },
  {
    "key": "I could remember a tiny mouth, hunger for my milk...",
    "original": "I could remember a tiny mouth, hunger for my milk...",
    "translation": "",
    "stage": 0
  },
  {
    "key": "So damn amazing!!",
    "original": "So damn amazing!!",
    "translation": "",
    "stage": 0
  },
  {
    "key": "Better get her out!",
    "original": "Better get her out!",
    "translation": "",
    "stage": 0
  },
  {
    "key": "HHMmmmm!!!",
    "original": "HHMmmmm!!!",
    "translation": "",
    "stage": 0
  },
  {
    "key": "What are you doing!?",
    "original": "What are you doing!?",
    "translation": "",
    "stage": 0
  },
  {
    "key": "Why didn't you help me in the first place?",
    "original": "Why didn't you help me in the first place?",
    "translation": "",
    "stage": 0
  },
  {
    "key": "Haha... <br>",
    "original": "Haha... <br>",
    "translation": "",
    "stage": 0
  },
  {
    "key": "Sorry, I just can't hold myself.",
    "original": "Sorry, I just can't hold myself.",
    "translation": "",
    "stage": 0
  },
  {
    "key": "You know, it's irresistible.",
    "original": "You know, it's irresistible.",
    "translation": "",
    "stage": 0
  },
  {
    "key": "Hmm!",
    "original": "Hmm!",
    "translation": "",
    "stage": 0
  },
  {
    "key": "It feels pretty awesome so I will spare you this time.",
    "original": "It feels pretty awesome so I will spare you this time.",
    "translation": "",
    "stage": 0
  },
  {
    "key": "Oh!?",
    "original": "Oh!?",
    "translation": "",
    "stage": 0
  },
  {
    "key": "Your milk!? <br>",
    "original": "Your milk!? <br>",
    "translation": "",
    "stage": 0
  },
  {
    "key": "It was absorbed very quickly.",
    "original": "It was absorbed very quickly.",
    "translation": "",
    "stage": 0
  },
  {
    "key": "I can feel there is a huge amount coming inside me and now... <br>",
    "original": "I can feel there is a huge amount coming inside me and now... <br>",
    "translation": "",
    "stage": 0
  },
  {
    "key": "It's all gone!!!",
    "original": "It's all gone!!!",
    "translation": "",
    "stage": 0
  },
  {
    "key": "Anyway...",
    "original": "Anyway...",
    "translation": "",
    "stage": 0
  },
  {
    "key": "Thank you mother nature for helping your dear child.",
    "original": "Thank you mother nature for helping your dear child.",
    "translation": "",
    "stage": 0
  },
  {
    "key": "Wait!",
    "original": "Wait!",
    "translation": "",
    "stage": 0
  },
  {
    "key": "I'm the one who helped you.",
    "original": "I'm the one who helped you.",
    "translation": "",
    "stage": 0
  },
  {
    "key": "Didn't she guide you to me?",
    "original": "Didn't she guide you to me?",
    "translation": "",
    "stage": 0
  },
  {
    "key": "Okay!?",
    "original": "Okay!?",
    "translation": "",
    "stage": 0
  },
  {
    "key": "Put that aside. <br>",
    "original": "Put that aside. <br>",
    "translation": "",
    "stage": 0
  },
  {
    "key": "Why did you get stuck in there?",
    "original": "Why did you get stuck in there?",
    "translation": "",
    "stage": 0
  },
  {
    "key": "I-I just want to take look around...",
    "original": "I-I just want to take look around...",
    "translation": "",
    "stage": 0
  },
  {
    "key": "You're lying!",
    "original": "You're lying!",
    "translation": "",
    "stage": 0
  },
  {
    "key": "It's a squirrel drey, <br>",
    "original": "It's a squirrel drey, <br>",
    "translation": "",
    "stage": 0
  },
  {
    "key": "You wanted to steal little buddy's hard work? Didn't you?",
    "original": "You wanted to steal little buddy's hard work? Didn't you?",
    "translation": "",
    "stage": 0
  },
  {
    "key": "He he...",
    "original": "He he...",
    "translation": "",
    "stage": 0
  },
  {
    "key": "Oh, wait! <br>",
    "original": "Oh, wait! <br>",
    "translation": "",
    "stage": 0
  },
  {
    "key": "Why did you come here for?",
    "original": "Why did you come here for?",
    "translation": "",
    "stage": 0
  },
  {
    "key": "This is the Lost Wood. <br>",
    "original": "This is the Lost Wood. <br>",
    "translation": "",
    "stage": 0
  },
  {
    "key": "You may get lost!",
    "original": "You may get lost!",
    "translation": "",
    "stage": 0
  },
  {
    "key": "Hi hi! <br>",
    "original": "Hi hi! <br>",
    "translation": "",
    "stage": 0
  },
  {
    "key": "That spell only works on humans or weak creatures.",
    "original": "That spell only works on humans or weak creatures.",
    "translation": "",
    "stage": 0
  },
  {
    "key": "I guess someone who lives here doesn't want to be disturbed.",
    "original": "I guess someone who lives here doesn't want to be disturbed.",
    "translation": "",
    "stage": 0
  },
  {
    "key": "If you know that then why are you still here? <br>",
    "original": "If you know that then why are you still here? <br>",
    "translation": "",
    "stage": 0
  },
  {
    "key": "It's kind of dangerous.",
    "original": "It's kind of dangerous.",
    "translation": "",
    "stage": 0
  },
  {
    "key": "I will kick their butt if they want to harm me.",
    "original": "I will kick their butt if they want to harm me.",
    "translation": "",
    "stage": 0
  },
  {
    "key": "Thank you for helping me!",
    "original": "Thank you for helping me!",
    "translation": "",
    "stage": 0
  },
  {
    "key": "Let's get out of here.",
    "original": "Let's get out of here.",
    "translation": "",
    "stage": 0
  },
  {
    "key": "\\C[3]Pixie\\c[0]: \\C[3]+5\\C[0] <br>",
    "original": "\\C[3]Pixie\\c[0]: \\C[3]+5\\C[0] <br>",
    "translation": "",
    "stage": 0
  },
  {
    "key": "\\C[3]Pixie\\c[0]: \\v[33]",
    "original": "\\C[3]Pixie\\c[0]: \\v[33]",
    "translation": "",
    "stage": 0
  },
  {
    "key": "Steal nuts, again?",
    "original": "Steal nuts, again?",
    "translation": "",
    "stage": 0
  },
  {
    "key": "Play",
    "original": "Play",
    "translation": "",
    "stage": 0
  },
  {
    "key": "Help",
    "original": "Help",
    "translation": "",
    "stage": 0
  },
  {
    "key": "Well, you know the deal.",
    "original": "Well, you know the deal.",
    "translation": "",
    "stage": 0
  },
  {
    "key": "At least some warning!",
    "original": "At least some warning!",
    "translation": "",
    "stage": 0
  },
  {
    "key": "It gave me a shiver through my spine.",
    "original": "It gave me a shiver through my spine.",
    "translation": "",
    "stage": 0
  },
  {
    "key": "It feels so good~",
    "original": "It feels so good~",
    "translation": "",
    "stage": 0
  },
  {
    "key": "Ahh~ I love this feeling.",
    "original": "Ahh~ I love this feeling.",
    "translation": "",
    "stage": 0
  },
  {
    "key": "I can feel your tongue go in and out of my pussy.",
    "original": "I can feel your tongue go in and out of my pussy.",
    "translation": "",
    "stage": 0
  },
  {
    "key": "It's amazing~ <br>",
    "original": "It's amazing~ <br>",
    "translation": "",
    "stage": 0
  },
  {
    "key": "It's so strong!!!",
    "original": "It's so strong!!!",
    "translation": "",
    "stage": 0
  },
  {
    "key": "I can not take it anymore...",
    "original": "I can not take it anymore...",
    "translation": "",
    "stage": 0
  },
  {
    "key": "Your butt is so smooth, \\C[3]Pixie\\c[0].",
    "original": "Your butt is so smooth, \\C[3]Pixie\\c[0].",
    "translation": "",
    "stage": 0
  },
  {
    "key": "Your dick giving me a weird sensation and it feels so good.",
    "original": "Your dick giving me a weird sensation and it feels so good.",
    "translation": "",
    "stage": 0
  },
  {
    "key": "Your pussy is soaking wet. ",
    "original": "Your pussy is soaking wet. ",
    "translation": "",
    "stage": 0
  },
  {
    "key": "Shoot your milk inside me, \\n[1]~",
    "original": "Shoot your milk inside me, \\n[1]~",
    "translation": "",
    "stage": 0
  },
  {
    "key": "It was amazingly good!",
    "original": "It was amazingly good!",
    "translation": "",
    "stage": 0
  },
  {
    "key": "I still can belive I could come this easily just by rubbing.",
    "original": "I still can belive I could come this easily just by rubbing.",
    "translation": "",
    "stage": 0
  },
  {
    "key": "I love the feeling when your tiny mouth sucking me like an octopus's suction cup.",
    "original": "I love the feeling when your tiny mouth sucking me like an octopus's suction cup.",
    "translation": "",
    "stage": 0
  },
  {
    "key": "There is so much inside me. <br>",
    "original": "There is so much inside me. <br>",
    "translation": "",
    "stage": 0
  },
  {
    "key": "It's so warm...",
    "original": "It's so warm...",
    "translation": "",
    "stage": 0
  },
  {
    "key": "I will get you out of there.",
    "original": "I will get you out of there.",
    "translation": "",
    "stage": 0
  },
  {
    "key": "Thanks, \\n[1]!",
    "original": "Thanks, \\n[1]!",
    "translation": "",
    "stage": 0
  },
  {
    "key": "\\C[3]Pixie\\c[0]: \\C[3]+3\\C[0] <br>",
    "original": "\\C[3]Pixie\\c[0]: \\C[3]+3\\C[0] <br>",
    "translation": "",
    "stage": 0
  },
  {
    "key": "What do we have here?",
    "original": "What do we have here?",
    "translation": "",
    "stage": 0
  },
  {
    "key": "You dare wander around here ignoring my warning sign!",
    "original": "You dare wander around here ignoring my warning sign!",
    "translation": "",
    "stage": 0
  },
  {
    "key": "I-I will leave now!",
    "original": "I-I will leave now!",
    "translation": "",
    "stage": 0
  },
  {
    "key": "You look different...",
    "original": "You look different...",
    "translation": "",
    "stage": 0
  },
  {
    "key": "Come closer. <br>",
    "original": "Come closer. <br>",
    "translation": "",
    "stage": 0
  },
  {
    "key": "I want to take a closer look.",
    "original": "I want to take a closer look.",
    "translation": "",
    "stage": 0
  },
  {
    "key": "Don't come here, wicked witch!!!",
    "original": "Don't come here, wicked witch!!!",
    "translation": "",
    "stage": 0
  },
  {
    "key": "OH!?",
    "original": "OH!?",
    "translation": "",
    "stage": 0
  },
  {
    "key": "URghh!!!",
    "original": "URghh!!!",
    "translation": "",
    "stage": 0
  },
  {
    "key": "Let me go! <br>",
    "original": "Let me go! <br>",
    "translation": "",
    "stage": 0
  },
  {
    "key": "You OLD HAG!!",
    "original": "You OLD HAG!!",
    "translation": "",
    "stage": 0
  },
  {
    "key": "Insolent!!!",
    "original": "Insolent!!!",
    "translation": "",
    "stage": 0
  },
  {
    "key": "I change my mind.",
    "original": "I change my mind.",
    "translation": "",
    "stage": 0
  },
  {
    "key": "Your mouth is too big that your tiny body can't handle it.",
    "original": "Your mouth is too big that your tiny body can't handle it.",
    "translation": "",
    "stage": 0
  },
  {
    "key": "Your magic energy...? <br>",
    "original": "Your magic energy...? <br>",
    "translation": "",
    "stage": 0
  },
  {
    "key": "Why is it so fascinating?",
    "original": "Why is it so fascinating?",
    "translation": "",
    "stage": 0
  },
  {
    "key": "It's small but seems like an excellent snack.",
    "original": "It's small but seems like an excellent snack.",
    "translation": "",
    "stage": 0
  },
  {
    "key": "No!!",
    "original": "No!!",
    "translation": "",
    "stage": 0
  },
  {
    "key": "Let go of me! <br>",
    "original": "Let go of me! <br>",
    "translation": "",
    "stage": 0
  },
  {
    "key": "You can't do this to me!!!",
    "original": "You can't do this to me!!!",
    "translation": "",
    "stage": 0
  },
  {
    "key": "Too late!",
    "original": "Too late!",
    "translation": "",
    "stage": 0
  },
  {
    "key": "AAahhhh!!!",
    "original": "AAahhhh!!!",
    "translation": "",
    "stage": 0
  },
  {
    "key": "\\C[3]Elphaba\\C[0], Stop!!! <br>",
    "original": "\\C[3]Elphaba\\C[0], Stop!!! <br>",
    "translation": "",
    "stage": 0
  },
  {
    "key": "\\C[3]Pixie\\c[0]! <br>",
    "original": "\\C[3]Pixie\\c[0]! <br>",
    "translation": "",
    "stage": 0
  },
  {
    "key": "Are you okay!?",
    "original": "Are you okay!?",
    "translation": "",
    "stage": 0
  },
  {
    "key": "She is your friend?",
    "original": "She is your friend?",
    "translation": "",
    "stage": 0
  },
  {
    "key": "Yes, my best friend.",
    "original": "Yes, my best friend.",
    "translation": "",
    "stage": 0
  },
  {
    "key": "How is she right now!?",
    "original": "How is she right now!?",
    "translation": "",
    "stage": 0
  },
  {
    "key": "Just a small punishment but I think went a little overboard.",
    "original": "Just a small punishment but I think went a little overboard.",
    "translation": "",
    "stage": 0
  },
  {
    "key": "Her energy is so pure and charming for a reason.",
    "original": "Her energy is so pure and charming for a reason.",
    "translation": "",
    "stage": 0
  },
  {
    "key": "She's stronger than other fairies that I've known and that's pretty strange.",
    "original": "She's stronger than other fairies that I've known and that's pretty strange.",
    "translation": "",
    "stage": 0
  },
  {
    "key": "Will she be okay?",
    "original": "Will she be okay?",
    "translation": "",
    "stage": 0
  },
  {
    "key": "Probably not.",
    "original": "Probably not.",
    "translation": "",
    "stage": 0
  },
  {
    "key": "If she doesn't have a way to refill her lost energy soon.",
    "original": "If she doesn't have a way to refill her lost energy soon.",
    "translation": "",
    "stage": 0
  },
  {
    "key": "She will return to her beloved mother nature.",
    "original": "She will return to her beloved mother nature.",
    "translation": "",
    "stage": 0
  },
  {
    "key": "You did a terrible thing, \\C[3]Elphaba\\C[0]!",
    "original": "You did a terrible thing, \\C[3]Elphaba\\C[0]!",
    "translation": "",
    "stage": 0
  },
  {
    "key": "It's not my fault!",
    "original": "It's not my fault!",
    "translation": "",
    "stage": 0
  },
  {
    "key": "Yes, it is!!!",
    "original": "Yes, it is!!!",
    "translation": "",
    "stage": 0
  },
  {
    "key": "What should we do now?",
    "original": "What should we do now?",
    "translation": "",
    "stage": 0
  },
  {
    "key": "Your semen has a large amount of magic energy. ",
    "original": "Your semen has a large amount of magic energy. ",
    "translation": "",
    "stage": 0
  },
  {
    "key": "I can feel it while I'm swallowing your cum.",
    "original": "I can feel it while I'm swallowing your cum.",
    "translation": "",
    "stage": 0
  },
  {
    "key": "Wait a minute! <br>",
    "original": "Wait a minute! <br>",
    "translation": "",
    "stage": 0
  },
  {
    "key": "Now I know what is wrong with her magic power.",
    "original": "Now I know what is wrong with her magic power.",
    "translation": "",
    "stage": 0
  },
  {
    "key": "Did you guys do something funny things before?",
    "original": "Did you guys do something funny things before?",
    "translation": "",
    "stage": 0
  },
  {
    "key": "W-We just playing...",
    "original": "W-We just playing...",
    "translation": "",
    "stage": 0
  },
  {
    "key": "You really have a way to enjoy your life, don't you?",
    "original": "You really have a way to enjoy your life, don't you?",
    "translation": "",
    "stage": 0
  },
  {
    "key": "Do you know the fastest way to a woman's heart?",
    "original": "Do you know the fastest way to a woman's heart?",
    "translation": "",
    "stage": 0
  },
  {
    "key": "Her stomach.",
    "original": "Her stomach.",
    "translation": "",
    "stage": 0
  },
  {
    "key": "Uh uh! ",
    "original": "Uh uh! ",
    "translation": "",
    "stage": 0
  },
  {
    "key": "Her womb.",
    "original": "Her womb.",
    "translation": "",
    "stage": 0
  },
  {
    "key": "There's no time for jokes, \\C[3]Elphaba\\C[0]! <br>",
    "original": "There's no time for jokes, \\C[3]Elphaba\\C[0]! <br>",
    "translation": "",
    "stage": 0
  },
  {
    "key": "She's dying!",
    "original": "She's dying!",
    "translation": "",
    "stage": 0
  },
  {
    "key": "It's maybe a joke...",
    "original": "It's maybe a joke...",
    "translation": "",
    "stage": 0
  },
  {
    "key": "But for now, that's a fact.",
    "original": "But for now, that's a fact.",
    "translation": "",
    "stage": 0
  },
  {
    "key": "Just put your dick inside her and cum as much as you can!",
    "original": "Just put your dick inside her and cum as much as you can!",
    "translation": "",
    "stage": 0
  },
  {
    "key": "Fill all her soul with your warm and sticky seed of life.",
    "original": "Fill all her soul with your warm and sticky seed of life.",
    "translation": "",
    "stage": 0
  },
  {
    "key": "Wait! <br>",
    "original": "Wait! <br>",
    "translation": "",
    "stage": 0
  },
  {
    "key": "If I'm not mistaken.",
    "original": "If I'm not mistaken.",
    "translation": "",
    "stage": 0
  },
  {
    "key": "\\C[3]Pixie\\c[0] said that she absorbs my cum faster when I shot inside her while she's stuck in a tree.",
    "original": "\\C[3]Pixie\\c[0] said that she absorbs my cum faster when I shot inside her while she's stuck in a tree.",
    "translation": "",
    "stage": 0
  },
  {
    "key": "That could be the way...",
    "original": "That could be the way...",
    "translation": "",
    "stage": 0
  },
  {
    "key": "But she's too small!",
    "original": "But she's too small!",
    "translation": "",
    "stage": 0
  },
  {
    "key": "Don't worry about the size. ",
    "original": "Don't worry about the size. ",
    "translation": "",
    "stage": 0
  },
  {
    "key": "She is a Fairy, not a human. <br>",
    "original": "She is a Fairy, not a human. <br>",
    "translation": "",
    "stage": 0
  },
  {
    "key": "It's can stretch more than you think.",
    "original": "It's can stretch more than you think.",
    "translation": "",
    "stage": 0
  },
  {
    "key": "I won't interrupt your fun.",
    "original": "I won't interrupt your fun.",
    "translation": "",
    "stage": 0
  },
  {
    "key": "By the way, <br>",
    "original": "By the way, <br>",
    "translation": "",
    "stage": 0
  },
  {
    "key": "Fairies produce the main ingredient for the most powerful aphrodisiac drug.",
    "original": "Fairies produce the main ingredient for the most powerful aphrodisiac drug.",
    "translation": "",
    "stage": 0
  },
  {
    "key": "Take care of yourself.",
    "original": "Take care of yourself.",
    "translation": "",
    "stage": 0
  },
  {
    "key": "Visit me more often, <br>",
    "original": "Visit me more often, <br>",
    "translation": "",
    "stage": 0
  },
  {
    "key": "I want to taste more of your young.",
    "original": "I want to taste more of your young.",
    "translation": "",
    "stage": 0
  },
  {
    "key": "I still can't forget the last time I tasted it.",
    "original": "I still can't forget the last time I tasted it.",
    "translation": "",
    "stage": 0
  },
  {
    "key": "Really sure your little friend has a way of minizine your dick.",
    "original": "Really sure your little friend has a way of minizine your dick.",
    "translation": "",
    "stage": 0
  },
  {
    "key": "Happy playing!",
    "original": "Happy playing!",
    "translation": "",
    "stage": 0
  },
  {
    "key": "This world is nuts!!!",
    "original": "This world is nuts!!!",
    "translation": "",
    "stage": 0
  },
  {
    "key": "Well, It's time to fuck my best buddy. <br>",
    "original": "Well, It's time to fuck my best buddy. <br>",
    "translation": "",
    "stage": 0
  },
  {
    "key": "It's the only way I've known to save her.",
    "original": "It's the only way I've known to save her.",
    "translation": "",
    "stage": 0
  },
  {
    "key": "You already heard about that, \\C[3]Pixie\\c[0]!",
    "original": "You already heard about that, \\C[3]Pixie\\c[0]!",
    "translation": "",
    "stage": 0
  },
  {
    "key": "I don't want to sneak in when you're weak.",
    "original": "I don't want to sneak in when you're weak.",
    "translation": "",
    "stage": 0
  },
  {
    "key": "But it is the only option for now...",
    "original": "But it is the only option for now...",
    "translation": "",
    "stage": 0
  },
  {
    "key": "What is your thought?",
    "original": "What is your thought?",
    "translation": "",
    "stage": 0
  },
  {
    "key": "Hurry up!!! <br>",
    "original": "Hurry up!!! <br>",
    "translation": "",
    "stage": 0
  },
  {
    "key": "Let's do it!",
    "original": "Let's do it!",
    "translation": "",
    "stage": 0
  },
  {
    "key": "Don't worry about my size. <br>",
    "original": "Don't worry about my size. <br>",
    "translation": "",
    "stage": 0
  },
  {
    "key": "My body is formed from magic energy.",
    "original": "My body is formed from magic energy.",
    "translation": "",
    "stage": 0
  },
  {
    "key": "I've always been jealous of that thefty Bear.",
    "original": "I've always been jealous of that thefty Bear.",
    "translation": "",
    "stage": 0
  },
  {
    "key": "I've seen her coming back to our Bee Farm from time to time, not to get honey but to be fucked by your dick!",
    "original": "I've seen her coming back to our Bee Farm from time to time, not to get honey but to be fucked by your dick!",
    "translation": "",
    "stage": 0
  },
  {
    "key": "Damn! ",
    "original": "Damn! ",
    "translation": "",
    "stage": 0
  },
  {
    "key": "I guess I'm the one that makes her like this... <br>",
    "original": "I guess I'm the one that makes her like this... <br>",
    "translation": "",
    "stage": 0
  },
  {
    "key": "She's even hornier than I am...",
    "original": "She's even hornier than I am...",
    "translation": "",
    "stage": 0
  },
  {
    "key": "You're such a horny little one...",
    "original": "You're such a horny little one...",
    "translation": "",
    "stage": 0
  },
  {
    "key": "Seems like it is the only choice.",
    "original": "Seems like it is the only choice.",
    "translation": "",
    "stage": 0
  },
  {
    "key": "Yay!!!",
    "original": "Yay!!!",
    "translation": "",
    "stage": 0
  },
  {
    "key": "Look at your face, <br>",
    "original": "Look at your face, <br>",
    "translation": "",
    "stage": 0
  },
  {
    "key": "you don't look like you're gonna fade away.",
    "original": "you don't look like you're gonna fade away.",
    "translation": "",
    "stage": 0
  },
  {
    "key": "I'm just a bit excited!",
    "original": "I'm just a bit excited!",
    "translation": "",
    "stage": 0
  },
  {
    "key": "Pretty sure if I didn't have your dick right now. <br>",
    "original": "Pretty sure if I didn't have your dick right now. <br>",
    "translation": "",
    "stage": 0
  },
  {
    "key": "I will disappear.",
    "original": "I will disappear.",
    "translation": "",
    "stage": 0
  },
  {
    "key": "Alright!",
    "original": "Alright!",
    "translation": "",
    "stage": 0
  },
  {
    "key": "I will make your tiny pussy wet first.",
    "original": "I will make your tiny pussy wet first.",
    "translation": "",
    "stage": 0
  },
  {
    "key": "It'd be easier to put my dick in.",
    "original": "It'd be easier to put my dick in.",
    "translation": "",
    "stage": 0
  },
  {
    "key": "Hi hi hi!",
    "original": "Hi hi hi!",
    "translation": "",
    "stage": 0
  },
  {
    "key": "It's so good...",
    "original": "It's so good...",
    "translation": "",
    "stage": 0
  },
  {
    "key": "My pussy feels so itchy and funny...",
    "original": "My pussy feels so itchy and funny...",
    "translation": "",
    "stage": 0
  },
  {
    "key": "That should be enough, I will put it in now.",
    "original": "That should be enough, I will put it in now.",
    "translation": "",
    "stage": 0
  },
  {
    "key": "Okay!",
    "original": "Okay!",
    "translation": "",
    "stage": 0
  },
  {
    "key": "Why am I always so excited when I use Mini Dust on my dick?",
    "original": "Why am I always so excited when I use Mini Dust on my dick?",
    "translation": "",
    "stage": 0
  },
  {
    "key": "It feels like the sensitivity is even stronger than normal.",
    "original": "It feels like the sensitivity is even stronger than normal.",
    "translation": "",
    "stage": 0
  },
  {
    "key": "Probably the Fairy thing... <br>",
    "original": "Probably the Fairy thing... <br>",
    "translation": "",
    "stage": 0
  },
  {
    "key": "So weird...",
    "original": "So weird...",
    "translation": "",
    "stage": 0
  },
  {
    "key": "Hihihi! <br>",
    "original": "Hihihi! <br>",
    "translation": "",
    "stage": 0
  },
  {
    "key": "It's so cute!",
    "original": "It's so cute!",
    "translation": "",
    "stage": 0
  },
  {
    "key": "Wow! It's so soft.",
    "original": "Wow! It's so soft.",
    "translation": "",
    "stage": 0
  },
  {
    "key": "Ohhh! <br>",
    "original": "Ohhh! <br>",
    "translation": "",
    "stage": 0
  },
  {
    "key": "I can feel It going inside a little bit but it's still too small.",
    "original": "I can feel It going inside a little bit but it's still too small.",
    "translation": "",
    "stage": 0
  },
  {
    "key": "It's so good already.",
    "original": "It's so good already.",
    "translation": "",
    "stage": 0
  },
  {
    "key": "I will use more force, \\C[3]Pixie\\c[0]! <br>",
    "original": "I will use more force, \\C[3]Pixie\\c[0]! <br>",
    "translation": "",
    "stage": 0
  },
  {
    "key": "Hyaaa~",
    "original": "Hyaaa~",
    "translation": "",
    "stage": 0
  },
  {
    "key": "AAahhhh~",
    "original": "AAahhhh~",
    "translation": "",
    "stage": 0
  },
  {
    "key": "It's in!!!",
    "original": "It's in!!!",
    "translation": "",
    "stage": 0
  },
  {
    "key": "We're connected, \\n[1]!",
    "original": "We're connected, \\n[1]!",
    "translation": "",
    "stage": 0
  },
  {
    "key": "As I expected, It's amazing!!!",
    "original": "As I expected, It's amazing!!!",
    "translation": "",
    "stage": 0
  },
  {
    "key": "Hurry up! Fuck me! <br>",
    "original": "Hurry up! Fuck me! <br>",
    "translation": "",
    "stage": 0
  },
  {
    "key": "I can't wait for it anymore!!!",
    "original": "I can't wait for it anymore!!!",
    "translation": "",
    "stage": 0
  },
  {
    "key": "Say less, I can't hold myself either.",
    "original": "Say less, I can't hold myself either.",
    "translation": "",
    "stage": 0
  },
  {
    "key": "Holy shit! It's fucking amazing!",
    "original": "Holy shit! It's fucking amazing!",
    "translation": "",
    "stage": 0
  },
  {
    "key": "Your body is like a big piece of meat. ",
    "original": "Your body is like a big piece of meat. ",
    "translation": "",
    "stage": 0
  },
  {
    "key": "It feels so gooooood, \\n[1]!!!",
    "original": "It feels so gooooood, \\n[1]!!!",
    "translation": "",
    "stage": 0
  },
  {
    "key": "I can feel your dick moving inside me...",
    "original": "I can feel your dick moving inside me...",
    "translation": "",
    "stage": 0
  },
  {
    "key": "I'm going crazy!",
    "original": "I'm going crazy!",
    "translation": "",
    "stage": 0
  },
  {
    "key": "Your pussy is so wet and tight!!!",
    "original": "Your pussy is so wet and tight!!!",
    "translation": "",
    "stage": 0
  },
  {
    "key": "I want to go faster.",
    "original": "I want to go faster.",
    "translation": "",
    "stage": 0
  },
  {
    "key": "Go as rough as you can!",
    "original": "Go as rough as you can!",
    "translation": "",
    "stage": 0
  },
  {
    "key": "It's way too good.",
    "original": "It's way too good.",
    "translation": "",
    "stage": 0
  },
  {
    "key": "I could see the pink steamy releasing from her body. ",
    "original": "I could see the pink steamy releasing from her body. ",
    "translation": "",
    "stage": 0
  },
  {
    "key": "Her canal is so different. <br>",
    "original": "Her canal is so different. <br>",
    "translation": "",
    "stage": 0
  },
  {
    "key": "There are thousands of small electric dots that keep stimulating my dick.",
    "original": "There are thousands of small electric dots that keep stimulating my dick.",
    "translation": "",
    "stage": 0
  },
  {
    "key": "My dick feels so numb and always in a cum state.",
    "original": "My dick feels so numb and always in a cum state.",
    "translation": "",
    "stage": 0
  },
  {
    "key": "Fuck! My mind is going blank!",
    "original": "Fuck! My mind is going blank!",
    "translation": "",
    "stage": 0
  },
  {
    "key": "Hngggh~",
    "original": "Hngggh~",
    "translation": "",
    "stage": 0
  },
  {
    "key": "Your dick, it's so big and hot!",
    "original": "Your dick, it's so big and hot!",
    "translation": "",
    "stage": 0
  },
  {
    "key": "The rubbing is burning my inside!!!",
    "original": "The rubbing is burning my inside!!!",
    "translation": "",
    "stage": 0
  },
  {
    "key": "It's vibrating my soul's stereocilia hair!!!",
    "original": "It's vibrating my soul's stereocilia hair!!!",
    "translation": "",
    "stage": 0
  },
  {
    "key": "It's so gooooood! I can't hold it anymore!!!!",
    "original": "It's so gooooood! I can't hold it anymore!!!!",
    "translation": "",
    "stage": 0
  },
  {
    "key": "UGhh!!!",
    "original": "UGhh!!!",
    "translation": "",
    "stage": 0
  },
  {
    "key": "I'm cumming!!!",
    "original": "I'm cumming!!!",
    "translation": "",
    "stage": 0
  },
  {
    "key": "Shoot inside me! <br>",
    "original": "Shoot inside me! <br>",
    "translation": "",
    "stage": 0
  },
  {
    "key": "Give me all of your delicious milk!!!",
    "original": "Give me all of your delicious milk!!!",
    "translation": "",
    "stage": 0
  },
  {
    "key": "That was amazing!!!",
    "original": "That was amazing!!!",
    "translation": "",
    "stage": 0
  },
  {
    "key": "God damn! <br>",
    "original": "God damn! <br>",
    "translation": "",
    "stage": 0
  },
  {
    "key": "I came like a ton and look how compressed it is.",
    "original": "I came like a ton and look how compressed it is.",
    "translation": "",
    "stage": 0
  },
  {
    "key": "Surprisingly, it still hasn't flooded out!",
    "original": "Surprisingly, it still hasn't flooded out!",
    "translation": "",
    "stage": 0
  },
  {
    "key": "Heh heh~ <br>",
    "original": "Heh heh~ <br>",
    "translation": "",
    "stage": 0
  },
  {
    "key": "I need to refill my lost energy. <br>",
    "original": "I need to refill my lost energy. <br>",
    "translation": "",
    "stage": 0
  },
  {
    "key": "Every drop helps.",
    "original": "Every drop helps.",
    "translation": "",
    "stage": 0
  },
  {
    "key": "You look so lewd now... <br>",
    "original": "You look so lewd now... <br>",
    "translation": "",
    "stage": 0
  },
  {
    "key": "Where is the pure looking one in the beginning!?",
    "original": "Where is the pure looking one in the beginning!?",
    "translation": "",
    "stage": 0
  },
  {
    "key": "Holy shit! <br>",
    "original": "Holy shit! <br>",
    "translation": "",
    "stage": 0
  },
  {
    "key": "My dick is still so hard and twitching like crazy!",
    "original": "My dick is still so hard and twitching like crazy!",
    "translation": "",
    "stage": 0
  },
  {
    "key": "And the after cum recoil doesn't seem to appear!?",
    "original": "And the after cum recoil doesn't seem to appear!?",
    "translation": "",
    "stage": 0
  },
  {
    "key": "Hihihi~ <br>",
    "original": "Hihihi~ <br>",
    "translation": "",
    "stage": 0
  },
  {
    "key": "Let's do it one more time! <br>",
    "original": "Let's do it one more time! <br>",
    "translation": "",
    "stage": 0
  },
  {
    "key": "I still can't get enough of it.",
    "original": "I still can't get enough of it.",
    "translation": "",
    "stage": 0
  },
  {
    "key": "N-No fucking way! ",
    "original": "N-No fucking way! ",
    "translation": "",
    "stage": 0
  },
  {
    "key": "I now believe in what \\C[3]Elphaba\\C[0] said. <br>",
    "original": "I now believe in what \\C[3]Elphaba\\C[0] said. <br>",
    "translation": "",
    "stage": 0
  },
  {
    "key": "I don't want to lose in it.",
    "original": "I don't want to lose in it.",
    "translation": "",
    "stage": 0
  },
  {
    "key": "It's surely hella good, <br>",
    "original": "It's surely hella good, <br>",
    "translation": "",
    "stage": 0
  },
  {
    "key": "but I can feel I could ejaculate all my soul out without restraining myself!",
    "original": "but I can feel I could ejaculate all my soul out without restraining myself!",
    "translation": "",
    "stage": 0
  },
  {
    "key": "Ehhhh!",
    "original": "Ehhhh!",
    "translation": "",
    "stage": 0
  },
  {
    "key": "Too bad.",
    "original": "Too bad.",
    "translation": "",
    "stage": 0
  },
  {
    "key": "Look like you're fine now.",
    "original": "Look like you're fine now.",
    "translation": "",
    "stage": 0
  },
  {
    "key": "It was faster than I thought it would be. <br>",
    "original": "It was faster than I thought it would be. <br>",
    "translation": "",
    "stage": 0
  },
  {
    "key": "I'm feeling even better than before.",
    "original": "I'm feeling even better than before.",
    "translation": "",
    "stage": 0
  },
  {
    "key": "I thought you probably just die like that but my Magical Wand somehow safe the day.",
    "original": "I thought you probably just die like that but my Magical Wand somehow safe the day.",
    "translation": "",
    "stage": 0
  },
  {
    "key": "You make me so horny again~",
    "original": "You make me so horny again~",
    "translation": "",
    "stage": 0
  },
  {
    "key": "I can't just stay here anymore.",
    "original": "I can't just stay here anymore.",
    "translation": "",
    "stage": 0
  },
  {
    "key": "She's not so sexy but is more like a moving aphrodisiac bag.",
    "original": "She's not so sexy but is more like a moving aphrodisiac bag.",
    "translation": "",
    "stage": 0
  },
  {
    "key": "I don't know if I could hold myself.",
    "original": "I don't know if I could hold myself.",
    "translation": "",
    "stage": 0
  },
  {
    "key": "... <br>",
    "original": "... <br>",
    "translation": "",
    "stage": 0
  },
  {
    "key": "Wait! She can make herself bigger, right?",
    "original": "Wait! She can make herself bigger, right?",
    "translation": "",
    "stage": 0
  },
  {
    "key": "I'm so stupid sometimes.",
    "original": "I'm so stupid sometimes.",
    "translation": "",
    "stage": 0
  },
  {
    "key": "Demand should be requested next time!!!",
    "original": "Demand should be requested next time!!!",
    "translation": "",
    "stage": 0
  },
  {
    "key": "Fuck! My dick feels like it is about to explode!!!",
    "original": "Fuck! My dick feels like it is about to explode!!!",
    "translation": "",
    "stage": 0
  },
  {
    "key": "Oh! It is fully absorbed!!!",
    "original": "Oh! It is fully absorbed!!!",
    "translation": "",
    "stage": 0
  },
  {
    "key": "Better get the hell out of here!",
    "original": "Better get the hell out of here!",
    "translation": "",
    "stage": 0
  },
  {
    "key": "*Ahem* <br>",
    "original": "*Ahem* <br>",
    "translation": "",
    "stage": 0
  },
  {
    "key": "I think you're fine now.",
    "original": "I think you're fine now.",
    "translation": "",
    "stage": 0
  },
  {
    "key": "Don't you have work to do?",
    "original": "Don't you have work to do?",
    "translation": "",
    "stage": 0
  },
  {
    "key": "OH!! <br>",
    "original": "OH!! <br>",
    "translation": "",
    "stage": 0
  },
  {
    "key": "I almost forgot.",
    "original": "I almost forgot.",
    "translation": "",
    "stage": 0
  },
  {
    "key": "See you tomorrow. <br>",
    "original": "See you tomorrow. <br>",
    "translation": "",
    "stage": 0
  },
  {
    "key": "Let's do more of this at the River~",
    "original": "Let's do more of this at the River~",
    "translation": "",
    "stage": 0
  },
  {
    "key": "Hell yeah!!!",
    "original": "Hell yeah!!!",
    "translation": "",
    "stage": 0
  }
]