[
  {
    "key": "Watch Intro",
    "original": "Watch Intro",
    "translation": "观看入场动画",
    "stage": 1
  },
  {
    "key": "Skip",
    "original": "Skip",
    "translation": "跳过",
    "stage": 1
  },
  {
    "key": "\\C[20]Auntie Daisy\\C[0]: \\C[3]+2\\C[0] <br>",
    "original": "\\C[20]Auntie Daisy\\C[0]: \\C[3]+2\\C[0] <br>",
    "translation": "\\C[20]黛西阿姨\\C[0]: \\C[3]+2\\C[0] <br>",
    "stage": 1
  },
  {
    "key": "\\C[20]Auntie Daisy\\C[0]: \\v[21]",
    "original": "\\C[20]Auntie Daisy\\C[0]: \\v[21]",
    "translation": "\\C[20]黛西阿姨\\C[0]: \\v[21]",
    "stage": 1
  },
  {
    "key": "\\C[2]Anna\\C[0]: \\C[3]+2\\C[0] <br>",
    "original": "\\C[2]Anna\\C[0]: \\C[3]+2\\C[0] <br>",
    "translation": "\\C[2]安娜\\C[0]: \\C[3]+2\\C[0] <br>",
    "stage": 1
  },
  {
    "key": "\\C[2]Anna\\C[0]: \\v[23]",
    "original": "\\C[2]Anna\\C[0]: \\v[23]",
    "translation": "\\C[2]安娜\\C[0]: \\v[23]",
    "stage": 1
  },
  {
    "key": "Me <br>",
    "original": "Me <br>",
    "translation": "我 <br>",
    "stage": 1
  },
  {
    "key": "This is my \\c[12]Phone\\c[0]. \\c[12]P\\c[0] is the \\c[2]Hotkey\\c[0]. There is some useful stuff in there.",
    "original": "This is my \\c[12]Phone\\c[0]. \\c[12]P\\c[0] is the \\c[2]Hotkey\\c[0]. There is some useful stuff in there.",
    "translation": "这是我的\\c[12]手机\\c[0]，里面有一些有用的功能。\\c[2]快捷键\\c[0]是\\c[12]P\\c[0]",
    "stage": 1
  },
  {
    "key": "I put it in \\c[12]Key Item\\c[0] in case if I need it.",
    "original": "I put it in \\c[12]Key Item\\c[0] in case if I need it.",
    "translation": "我把它放进\\c[12]关键物品\\c[0]中了",
    "stage": 1
  }
]