[
  {
    "key": "\\c[12]Tony\\c[0] <br>",
    "original": "\\c[12]Tony\\c[0] <br>",
    "translation": "\\c[12]托尼\\c[0] <br>",
    "stage": 1
  },
  {
    "key": "Hello, sir. How can I help you?",
    "original": "Hello, sir. How can I help you?",
    "translation": "你好，请问有什么事？",
    "stage": 1
  },
  {
    "key": "Thank you. Please come again.",
    "original": "Thank you. Please come again.",
    "translation": "谢谢，欢迎下次光临",
    "stage": 1
  },
  {
    "key": "\\C[2]Anna\\C[0] <br>",
    "original": "\\C[2]Anna\\C[0] <br>",
    "translation": "\\C[2]安娜\\C[0] <br>",
    "stage": 1
  },
  {
    "key": "I’m going to pick out some clothes.",
    "original": "I’m going to pick out some clothes.",
    "translation": "我要去选点衣服",
    "stage": 1
  },
  {
    "key": "You can do something else while you wait.",
    "original": "You can do something else while you wait.",
    "translation": "你可以先去做自己的事",
    "stage": 1
  },
  {
    "key": "Me <br>",
    "original": "Me <br>",
    "translation": "我 <br>",
    "stage": 1
  },
  {
    "key": "It’s OK. I came here with you, so I might as well be here.",
    "original": "It’s OK. I came here with you, so I might as well be here.",
    "translation": "没事，我就在这儿等你",
    "stage": 1
  },
  {
    "key": "That’s the spirit.",
    "original": "That’s the spirit.",
    "translation": "这样才好",
    "stage": 1
  },
  {
    "key": "Oh, that’s a cute dress. Give me a second, let me try it on.",
    "original": "Oh, that’s a cute dress. Give me a second, let me try it on.",
    "translation": "哦，真是条可爱的裙子，让我试试",
    "stage": 1
  },
  {
    "key": "How does this dress look?",
    "original": "How does this dress look?",
    "translation": "看起来怎么样？",
    "stage": 1
  },
  {
    "key": "Wow!",
    "original": "Wow!",
    "translation": "哇哦！",
    "stage": 1
  },
  {
    "key": "You look so nice and cute!",
    "original": "You look so nice and cute!",
    "translation": "真可爱！",
    "stage": 1
  },
  {
    "key": "Thank you, \\n[1]!",
    "original": "Thank you, \\n[1]!",
    "translation": "谢谢你，\\n[1]!",
    "stage": 1
  },
  {
    "key": "Aww, but it’s so expensive.",
    "original": "Aww, but it’s so expensive.",
    "translation": "啊哦，但是它有点贵",
    "stage": 1
  },
  {
    "key": "I can’t afford it.",
    "original": "I can’t afford it.",
    "translation": "我买不起",
    "stage": 1
  },
  {
    "key": "I’ll look for other clothes.",
    "original": "I’ll look for other clothes.",
    "translation": "我找找其他的衣服吧",
    "stage": 1
  },
  {
    "key": "I will buy it for you.",
    "original": "I will buy it for you.",
    "translation": "没事，我买给你",
    "stage": 1
  },
  {
    "key": "Really!?",
    "original": "Really!?",
    "translation": "真的？！",
    "stage": 1
  },
  {
    "key": "Of course!!!",
    "original": "Of course!!!",
    "translation": "那当然！！",
    "stage": 1
  },
  {
    "key": "But I didn't bring enough money, I will buy it for you later.",
    "original": "But I didn't bring enough money, I will buy it for you later.",
    "translation": "但我现在没带够钱，晚点我再买给你",
    "stage": 1
  },
  {
    "key": "Thank you so much, \\n[1]!",
    "original": "Thank you so much, \\n[1]!",
    "translation": "你真是太好了，\\n[1]！",
    "stage": 1
  },
  {
    "key": "Damn! These things are so expensive. Like three for four times normal.",
    "original": "Damn! These things are so expensive. Like three for four times normal.",
    "translation": "我去！怎么这里的衣服这么贵，比外面贵三四倍！",
    "stage": 1
  },
  {
    "key": "But if it makes them happy, it's worth it.",
    "original": "But if it makes them happy, it's worth it.",
    "translation": "但能让他们开心，也值了",
    "stage": 1
  },
  {
    "key": "I want to buy Auntie a dress too. For taking care of me.",
    "original": "I want to buy Auntie a dress too. For taking care of me.",
    "translation": "我还想给阿姨买件裙子，感谢她对我那么体贴",
    "stage": 1
  },
  {
    "key": "That’s really generous of you.",
    "original": "That’s really generous of you.",
    "translation": "你真好",
    "stage": 1
  },
  {
    "key": "How about we surprise her at dinner?",
    "original": "How about we surprise her at dinner?",
    "translation": "在晚餐上给她个惊喜如何？",
    "stage": 1
  },
  {
    "key": "That's a great idea!",
    "original": "That's a great idea!",
    "translation": "棒极了！",
    "stage": 1
  },
  {
    "key": "I bet mom will be amazed and love it!",
    "original": "I bet mom will be amazed and love it!",
    "translation": "妈妈会爱上你的！",
    "stage": 1
  }
]