[
  {
    "key": "gameTitle",
    "original": "gameTitle",
    "translation": "我的乡村日常生活",
    "stage": 1
  },
  {
    "key": "locale",
    "original": "locale",
    "translation": "zh_CN",
    "stage": 1
  },
  {
    "key": "Fight",
    "original": "Fight",
    "translation": "打架",
    "stage": 1
  },
  {
    "key": "Escape",
    "original": "Escape",
    "translation": "离开",
    "stage": 1
  },
  {
    "key": "Attack",
    "original": "Attack",
    "translation": "攻击",
    "stage": 1
  },
  {
    "key": "Guard",
    "original": "Guard",
    "translation": "防守",
    "stage": 1
  },
  {
    "key": "Item",
    "original": "Item",
    "translation": "物品",
    "stage": 1
  },
  {
    "key": "Skill",
    "original": "Skill",
    "translation": "技能",
    "stage": 1
  },
  {
    "key": "Equip",
    "original": "Equip",
    "translation": "装备",
    "stage": 1
  },
  {
    "key": "Status",
    "original": "Status",
    "translation": "状态",
    "stage": 1
  },
  {
    "key": "Formation",
    "original": "Formation",
    "translation": "形态",
    "stage": 1
  },
  {
    "key": "Save",
    "original": "Save",
    "translation": "保存",
    "stage": 1
  },
  {
    "key": "Game End",
    "original": "Game End",
    "translation": "游戏结束",
    "stage": 1
  },
  {
    "key": "Options",
    "original": "Options",
    "translation": "选项",
    "stage": 1
  },
  {
    "key": "Weapon",
    "original": "Weapon",
    "translation": "武器",
    "stage": 1
  },
  {
    "key": "Armor",
    "original": "Armor",
    "translation": "盔甲",
    "stage": 1
  },
  {
    "key": "Key Item",
    "original": "Key Item",
    "translation": "关键物品",
    "stage": 1
  },
  {
    "key": "Optimize",
    "original": "Optimize",
    "translation": "优化",
    "stage": 1
  },
  {
    "key": "Clear",
    "original": "Clear",
    "translation": "清除",
    "stage": 1
  },
  {
    "key": "New Game",
    "original": "New Game",
    "translation": "新游戏",
    "stage": 1
  },
  {
    "key": "Continue",
    "original": "Continue",
    "translation": "继续",
    "stage": 1
  },
  {
    "key": "To Title",
    "original": "To Title",
    "translation": "返回标题",
    "stage": 1
  },
  {
    "key": "Cancel",
    "original": "Cancel",
    "translation": "取消",
    "stage": 1
  },
  {
    "key": "Buy",
    "original": "Buy",
    "translation": "购买",
    "stage": 1
  },
  {
    "key": "Sell",
    "original": "Sell",
    "translation": "出售",
    "stage": 1
  }
]