{
  "Map002.json": "学校入口",
  "Map004.json": "黛西的房子",
  "Map005.json": "黛西的房子二楼",
  "Map007.json": "我的房间",
  "Map008.json": "黛西的房间",
  "Map009.json": "安娜的房间",
  "Map010.json": "黛西的农场",
  "Map011.json": "黛西的谷仓",
  "Map017.json": "学校",
  "Map018.json": "学校一层",
  "Map019.json": "学校二层",
  "Map020.json": "学校三层",
  "Map021.json": "学校天台",
  "Map022.json": "学校一层左侧走廊",
  "Map023.json": "学校一层右侧走廊",
  "Map024.json": "学校二层左侧走廊",
  "Map025.json": "学校二层右侧走廊",
  "Map026.json": "学校三层左侧走廊",
  "Map027.json": "学校三层右侧走廊",
  "Map028.json": "学校庭院",
  "Map029.json": "学校泳池",
  "Map030.json": "学校旧医务室",
  "Map031.json": "我的教室",
  "Map032.json": "杜伊的农场",
  "Map033.json": "埃米的办公室",
  "Map034.json": "贝蒂的办公室",
  "Map036.json": "教师卫生间",
  "Map037.json": "手机",
  "Map040.json": "阿黛拉的办公室",
  "Map041.json": "校长卫生间",
  "Map043.json": "床室",
  "Map044.json": "走廊",
  "Map045.json": "秘密小径",
  "Map046.json": "大厅",
  "Map047.json": "便利店",
  "Map048.json": "森林",
  "Map049.json": "迷失森林小路",
  "Map050.json": "迷失森林",
  "Map051.json": "森林深处",
  "Map052.json": "埃尔珐芭的房子",
  "Map054.json": "杜伊的农场",
  "Map055.json": "黄瓜迷宫",
  "Map056.json": "葡萄农场",
  "Map057.json": "体育场背后",
  "Map059.json": "服装店",
  "Map060.json": "铁匠铺",
  "Map061.json": "河流",
  "Map062.json": "埃克的房子",
  "Map067.json": "校男卫生间",
  "Map068.json": "校女卫生间",
  "Map069.json": "外出课",
  "Map070.json": "教师卫生间"
}