{
  "Tony": "托尼",
  "Joyce": "乔伊丝",
  "Kate": "凯特",
  "Ms. Kate": "凯特小姐",
  "Mrs. Kate": "凯特女士",
  "Santie": "珊迪",
  "Tana": "塔娜",
  "Ek": "埃克",
  "Theo": "希奥",
  "Douie": "杜伊",
  "Adeera": "阿黛拉",
  "Mrs. Adeera": "阿黛拉女士",
  "Pony": "波妮",
  "Elphaba": "埃尔珐芭",
  "Danesia": "达奈希娅",
  "Swimming Club Mob": "游泳部众人",
  "Ebony Girls": "骨感女孩",
  "Daisy": "黛西",
  "Susan": "苏珊",
  "Ms. Susan": "苏珊小姐",
  "Korona": "科罗娜",
  "Tanned Girl": "黑肤女孩",
  "Aunt Daisy": "黛西阿姨",
  "Brad": "布拉德",
  "Emmi": "埃米",
  "Ms. Emmi": "埃米小姐",
  "Cindy": "辛迪",
  "School Courtyard Mob": "庭院众人",
  "Pixie": "皮可茜",
  "Swimming Club Points": "游泳部点数",
  "Carter": "卡特",
  "Mr. Carter": "卡特先生",
  "Mae": "梅",
  "Maleena": "玛丽娜",
  "Mabel": "梅布尔",
  "Nina": "妮娜",
  "Mom": "妈妈",
  "Aunt Douie": "杜伊阿姨",
  "Marie": "玛丽",
  "Auntie Daisy": "黛西阿姨",
  "Teddy": "泰迪",
  "Betty": "贝蒂",
  "Ms. Betty": "贝蒂小姐",
  "Lily": "莉莉",
  "Anna": "安娜",
  "Ms. Megan": "梅根小姐",
  "Kayla": "凯拉"
}