{
  "Potion": "药水",
  "Magic Water": "魔法水",
  "Dispel Herb": "冷静草",
  "Stimulant": "春药",
  "Contain fresh milk.\n\\c[3]+5\\c[0] \\c[1]Stamina\\c[0]": "装着鲜牛奶。\n\\c[3]+5\\c[0]\\c[1]体力\\c[0]",
  "Bottle of Milk": "牛奶瓶",
  "Contain fresh milk.": "装着鲜牛奶",
  "Bottle of Milk (Quest)": "牛奶瓶（任务）",
  "Dirty clothes.\nShould put them in the basket in the bathroom.": "脏衣服\n我该把他们放进浴室的篮子里",
  "Dirty Clothes (Quest)": "脏衣服（任务）",
  "A little bit different from other pine. \nUsed for making the \\c[2]Christmas Tree\\c[0].": "和其它松树有点儿不同\n可以用来做\\c[2]圣诞树\\c[0]",
  "Pine": "松树",
  "My handy dandy phone.": "我的小手机",
  "Phone": "手机",
  "\\C[20]Auntie Daisy\\C[0]'s Axe.\nDon't know what she have it for.": "\\C[20]黛西阿姨\\C[0]的斧头。\n不知道她拿来做什么",
  "Daisy's Axe": "黛西的斧头",
  "Tiny dust made by Flower Fairies.\nUsed for making things smaller.": "花仙子的迷你粉\n用来让东西变小",
  "Tiny Miny Mini Dust": "迷你粉",
  "Lesbian porn Magzine Vol 1.": "女同色情杂志 第1册",
  "Lesbian Porn Mag Vol 1": "女同色情杂志 第1册",
  "School Hammer. Stealing is prohibited.": "校用锤子，禁止偷窃",
  "School Hammer (Quest)": "校用锤子（任务）",
  "Fixing the floor necessary items.": "修地板必需品",
  "Nails (Quest)": "钉子（任务）",
  "Fixing the floor necessary item.": "修地板必需品",
  "Wooden Plank (Quest)": "木板（任务）",
  "Lesbian porn Magzine Vol 2.": "女同色情杂志 第2册",
  "Lesbian Porn Mag Vol 2": "女同色情杂志 第2册",
  "Contain Lady's dress and accessories.": "装着夫人长裙与首饰",
  "Lady Box": "夫人的盒子",
  "New Clothes ": "新衣服",
  "Contains blessed water. \nThe use for spiritual cleansing.": "装着圣水\n可以净化灵魂",
  "Holy Water": "圣水",
  "Contains tea.": "装着茶水",
  "Tea": "茶",
  "Wine bottle. \nIt looks pretty old. ": "酒杯\n看起来很古老",
  "Wine": "酒",
  "It can be used for something or eaten directly\n\\c[3]+10\\c[0] \\c[1]Stamina\\c[0]": "可以用来做什么，或者直接吃掉\n\\c[3]+10\\c[0]\\c[1]体力\\c[0]",
  "Pudding": "布丁",
  "Looks very expensive. \nMaybe it's not just a normal necklace.": "看起来很贵\n应该不是什么普通项链",
  "Elphaba's Gift": "埃尔珐芭的礼物",
  "Sunscreen Oil but with Secret Ingredients.\nThis will bring pleasure to both her and yourself.": "添加了秘密配方的防晒霜\n对你和她都好",
  "Lover Oil": "爱之油",
  "Organic special formula.": "有机特殊配方",
  "Hot Oil": "火辣油",
  "Summer Dress.": "夏季长裙",
  "Dress": "裙子",
  "A bag of \\I[282]Turnip seeds. \nDays to grow: 5.": "一包\\I[282]芜菁种子\n需要5日成长",
  "Turnip Seeds": "芜菁种子",
  "A bag of \\I[283]Potato seeds. \nDays to grow: 8.": "一包\\I[283]土豆种子\n需要8日成长",
  "Potato Seeds": "土豆种子",
  "A bag of \\I[284]Cucumber seeds. \nDays to grow: 10. Days to Re-grow: 5.": "一包\\I[284]黄瓜种子\n需要10日成长，5日重新成长",
  "Cucumber Seeds": "黄瓜种子",
  "A bag of \\I[285]Corn seeds. \nDays to grow: 15. Days to Re-grow: 4.": "一包\\I[285]玉米种子\n需要15日成长，4日重新成长",
  "Corn Seeds": "玉米种子",
  "Can be used to open Daisy's room.": "可以打开黛西的卧室",
  "Daisy's Room Keys": "黛西卧室钥匙",
  "Contains enough tools that you can freely \ndecorate or repair on your own.": "装着许多工具\n供你自行使用",
  "DIY Tools": "DIY工具",
  "All you need to know to stimulate a female's body.": "你只用知道怎么让女人感到舒服就够了",
  "Adult Massage Book": "成人按摩书",
  "Lesbian porn Magzine Vol 3.": "女同色情杂志 第3册",
  "Lesbian Porn Mag Vol 3": "女同色情杂志 第3册",
  "A book from another World": "另一个世界的书",
  "Fantasy Book": "奇幻书",
  "An adult book. Only for nobles": "成人杂志，贵族专享",
  "TeacherXStudent Book": "老师x学生 成人本",
  "It can be used for something or eaten directly\n\\c[3]+5\\c[0] \\c[1]Stamina\\c[0]": "可以拿来做些什么，或者直接吃掉\n\\c[3]+5\\c[0] \\c[1]体力\\c[0]",
  "Bubble Tea": "泡泡茶",
  "Coffee": "咖啡",
  "Can be eaten raw or used as an ingredient.\n\\c[3]+2\\c[0] \\c[1]Stamina\\c[0]": "可以拿来做些什么，或者直接吃掉\n\\c[3]+2\\c[0] \\c[1]体力\\c[0]",
  "Turnip": "芜菁",
  "Can be eaten raw or used as an ingredient.\n\\c[3]+3\\c[0] \\c[1]Stamina\\c[0]": "可以拿来做些什么，或者直接吃掉\n\\c[3]+3\\c[0] \\c[1]体力\\c[0]",
  "Potato": "土豆",
  "Cucumber": "黄瓜",
  "Corn": "玉米",
  "Can be eaten raw or used as an ingredient.\n\\c[3]+20\\c[0] \\c[1]Stamina\\c[0]": "可以拿来做些什么，或者直接吃掉\n\\c[3]+20\\c[0] \\c[1]体力\\c[0]",
  "Honey": "蜂蜜",
  "Obtained from cutting Tree Stumps\n": "砍树桩获得\n",
  "Wood": "木材",
  "Obtained from smashing Bluish Rocks\n": "砸烂蓝石头获得\n",
  "Stone": "石材",
  "Used for Building or Crafting": "用来造东西",
  "Nails": "钉子",
  "Used for hoeing or destroying seeds.\n\\c[10]-3\\c[0] \\c[1]Stamina\\c[0]": "用来锄地或除掉种子\n\\c[10]-3\\c[0] \\c[1]体力\\c[0]",
  "Hoe": "锄头",
  "Used for removing grasses or crops.\n\\c[10]-3\\c[0] \\c[1]Stamina\\c[0]": "用来除草或收割庄稼\n\\c[10]-3\\c[0] \\c[1]体力\\c[0]",
  "Sickle": "镰刀",
  "Used for planting seeds or harvesting.\n\\c[10]-3\\c[0] \\c[1]Stamina\\c[0]": "用来种地或收庄稼\n\\c[10]-3\\c[0] \\c[1]体力\\c[0]",
  "Glove": "手套",
  "Used for watering crops. \\c[10]-3\\c[0] \\c[1]Stamina\\c[0]\nWater Left: \\c[1]\\v[205]/16\\c[0] <br>": "用来浇水\n\\c[10]-3\\c[0] \\c[1]体力\\c[0]\n剩余水量: \\c[1]\\v[205]/16\\c[0] <br>",
  "Water Can": "水罐",
  "Used for cutting Tree Stumps\n\\c[10]-3\\c[0] \\c[1]Stamina\\c[0]": "用来砍树桩\n\\c[10]-3\\c[0] \\c[1]体力\\c[0]",
  "Axe": "斧头",
  "Used for smashing Rocks\n\\c[10]-3\\c[0] \\c[1]Stamina\\c[0]": "用来砸石头\n\\c[10]-3\\c[0] \\c[1]体力\\c[0]",
  "Hammer": "锤子",
  "\\C[20]Ek\\c[0]'s Great, Great Grandfather's Axe \nLegend says it was used to defend from the Evil Force": "\\C[20]埃克\\c[0]的曾曾祖父的斧头\n传说曾经用来抵御黑暗力量",
  "Broken Axe": "坏斧子",
  "A workbench for building buildings or crafts\nChoose a location and place it": "用来造建筑或制作物品的工作台\n找个地方放下吧",
  "Workbench Scroll": "工作台卷轴",
  "A Bee House for Bees to live in\nChoose a location and place it": "让蜜蜂住进去\n找个地方放下吧",
  "Bee House Scroll": "蜂箱卷轴",
  "Materials required:\n\\I[295]Woods: 30|\\I[305]Stones: 15|\\I[297]Nails: 30": "需要材料\n\\I[295]木材: 30|\\I[305]石材: 15|\\I[297]钉子: 30",
  "Bee House Blueprint": "蜂箱蓝图"
}