{
  "Me <br>": "我 <br>",
  "It's just a joke! I can explain!": "我只是开个玩笑！听我解释",
  "\\c[25]Kayla\\c[0] <br>": "\\c[25]凯拉\\c[0] <br>",
  "Take off his clothes maybe he is someone's spy coming to watch on us!": "把他衣服脱了！他身上可能藏了什么东西！",
  "As I expected, he carried a gun!": "哼哼，他果然带了把枪",
  "We got a big gun!!!": "真是把大枪啊！！",
  "God damn! Look at this butt!": "老天！看看这屁股！",
  "Mmm...": "嗯……",
  "He could jam me all night!": "他能干我一整晚！",
  "\\c[20]Imani\\c[0] <br>": "\\c[20]Imani\\c[0] <br>",
  "Whoa!!!": "哇哦！！",
  "It's way bigger than before. Do you think you can handle it?": "变得更大了，你能受得了吗？",
  "You won't know if you don't try it!": "不试试怎么知道！",
  "Hey! Are you guy serious!?": "嘿！你们认真的吗？！",
  "Oh shit!!!": "我去！！",
  "Shut up! We're the gang.": "闭嘴！这儿没你说话的份",
  "You can't get out of here until every last drop.": "不把你最后一滴榨个干净，你别想走了",
  "That's... sounds good to me...": "呃……听上去还行……",
  "Oh my god! How can you swallow it so deeply?": "老天！你怎么能含这么深？",
  "Faster": "更快点",
  "Oh shit! It's amazing!": "哦老天！感觉好奇妙！",
  "I don't think I can hold it anymore!": "我忍不住了！",
  "God damn! My throat hurts.": "我去！我喉咙都疼了",
  "Cum": "射精",
  "I'm cumming!!!": "我要射了！！",
  "At least some warning, you jerk!": "你这蠢货，能不能提前说一声！",
  "This is my first time crying and it's because of a dick.": "这还是我第一次被鸡巴搞出眼泪来",
  "He-he! You did this to yourself.": "嘿嘿！你自找的",
  "It's my turn. I can't hold it anymore!": "该我了，我已经忍不下去了！",
  "Hey! What are you doing?": "嘿！你要干什么？",
  "Wait! Are you for real!?": "等等！你认真的吗？！",
  "Aren't we just scaring him? You're going a bit too far.": "我们不是就吓吓他吗？你做的有点过了",
  "That thing will send you to Jesus!": "这会把你搞上天的！",
  "I know but I can't resist it.": "我知道，但我忍不住",
  "His dick is too attractive for me!": "他的鸡巴太诱人了！",
  "I just want to put it in.": "我只想插进去",
  "Well, I'm waiting!": "嗯哼，我等着呢！",
  "You're out of your damn mind!": "你疯了吧！",
  "You will get knocked off. Put a condom on at least.": "你会怀孕的，至少带个套吧",
  "Don't worry, I'll pull it out before he ejaculates.": "没事，我会及时拔出来的",
  "Urrgghhh!!!": "嗯啊啊！！",
  "Oh-my-fucking-god!": "哦-我的-老天！",
  "God damn! Are you okay!?": "我去！你没事吧？！",
  "Hah-hah! I'm fine...": "哈啊……我没事……",
  "My body is all numb and it feels so good!": "我身子都麻了，但感觉好舒服……",
  "It's so big and hot! I can't wait anymore!": "太刺激了，我忍不住了！",
  "Holy shit! It's so hot!": "我去！这也太刺激了！",
  "I’m dripping wet.": "我又湿了",
  "Hah-hah! It's amazing!": "哈哈！太棒了！",
  "I can't get enough of this! I’m about to explode!!!": "我受不了了！我要爆射了！！",
  "Damn! I can't hold it anymore!": "老天，我一点也忍不了了！",
  "Oh yes! Make me cum, baby!": "哦耶！干死我吧！",
  "I'm so turn on! I can't wait to try your cock after this!": "我已经湿的一塌糊涂了！我也等不及想试试你的鸡巴了！",
  "I'm cumming! and I want to make it deep!!!": "我要高潮了！我想插得再深一些！！",
  "Pull it out, girl! He's almost bursting out!": "快拔出来！他要射了！！",
  "I...": "我……",
  "I can't... It's so good...": "我不要……感觉好爽……",
  "Holy shit, I’m cumming.": "老天，我要射了",
  "Do it inside me!!!": "射在我里面！！",
  "Grgghhh!!!": "呃嗯啊啊！！",
  "Arghh!!!": "啊啊！！",
  "Phew! That's so satisfying!!!": "呼！真是太过瘾了！！",
  "Hah-hah! ": "哈哈！",
  "It's my turn! I need your cock! ": "该我了！让我坐上去试试！",
  "\\c[25]Kayla\\c[0]...": "\\c[25]Kayla\\c[0]……",
  "What is it?": "怎么了？",
  "T-Take... me to the infirmary room...": "带-带我……去医务室……",
  "I don't feel so well...": "我没力气了……",
  "Holy crap! I already told, this is suicide...": "我去！我说过你简直不要命了……",
  "End": "结束",
  "Gulps...": "*咽口水*",
  "Hope everything is okay!": "希望她没事！",
  "Man! They are so hot!": "我去！她们可真够给力的！",
  "I want to do more things with them...": "我还想再做一次……"
}