{
  "\\C[20]Auntie Daisy\\C[0] <br>": "\\C[20]黛西阿姨\\C[0] <br>",
  "It was super good.": "太棒了",
  "Thank you very much, Sweetie.": "谢谢你，小甜心",
  "*Yawn*": "*哈欠*",
  "It's getting late. You better go to bed now sweetie.": "有点太晚了，你该回去睡觉了",
  "And sleep well, Sweatie!": "做个好梦，亲爱的！",
  "Me <br>": "我 <br>",
  "Oh, okay, good night Auntie!": "好，晚安阿姨！",
  "\\C[20]Auntie Daisy\\C[0]: \\C[3]+2\\C[0] <br>": "\\C[20]黛西阿姨\\C[0]: \\C[3]+2\\C[0] <br>",
  "\\C[20]Auntie Daisy\\C[0]: \\v[21]": "\\C[20]黛西阿姨\\C[0]: \\v[21]"
}