{
  "Me <br>": "我 <br>",
  "AAhhh!!!": "啊啊啊！！！",
  "??? <br>": "",
  "H...elp... me...": "帮……我……",
  "Shiiiiit!!!": "我去去去去去！！！",
  "I can't move!": "我动不了了！",
  "I can't feel my body!!!": "我感觉不到身子了！！！",
  "URGhhh!!": "呃啊啊啊！！",
  "I can't breathe. <br>": "我没法呼吸了<br>",
  "My neck feels like it's tied with a rope!!": "感觉像有绳子勒住脖子一样！！",
  "Hah hah...": "哈哈……",
  "It's gone...": "可算走了……",
  "Where is it!?": "它去哪了？！",
  "Just like \\C[3]Elphaba\\C[0]'s servant said, <br>": "就像\\C[3]埃尔珐芭\\C[0]的仆人说的<br>",
  "it just wants to play me like a rag doll.": "她玩我就像玩洋娃娃一样"
}