{
  "1": "",
  "2": "",
  "3": "",
  "4": "",
  "5": "",
  "6": "",
  "end": "结束",
  "7": "",
  "8": "",
  "9": "",
  "Help": "帮助",
  "Next": "继续",
  "dsa": "",
  "1 <br>": "",
  "2 <br>": "",
  "3 <br>": "",
  "4 <br>": "",
  "5 <br>": "",
  "6 <br>": "",
  "7 <br>": "",
  "8 <br>": "",
  "9 <br>": "",
  "10 <br>": "",
  "11 <br>": "",
  "12 <br>": "",
  "13 <br>": "",
  "14 <br>": "",
  "15 <br>": "",
  "16 <br>": "",
  "17 <br>": "",
  "18 <br>": "",
  "19 <br>": "",
  "20 <br>": "",
  "21": ""
}