{
  "Me <br>": "我 <br>",
  "Phew! That took longer than I expected it to.": "呼！收拾起来还挺麻烦",
  "At this table, I can do my homework.": "我可以在桌子这儿写作业",
  "Or use my Laptop to chat with people. I can also search online for things to buy.": "也可以用电脑找人聊天，或是上网买点东西",
  "This is my gaming console, here I can play games.": "我可以在主机这儿玩游戏",
  "There's a DVD player too.": "这儿也有个DVD播放器",
  "That should be all of it.": "就这么多",
  "I'm all sweaty now though, It's time to take a much needed bath.": "我全身都是汗，该去洗个澡了",
  "It's the first day going to school here. Better hurry!": "今天是我第一天去上学，最好快点！",
  "Watch": "观看",
  "Skip": "跳过",
  "Sleep": "睡觉",
  "Dream": "做梦",
  "": "",
  "Leave": "离开",
  "Oh wow, a convenience store. <br>": "哇哦，便利店<br>",
  "How... convenient...": "真……便利啊……",
  "Glad no one heard that.": "还好没人听见",
  "Time for coffee!": "该喝咖啡了！",
  "What is better than a cup of coffee before going to bed!?": "还有什么比上床前喝一杯咖啡更好的事？",
  "\\C[25]Aunt Douie\\C[0] <br>": "\\C[25]杜伊阿姨\\C[0] <br>",
  "Do you like it?": "你喜欢吗？",
  "\\C[2]Mr. Carter\\C[0] <br>": "\\C[2]卡特先生\\C[0] <br>",
  "You are the shiniest star in the sky tonight, honey!": "你是我夜空中最亮的星，宝贝！",
  "Don't you think our job is too complicated for \\C[20]Mae\\C[0]? She's just a girl. ": "我们干的事对\\C[20]梅\\C[0]来说是不是太复杂了？他只是个小孩儿",
  "\\C[20]Mae\\C[0] <br>": "\\C[20]梅\\C[0] <br>",
  "I'm okay with it. Just said you just want a fuck.": "我无所谓，你就说想做爱就行",
  "I'm too tired, honey...": "我太累了，宝贝……",
  "My head is still spinning after a few glasses of wine with my business partner.": "我刚应酬回来，头晕的不行",
  "He's a rusty old machine, mom.": "他已经生锈了，妈妈",
  "Maybe he used his remaining oil in another field.": "他可能把润滑油用在其他地方了",
  "Shut up, \\C[20]Mae\\C[0]!": "闭嘴，\\C[20]梅\\C[0]!",
  "Do you want to feel my wrath?": "想让我发火吗？",
  "Okay, okay!": "好吧好吧",
  "She's just a little kid, honey!": "他只是个小孩儿，亲爱的！",
  "She didn't even know what was breaking out of her mouth. ": "她都不知道自己说了什么",
  "Don't listen to her.": "别听她的",
  "Why are you so stuttering?": "你支支吾吾什么？",
  "End": "结束",
  "(It's morning...)": "(早上了……)",
  "Sleep more": "再睡一会",
  "Wake up": "起床",
  "\\C[2]Anna\\C[0] <br>": "\\C[2]安娜\\C[0] <br>",
  "Hey, \\n[1]!": "嘿，\\n[1]",
  "I’m going shopping for some clothes. Want to come with?": "我想去买点衣服，你来吗？",
  "No. I want to sleep.": "算了，我想睡懒觉",
  "Come on.": "来嘛",
  "Hurry up and get dressed.": "赶快起床穿衣服",
  "OK, OK. I’ll meet you outside.": "好好好，你去外面等我",
  "Give me a few more minutes...": "给我点时间……",
  "Hey, \\n[1]! Me and mom are going fishing, you want to come?": "嘿，\\n[1]，我和妈妈想去钓鱼，你来吗？",
  "Hmm... snow falls on the maple leaves...": "嗯……下雪了……",
  "\\n[1]! Wake up already!": "\\n[1]！快起床",
  "The mountains roar like a distant clap of thunder...": "大山在咆哮，像打雷一样……",
  "I’m taking off my clothes.": "我要脱你衣服了",
  "I’m up, I’m up!": "我醒了！我醒了！",
  "Ha-ha! We are going to have a picnic. Do you want to go?": "哈哈！我们要去野餐了，你来吗？",
  "Hell yeah!!!": "那必须的！！",
  "We'll be waiting for you downstair. Hurry your ass up!": "我们在楼下等你，赶快点！",
  "(Urghh... <br>": "(呃……<br>",
  "Wha- What's happened?)": "什么情况？)",
  "(Did I leave the TV on? <br>": "(我没关电视吗？<br>",
  "I don't remember watching TV before going to bed...)": "我记不起来上床前关没关电视了……)",
  "...": "",
  "(I can't move!)": "(我动不了了！)",
  "(W-What!!!)": "(什-什么！！)",
  "(Wh- Who's that??)": "(那-那是谁？？)",
  "??? <br>": "",
  "Nnngghhh...": "嗷嗷嗷……",
  "(A ghost!?!)": "(闹鬼了？！)",
  "(WOAH!)": "(我去！)",
  "(I'll never get used to how scary she is.)": "(我都没想过她有多吓人)",
  "(Urghh! My dick is so sensitive!)": "(呃嗯啊，我的鸡鸡好敏感！)",
  "(This is so scary! I should probably pretend I'm still sleeping...)": "(太吓人了！我还是装作睡着了吧……)",
  "(Hah hah... It feels so good...)": "(哈啊……感觉好舒服……)",
  "(Kinda weird... <br>": "(感觉有点奇怪……<br>",
  "Her skin is so cold, and kinda clammy <br>": "她的皮肤好冷，有点湿漉漉的<br>",
  "but inside is so hot like an oven!)": "但她体内热得像炉子！)",
  "(How many times I have come!?)": "(我到底射了多少次了？！)",
  "(I can't even feel my dick but it can't hide the pleasure from her pussy wrapping around my dick...)": "(我已经感觉不到我的鸡鸡了，但我挡不住她小穴紧紧吸着我……)",
  "(... It's so slippery and tight...)": "(... 真的又紧又湿又滑 ...)",
  "Faster": "再快点",
  "(URGHh!!!)": "(呃啊！！)",
  "(Woah, what a pace! Isn't she tired?)": "(哇哦，好快啊！她不会累的吗？)",
  "Mmnnnn...": "姆嗯……",
  "(Oh right, she's not even alive)": "(我在说什么，她都不是活人)",
  "Cum": "射精",
  "(It feels so good! <br>": "(感觉太舒服了！<br>",
  "I think I'm almost there!!!)": "我快要忍不住了！！！)",
  "(I can't hold it anymore!!!)": "(我要射了！！)",
  "(I can feel my life force being drained... I'm so sleepy...)": "(我感觉快被她吸干了……好困……)",
  "Hey, \\n[1]! Wake up! It's already morning.": "嘿\\n[1]！快起床！太阳晒屁股了",
  "... Five more minutes...": "... 再睡五分钟 ...",
  "Hurry! You will be late for school.": "赶快！上学要迟到了",
  "Eekkk!!!": "诶呀！",
  "What are you doing!?": "你干嘛！？",
  "I just wanted to wake you up.": "我想把你弄起来",
  "Then why did you slap my dick? It freaked me out.": "那你扇我的小鸡鸡干嘛？吓我一跳",
  "Are you okay?": "你没事吧？",
  "I'm really sorry! I thought it was your leg.": "对不起！我以为是你的",
  "I'm fine.": "",
  "Luckily, it didn't hit my ball.": "",
  "Just pay more focus next time.": "",
  "My legs aren't that big.": "",
  "You've already woken up.": "",
  "Let's go to school together!": "",
  "Wait for me, I need to get dressed.": "",
  "Why are you still here? Get out.": "",
  "He-he. I want to see your pee pee. ": "",
  "I don't think it's that big.": "",
  "What!? you little pervert. ": "",
  "Hurry! I need to get dressed. Didn't you say we'll be late for school?": "",
  "Okay, okay.": "",
  "Man, this is so embarrassing.": "",
  "Why are you holding my hand? Everyone's watching us!": "",
  "Doesn't everyone do this? It's so fun.": "",
  "No, you pinhead.": "",
  "\\C[2]Anna\\C[0]: \\C[3]+5\\C[0] <br>": "\\C[2]安娜\\C[0]: \\C[3]+5\\C[0] <br>",
  "\\C[2]Anna\\C[0]: \\v[23]": "\\C[2]安娜\\C[0]: \\v[23]",
  "Hey, \\n[1]! Wake...": "",
  "Huh!?": "",
  "He said it was his pee pee but I don't believe it. It's way too big than the time I saw it when we took a bath together.": "",
  "I don't know why he didn't let me see it. He would be sleeping for a while, I guess it should be okay to check it out.": "",
  "He-he. There's only one way to find out.": "",
  "Here go!": "",
  "Whoa!": "",
  "It's like ten times bigger than the last time I saw it.": "",
  "It's so big that I can't hold it all with my hand.": "",
  "Ha-ha. Playing with it is fun.": "",
  "Next": "",
  "Wait. It is way bigger which means it will have more milk. ": "",
  "Mmm...": "",
  "!!!": "",
  "Looks like he's still sleeping.": "",
  "I should do it faster, he seems to wake up any second.": "",
  "It's so fun, feel like I'm licking a lollipop.": "",
  "Why there isn't any milk coming out yet?": "",
  "Ahh!!!": "",
  "Ugh... It came out so sudden. They are all over my face now... so sticky...": "",
  "Its smell is so strong.": "",
  "It's still leaking out...": "",
  "The smell is stronger than it would be... Smell like cheese...": "",
  "Erm...": "",
  "\\C[2]Anna\\C[0]. What are you doing here?": "\\C[2]安娜\\C[0]. What are you doing here?",
  "Good morning! I came to wake you up.": "",
  "Oh, thanks!": "",
  "It's morning, you should hurry.": "",
  "Okay.": "",
  "?": "",
  "There's toothpaste on your face.": "",
  "Ha-ha. Thanks!": "",
  "He is still sleeping.": "",
  "He-he.": "",
  "It's so big!": "",
  "I should be careful it will shoot out at any moment.": "",
  "Smell like cheese...": "",
  "\\C[2]Anna\\C[0]. Were you here to wake me up?": "\\C[2]安娜\\C[0]. Were you here to wake me up?",
  "There's toothpaste on your face again. You clumsy pussy.": "",
  "\\C[2]Anna\\C[0]: \\C[3]+2\\C[0] <br>": "\\C[2]安娜\\C[0]: \\C[3]+2\\C[0] <br>",
  "Uhmmm...": "",
  "GAhhh!!": "",
  "\\C[3]Pixie\\c[0]!!!": "\\C[3]皮可茜\\c[0]!!!",
  "What are you doing? <br>": "",
  "You're blocking my nose. I can't breathe!!!": "",
  "\\C[3]Pixie\\c[0] <br>": "\\C[3]皮可茜\\c[0] <br>",
  "Hihihi!": "",
  "It's so early in the morning...": "",
  "Damn! <br>": "",
  "She smells so nice. ": "",
  "Her scent keeps coming into my nose and stimulating my brain.": "",
  "Your behavior is bad.": "",
  "For waking my sleep anger, you need to be punished.": "",
  "Kyaa~": "",
  "Stop! I didn't mean no harm!!!": "",
  "Too late!!!": "",
  "Your sentence is licking to death.": "",
  "Ahhh~": "",
  "It's so cold!!": "",
  "Wow! <br>": "",
  "She is so squishy... <br>": "",
  "Feel like no bones at all or more like tender meat.": "",
  "The texture is simply amazing!!!": "",
  "Her small tit is so elastic, <br>": "",
  "it's so nice to lick. <br>": "",
  "I can play with it all day!": "",
  "You're weirdly tasty, \\C[3]Pixie\\c[0].": "You're weirdly tasty, \\C[3]皮可茜\\c[0].",
  "Your small tit is so elastic, <br>": "",
  "Hahaha!!!": "",
  "Stop!! <br>": "",
  "It's so tickled!!!": "",
  "Why did you stop?": "",
  "I just thought about something pretty cool.": "",
  "You can make yourself bigger, right?": "",
  "Yes?": "",
  "Can you make your tits bigger only?": "",
  "I don't know. <br>": "",
  "I've never tried it before.": "",
  "But if you already ask, <br>": "",
  "It kinda awakening my curiosity.": "",
  "Hurry up!": "",
  "Make your tits bigger.": "",
  "Ehhh!": "",
  "You want to suck on it again!?": "",
  "Hey! <br>": "",
  "What's the big deal?": "",
  "HHHMMMmmmm!!": "",
  "Holy cow! <br>": "",
  "So fucking cool!!!": "",
  "But... <br>": "",
  "You just fell into my trap!": "",
  "It's sucking time!!!": "",
  "It's still amazing no matter how many times I've watched it.": "",
  "Hihi!": "",
  "Aaahhh!": "",
  "Mmmmmm~": "",
  "Stop! It feels so weird~": "",
  "So tender and elastic! ": "",
  "The feeling is simply amazing. <br>": "",
  "I can't stop myself from sucking it.": "",
  "I could taste a sweet scent of liquid from your nipple.": "",
  "This is nuts!!!": "",
  "My nipple is being sucked. ": "",
  "It feels so itchy...": "",
  "Stop!!!": "",
  "I can feel something going out!": "",
  "It can't be held anymore!!!": "",
  "Ahhhh~": "",
  "Delicious!!!": "",
  "Hah hah... <br>": "",
  "Stop...": "",
  "Stop sucking! <br>": "",
  "You're gonna make me dry...": "",
  "Can you sit on my face?": "",
  "I want to release my morning fire while sniffing your peculiar smell.": "",
  "Huh!? <br>": "",
  "O-Okay.": "",
  "Hah hah...": "",
  "Never gets bored with this scent. <br>": "",
  "It feels weirdly good.": "",
  "My dick was already rock hard and angry for a bursting!": "",
  "Ha ha!!!": "",
  "It's so fun rubbing my pussy against your nose.": "",
  "The scent... <br>": "",
  "It's getting stronger and stronger...": "",
  "I can't think straight anymore...": "",
  "It feels great, \\C[3]Pixie\\c[0]!": "It feels great, \\C[3]皮可茜\\c[0]!",
  "I want to cum!!!": "",
  "Mmmmm~": "",
  "Me too!": "",
  "I can feel a warm stream of water coming!": "",
  "Coming!!!": "",
  "That was amazing!": "",
  "Hi hi!": "",
  "By the way. <br>": "",
  "How did you get in here?": "",
  "By the window.": "",
  "It was boring flying around in the morning.": "",
  "I saw your dump stupid sleeping face <br>": "",
  "and I just want to make fun of you.": "",
  "I don't believe that. <br>": "",
  "Just say you miss me.": "",
  "You need to wake up!": "",
  "I can't believe that you can produce milk, \\C[3]Pixie\\c[0]!": "I can't believe that you can produce milk, \\C[3]皮可茜\\c[0]!",
  "That's my magic energy. <br>": "",
  "You have to give me more of your milk to replenish my lost magic energy.": "",
  "Sure!!! <br>": "",
  "I'm always your support!": "",
  "I need to get back to my work.": "",
  "See you later!": "",
  "Good luck with your work!": "",
  "\\C[3]Pixie\\c[0]: \\C[3]+5\\C[0] <br>": "\\C[3]皮可茜\\c[0]: \\C[3]+5\\C[0] <br>",
  "\\C[3]Pixie\\c[0]: \\v[33]": "\\C[3]皮可茜\\c[0]: \\v[33]",
  "\\C[3]Pixie\\c[0]: \\C[3]+3\\C[0] <br>": "\\C[3]皮可茜\\c[0]: \\C[3]+3\\C[0] <br>",
  "It's Laundry Day. Maybe I could ask Auntie to collect the dirty clothes.": "",
  "Huh? Why am I here?": "",
  "\\C[20]Auntie Daisy\\C[0] <br>": "\\C[20]黛西阿姨\\C[0] <br>",
  "You're finally awake! Do you feel well, \\n[1]?": "",
  "I'm so tired. What happened to me?": "",
  "I saw you fall on the floor. It made me nervous.": "",
  "Anyway, do you remember anything?": "",
  "Did something happen? I don't remember anything.": "",
  "It felt like a hammer hit my head. My head is still spinning.": "",
  "(Phew... So he doesn't remember anything.)": "",
  "Don't worry, sweetie.": "",
  "You're just tired. You should go to bed!": "",
  "You're right, Auntie. Good night.": "",
  "Good night, Sweetie!": "",
  "I'm so tired. Better go to sleep now.": "",
  "Study": "",
  "I’ve already done my homework.": "",
  "It's Friday, I don't want to do homework today.": "",
  "I should probably go to bed now. ": "",
  "No need to study anymore this week.": "",
  "It's too late.": "",
  "Lesbian Porn Magazine": "",
  "I don't want to read it now. Better do it by tomorrow afternoon. ": "",
  "Hmm... It would be a C score...": "",
  "It would be a B. Not bad!": "",
  "A! No doubt!!": "",
  "I think this is my limit! Even if I do more homework, it won't get any better.": "",
  "Vol 1": "",
  "Vol 2": "",
  "Vol 3": "",
  "I should read vol 2 first.": "",
  "Meh, just two girls licking each other.": "",
  "Better if there is a dick between it.": "",
  "Not so bad this time...": "",
  "Okay! Let's hide it in the old place. ": "",
  "\\C[2]Anna\\C[0] probably would go into my room again.": "\\C[2]安娜\\C[0] probably would go into my room again.",
  "I haven't bought it yet. ": "",
  "Ugh, I was going too fast. Better take a shower now.": "",
  "It's late. I don't wanna play.": "",
  "Play Game": "",
  "Watch Movie": "",
  "Back": "",
  "Play for 1 hour": "",
  "Play for 2 hours": "",
  "Play for 3 hours": "",
  "Theo's suggestion": "",
  "Hey, I still have this movie \\C[22]Theo\\C[0] ordered for me!": "Hey, I still have this movie \\C[22]希奥\\C[0] ordered for me!",
  "Nice. <br>": "",
  "Let's watch it!": "",
  "I should watch it on \\c[30]Halloween\\c[0].": "",
  "Let's watch this disc again. <br>": "",
  "Feel like I'm dancing on a rope...": "",
  "Uh...": "",
  "Okay...?": "",
  "What is this?? <br>": "",
  "This is lame as FUCK!!!": "",
  "It's been 15 minutes... and just this!!!": "",
  "I don't know what \\C[22]Theo\\C[0] was talking about when he said this was a good movie.": "I don't know what \\C[22]希奥\\C[0] was talking about when he said this was a good movie.",
  "\\C[22]Theo\\C[0] <br>": "\\C[22]希奥\\C[0] <br>",
  "Yo! What's up!": "",
  "This movie sucks!": "",
  "What??": "",
  "All it is is some random water well and all you hear is TV static!": "",
  "Hm? <br>": "",
  "Well, that doesn't sound right...": "",
  "I want my money back!": "",
  "Well I do feel bad for you, <br>": "",
  "I'll call the seller and see what's up!": "",
  "Okay, thanks!": "",
  "Seller <br>": "",
  "Hello?": "",
  "*To the seller* <br>": "",
  "Yo! You sent my friend the wrong film!": "",
  "*To \\C[22]Theo\\C[0]* <br>": "*To \\C[22]希奥\\C[0]* <br>",
  "Hmm? What's your name?": "",
  "\\C[22]Theo\\C[0]!": "\\C[22]希奥\\C[0]!",
  "Hmm... <br>": "",
  "We don't have any orders from you since the last time.": "",
  "You must've called the wrong number and ordered from them.": "",
  "Oh crap! This is embarrassing...": "",
  "*hangs up*": "",
  "Yo! My bad! <br>": "",
  "Apparently, I called the wrong number.": "",
  "My seller said he never had an order from me so I don't even know where your movie came from.": "",
  "I feel bad, I'll give you something to make it up to you!": "",
  "Ah, it's alright man, it's not your fault. <br>": "",
  "Mistakes happen.": "",
  "You're a homie!": "",
  "I'll catch ya later, bro!": "",
  "*Sigh*": "",
  "Better go to sleep...": "",
  "I have a pine and some leftover decorations.": "",
  "Alright! Let's set up my Christmas Tree!": "",
  "*Phew!*": "",
  "It's done! My own Christmas Tree.": "",
  "Really decent! Suuurrreee... \"Santa\" will love it.": "",
  "Okay! My job here is done. I not so boring person anymore.": "",
  "Something seems not right!?": "",
  "We have the beautiful pine...": "",
  "... beautiful handcrap myself ribbon...": "",
  "... shining balls...": "",
  "and sparkling yellow star...": "",
  "Wait!": "",
  "Yellow star!!!": "",
  "Why my look like Mars?": "",
  "This red seems pleasant for some reason.": "",
  "Well, at least I did something for Christmas.": "",
  "Hope \"Sannntaaa\" will give me a present tonight!": "",
  "Masterpiece!": "",
  "Mom is here! <br>": "",
  "I don't want to do some funny things.": "",
  "Auntie is so hot! ": "",
  "But why does she push me out every time I give her my new massage technique?": "",
  "So suspicious...": "",
  "Anyway, better go to sleep. It's getting late.": "",
  "What is that sound!?": "",
  "It’s coming from Auntie’s room.": "",
  "W-what!? This sound...": "",
  "Last time, I thought it was her mumbles while she was sleeping!": "",
  "She's definitely doing some naughty things.": "",
  "I wonder what she’s doing.": "",
  "Maybe I can take a peek...": "",
  "Damn. Still locked.": "",
  "How am I supposed to get in there?": "",
  "I want to see what she’s up to.": "",
  "Maybe I can get a key?": "",
  "Hmm...": "",
  "Oh, \\c[2]Danesia\\c[0]! ": "",
  "Maybe she can help me make a copy of Auntie's room key.": "",
  "I can go there in the morning.": "",
  "I'll try and make a print of the key with a bar of soap.": "",
  "Mom is here!": "",
  "Train": "",
  "No": "",
  "This is for training.": "",
  "In real game if you miss 3 times you will lose.": "",
  "Oh shit, she’s doing it!": "",
  "Damn! My heart is beating so fast that it feels like it would jump out of my mouth.": "",
  "*Phew*": "",
  "I need to switch the dildo to my dick.": "",
  "Ahh... yeah...": "",
  "Feels so good...": "",
  "Shit! Auntie is so annoying...": "",
  "It needs to be at the right time or she’ll know.": "",
  "You need to hit the center 3 times perfectly to move on to the next stage.": "",
  "Missing 3 times will make you lose.": "",
  "The number of misses will be reset after passing a stage.": "",
  "Shit! Auntie is so naughty...": "",
  "Alright! Let's go!!!": "",
  "Hey! What are you doing here?": "",
  "Are you a thief?": "",
  "No, no! I'm not a thief!": "",
  "I came here to give you your present.": "",
  "I'm Santa. I give a present to every good kid.": "",
  "You're kidding me, right?": "",
  "Isn't Santa supposed to be a big white beard old man?": "",
  "But you are a woman!": "",
  "...beautiful and attractive...": "",
  "Anyway! Your hair is white but that doesn't mean you are Santa.": "",
  "I bet you are Santie rather than Santa.": "",
  "\\C[10]Santie\\C[0] <br>": "\\C[10]珊迪\\C[0] <br>",
  "What? How did you know my name?": "",
  "Wait! What? Your name is \\C[10]Santie\\C[0]?": "Wait! What? Your name is \\C[10]珊迪\\C[0]?",
  "Yes! My name is \\C[10]Santie\\C[0] and I'm Santa.": "Yes! My name is \\C[10]珊迪\\C[0] and I'm Santa.",
  "You said you are Santa but your name is \\C[10]Santie\\C[0].": "You said you are Santa but your name is \\C[10]珊迪\\C[0].",
  "That's not the name of the Santa that I knew.": "",
  "Because I come from another dimension.": "",
  "I'm confusing now!": "",
  "You're Santa and you came from another dimension to give me my present.": "",
  "Is this Marvel or somthin'? But where is my \"dimension\" Santa?": "",
  "Well, I don't know either? I came here because of your Christmas Tree.": "",
  "It's attracted me and gave me your destination.": "",
  "My Christmas Tree?": "",
  "Yes.": "",
  "Christmas Tree! Rumor!": "",
  "My aunt said: there is a rumor in this town.": "",
  "\"If you make your own Christmas Tree, Santa will come and give you a present.\"": "",
  "Did you come here before?": "",
  "That's interesting! I've never been here before. This is my first time.": "",
  "Maybe, that is another Santa from other dimensions or properly your dimension.": "",
  "This dimension, that dimension.": "",
  "Ha-ha! My world actually a part of Marvel.": "",
  "I guess I'm overworking and dreaming something like this.": "",
  "That's right! I'm still dreaming from the beginning!": "",
  "If this is a dream! I probably should enjoy it until I wake up!": "",
  "Man! She looks so hot tho!": "",
  "I thought she was auntie when I first saw her.": "",
  "Now remembering it makes me so excited! Her butt is so big and attractive.": "",
  "Heh-heh!": "",
  "Look like you are fine.": "",
  "How about this?": "",
  "Your penis has gotten so swollen!": "",
  "If you keep everything that happened tonight as a secret, I will help you with your \"problem\".": "",
  "Is this a deal?": "",
  "I'd be right happy to!": "",
  "How is it?": "",
  "I see.": "",
  "Looks like these yoga exercises are not wasted.": "",
  "We have a \"big problem\" here! Let's see if I can settle this.": "",
  "I have more friends to deliver them present so I will make it quick.": "",
  "Fuck! My eyes are so dim. I don't wanna wake up right now!": "",
  "How does my mouth feel?": "",
  "It-It's so good.": "",
  "Your penis is twitching so much. Does my mouth feel that good, huh?": "",
  "It seems you ready for the shot. We have not much time so let's make it quick.": "",
  "It's so intense! It feels like my dick is being sucked off!": "",
  "Damn... So good!": "",
  "She's really fucking good at this!": "",
  "Look like you already ready. Go ahead and let it all out in my mouth!": "",
  "Hah-hah!": "",
  "Amazing... It's amazing!": "",
  "Such a naughty boy! Cumming without a warning!": "",
  "It may make someone choked with your huge load.": "",
  "It caught me by surprise! There was no other way so I had to swallow it all.": "",
  "I'm sorry!": "",
  "But... It seems that you really enjoy it.": "",
  "Can't help! Your milk is just too good. I just don't wanna waste a single drop of it.": "",
  "It's so thick and creamy.": "",
  "!?": "",
  "Look like your buddy is still strong and healthy after release such a huge load.": "",
  "The time is tight but can't help it! I have to keep my promise.": "",
  "What-What are you going to do?": "",
  "What are you saying? My promise is to keep your friend calm down. ": "",
  "Your position seems good enough!": "",
  "... and it not so fair if you are the only one who enjoying.": "",
  "Your friend is... just too strong... and... BIG!": "",
  "I already knew it big but it's way more different when put it inside.": "",
  "Well! You don't have to push yourself.": "",
  "I feel like being underestimated.": "",
  "How... How about... this... now?": "",
  "Do... Do you still... underestimate me?": "",
  "Your... your voice is shaking...! You shouldn't... force yourself.": "",
  "Aren't we the same?": "",
  "It feels so... GOOD!. Your penis... reaches so deep inside me!": "",
  "It... It knocks on my deepest part... every time I move my hip.": "",
  "... feels like it wants to break the door to get even more deeper!": "",
  "I'm so... sorry! My hip and legs are moving on their own! I can't control it anymore.": "",
  "Her inside is so tight! Her flesh is coiling around my dick!": "",
  "Your DICK!... I love it!": "",
  "Your shape is magically perfect for my pussy!": "",
  "It's so THICK!!! It fills all the gaps inside me!": "",
  "I... I can't hold it anymore!": "",
  "Me... Me too! I'm gonna cum!": "",
  "Let it out! Let all of it inside me! Let's cum together!!!": "",
  "Your hot thick sperm is filling inside my womb!": "",
  "It-It's amazing, \\C[10]Santie\\C[0]!": "It-It's amazing, \\C[10]珊迪\\C[0]!",
  "It feels like your inside... is sucking me...": "",
  "Wonderful! This is the best sex that I ever had in centuries.": "",
  "WAIT!!!": "",
  "How old are you?": "",
  "You naughty boy! Don't ask a woman her age.": "",
  "Sadly! I can't stay any longer. There's still work to do.": "",
  "I already did my promise so it's your turn to keep your promise, okay? I don't want to get into any trouble.": "",
  "Oh! I forgot something!": "",
  "Before I go. I want to ask you one thing.": "",
  "Am I Santa?": "",
  "Yes": "",
  "Totally Santa to me!": "",
  "Good boy!": "",
  "\\C[10]Santie\\C[0]: \\C[3]+10\\C[0] <br>": "\\C[10]珊迪\\C[0]: \\C[3]+10\\C[0] <br>",
  "\\C[10]Santie\\C[0]: \\v[31]": "\\C[10]珊迪\\C[0]: \\v[31]",
  "You such a mood killer!": "",
  "I have to go! Hope we can see each other next Christmas! Thanks for your present!": "",
  "MERRY CHRISTMAS!!!": "",
  "\\C[10]Santie\\C[0]: \\C[3]+50\\C[0] <br>": "\\C[10]珊迪\\C[0]: \\C[3]+50\\C[0] <br>",
  "This is so true to be a dream!": "",
  "Even if she can fly... and disappear inside the space portal.": "",
  "Hope I can see her again next Christmas.": "",
  "*Yawn*": "",
  "I'm too tired now! Let's get back to sleep!": "",
  "Did I wake you up?": "",
  "Don't mind me. Just do your work.": "",
  "So... How is it?": "",
  "*Gulp*": "",
  "I can't wait it anymore!": "",
  "Then it's time to give you your Christmas gift.": "",
  "Just want to let you know...": "",
  "You're the last person I need to give a present.": "",
  "Soooo... We have plenty of tiimmeee...": "",
  "Let's open it now.": "",
  "What is that noise?": "",
  "Ugh... So tired...": "",
  "Wake Up": "",
  "Butt...": "",
  "...big beautiful butt...": "",
  "Did auntie come to give me a present?": "",
  "...such a glorious view!": "",
  "WAIT! ": "",
  "She isn't my lovely auntie!": "",
  "Did I just wake... you up?": "",
  "Don't you think that you shouldn't disturb others while sleeping?": "",
  "I saw a delicious sausage... so I just want to... taste it... a bit.": "",
  "You leak out so much.": "",
  "Does my tongue feels that good?": "",
  "How... How long... have you been licking my dick?": "",
  "You were sleeping like a corpse!": "",
  "I can't help it and just drank your milk... a few times.": "",
  "WHAT!? No wonder it feels so numb now!": "",
  "Look like I cured it.": "",
  "I already delivered all the gifts. You are the last one to receive the gift.": "",
  "Look like we have all night for your... \"delivery\".": "",
  "What should we doooo with \"this\"?": "",
  "Blowjob": "",
  "Ride": "",
  "Eat it while it hot!": "",
  "How many times... I suck it! It feels like... I'm swallowing a baseball bat.": "",
  "It is so good...": "",
  "Mmm... Your dick is so delicious!": "",
  "You're eating your \"food\"... too loud! Everyone... could hear it!": "",
  "Your dick... is twitching so much! Does... my bad eating habit... turn you on that much?": "",
  "I can feel... your hot milk is leaking... Go ahead and let me drink it!": "",
  "It's cumming!!! My hot milk!": "",
  "You're fucking good at this!": "",
  "Your thick and hot cum... It's so delicious.": "",
  "How many times I drank it but I still don't feel enough.": "",
  "It feels like you used my dick like a straw and drink my sperm directly.": "",
  "But if you really enjoy it then make yourself at home.": "",
  "What shall we do next?": "",
  "I can't wait any longer.": "",
  "Hurry and hop up!": "",
  "Oooohhhh! Sooo goood!": "",
  "I can't wait anymore! I'm moving now!": "",
  "How... is... it? Do you feel good?": "",
  "I'm in heaven! Your inside is so warm... and slippery!": "",
  "Your voice... It's... spinning my head!": "",
  "It feels so... GOOOOOD!. Your penis... so long and thick!": "",
  "It... It's knocking my womb! ": "",
  "Me... Me too!": "",
  "Your friction put me to the limit!! I'm gonna cum!": "",
  "Hah-hah...": "",
  "It's filling me...": "",
  "... my womb full of your seed...": "",
  "... It-It's amazing, I can feel your womb... is sucking me like you're sucking my dick with your mouth...": "",
  "You're letting out a lot! My womb can't handle it and it's flowing out so much!": "",
  "It feels so nice...": "",
  "There is plenty of time left.": "",
  "I will make sure your last drop will come out.": "",
  "You are so evil.": "",
  "But I like it!": "",
  "Erect": "",
  "Your tongue... It's so soft and tickles.": "",
  "Look like It's ready for the next round!": "",
  "Good night...": "",
  "Sweet dream and Merry Christmas!": "",
  "\\C[10]Santie\\C[0], she here!": "\\C[10]珊迪\\C[0], she here!",
  "I should put it here. No one will know it.": "",
  "Where is he? Didn't he just here? ": "",
  "What is it? So scary.": "",
  "How to use this thing?": "",
  "Better not touch it, I don't want to break it. ": "",
  "Huh?": "",
  "What is this book?": "",
  "So weird. Why they are licking each other?": "",
  "They are both girls. Maybe mom will know what are they doing.": "",
  "The door is open. Who just entered my room? ": "",
  "Who's talking? ": "",
  "It comes from auntie's room. I should go check it.": "",
  "Just like what I thought, the magazine was gone. ": "",
  "No sound was heard and no one was in the room.": "",
  "Oh man, \\C[2]Anna\\C[0] is such a pussy.": "Oh man, \\C[2]安娜\\C[0] is such a pussy.",
  "Never mind, I should get it back tomorrow, it's very expensive. ": "",
  "I need to find where it or my daughter will ask for weird thing again...": "",
  "I have to make sure he means no funny business!": "",
  "I never saw \\n[1] taking a cup or any other thing to water the plants.": "",
  "I hope he doesn't... No, that's not right!": "",
  "Sometimes I can't tell if a real person is crying outside or if \\n[1] is playing a different game.": "",
  "I wonder what he reads.": "",
  "Residing Wickedness 5? Let me take a quick peek.": "",
  "...And then our protagonist, Christopher Maroonmeadow, landed a devastating strike on that atrocious boulder in front of him...": "",
  "...so he could escape wicked Walbert Asker and save Sherry...": "",
  "What does that even mean?": "",
  "Let me check under the bed...": "",
  "A flyswatter. What does he keep this for?": "",
  "Here it is!!": "",
  "Now, I got to get rid of that at once!": "",
  "Auntie!?": "",
  "What are you doing in my room?": "",
  "No, no, I was just... I... uh...": "",
  "I was just cleaning your room. It's very dirty.": "",
  "Wow! Thanks, Auntie!": "",
  "Shit! I’m in danger...": "",
  "I'm back!!!": "",
  "Man, I'm too tired. Better go to sleep.": "",
  "Man, such a weird dream...": "",
  "I better prepare myself, as there is school today!": "",
  "Let's go!": "",
  "You think I would let you go that easily!": "",
  "Shit!": "",
  "She's on alert now. Better luck next time...": "",
  "Level 1": "",
  "Level 2": "",
  "Level 3": "",
  "Wait...": "",
  "Now!": "",
  "It’s in...": "",
  "Ahh...": "",
  "Did I just slip?": "",
  "It’s so hot all of a sudden... and way bigger than before...": "",
  "It must be because of the massage I got. I feel so horny.": "",
  "If I don’t cum, I might die.": "",
  "I need to do this quick.": "",
  "Hide Wall": "",
  "W-what is this feeling?": "",
  "This sensation... It feels like she’s going to pull my dick off...": "",
  "I wish I had x-ray vision... then I can see what’s going on.": "",
  "Wait! It stopped?": "",
  "This feeling. It feels like my nephew’s dick.": "",
  "I can’t stop thinking about him. What am I going to do?": "",
  "No... I need to cum, and make my mind go white...": "",
  "Lose myself in pleasure...": "",
  "Did she realize it?": "",
  "Shit! My dick is way bigger than Auntie's cute dildo.": "",
  "Such a big mistake.": "",
  "Ahh!": "",
  "Phew! She’s still doing it!!!": "",
  "Show Wall": "",
  "It's so good. Even harder this time.": "",
  "Her butt is slamming so hard against the wall...": "",
  "I’m such a slut...": "",
  "Using a dildo to pleasure myself... While imagining it’s my nephew’s cock...": "",
  "Maybe I keep having dreams about it because these feelings are true.": "",
  "Oh, \\n[1]!": "",
  "?!?": "",
  "Do it, \\n[1]!": "",
  "Fuck me like the slut that I am!": "",
  "Ravage your naughty aunt in her tight, wet pussy.": "",
  "Did she call my name while masturbating?": "",
  "Feel my dick all the way inside your wet pussy, Auntie...": "",
  "Just like that \\n[1]!": "",
  "My sweet little nephew has turned into such a man!": "",
  "I can’t get enough of this. It’s the perfect size. My nephew’s cock.": "",
  "Her pussy is so wet and hot. It's squeezing me so tight.": "",
  "I can't hold it anymore!": "",
  "I'm cumming!!!": "",
  "What is this!!?": "",
  "I can’t believe... I came so hard...": "",
  "I lost control... and let out so much...": "",
  "Holy shit...": "",
  "My dick is still twitching. The soreness feeling is driving me crazy!": "",
  "Sorry, Auntie...": "",
  "I can’t get enough of this...": "",
  "\\C[20]Auntie Daisy\\C[0]: \\C[3]+5\\C[0] <br>": "\\C[20]黛西阿姨\\C[0]: \\C[3]+5\\C[0] <br>",
  "\\C[20]Auntie Daisy\\C[0]: \\v[21]": "\\C[20]黛西阿姨\\C[0]: \\v[21]",
  "\\C[20]Auntie Daisy\\C[0]: \\C[3]+2\\C[0] <br>": "\\C[20]黛西阿姨\\C[0]: \\C[3]+2\\C[0] <br>",
  "Why are you here, Mom?": "",
  "\\C[21]Joyce\\C[0] <br>": "\\C[21]乔伊丝\\C[0] <br>",
  "Sleep. <br>": "",
  "Of course!": "",
  "Shouldn't you sleep together with \\C[20]Auntie Daisy\\C[0]?": "Shouldn't you sleep together with \\C[20]黛西阿姨\\C[0]?",
  "Her bed is a bit small for two big ladies.": "",
  "Say. <br>": "",
  "You don't want to sleep with your lovely mommy like always!?": "",
  "I didn't mean that. <br>": "",
  "Just a bit surprised. ": "",
  "Good!": "",
  "It's late, Honey. <br>": "",
  "We should go to sleep.": "",
  "What are you doing, Mom!?": "",
  "Going to sleep!?": "",
  "It's better for your health if you sleep naked. <br>": "",
  "We sleep like this all the time, Honey.": "",
  "What is wrong with you!?": "",
  "Oh! ": "",
  "My little boy knows how to be shy now! <br>": "",
  "I get we apart for a bit long time.": "",
  "Haha... <br>": "",
  "You're right!": "",
  "What are you waiting for!?": "",
  "Mom. <br>": "",
  "Can you move your body a bit?": "",
  "It's too big, you know what I mean. <br>": "",
  "I can't seem to fit in.": "",
  "Sorry, honey! <br>": "",
  "It was born naturally.": "",
  "Why don't you hug me from behind like usual? <br>": "",
  "It's enough space for that.": "",
  "Like I could!": "",
  "My dick is so rocking hard now! <br>": "",
  "It could drill the wall.": "",
  "It will be a murder case the next morning.": "",
  "*Gulps*": "",
  "But to say. <br>": "",
  "My mom... <br>": "",
  "Isn't she a little too attractive?...": "",
  "Seeing her undress felt like opening a blood dam.": "",
  "Her adult body is smoking hot. <br>": "",
  "I want to hug her so much, especially that pube... it's so sexy...": "",
  "Now she is lying there. <br>": "",
  "So defenseless and inviting!": "",
  "I know it's bad but... <br>": "",
  "I want to shove my dick in that forbidden crack so badly!": "",
  "I have to go back to the city tomorrow.": "",
  "Don't be frightened if your mommy disappears all of a sudden, okay?": "",
  "S-Sure, Mom!": "",
  "Hah...": "",
  "Hurry and get into bed. <br>": "",
  "It's almost midnight.": "",
  "It's late. <br>": "",
  "Let's go to sleep.": "",
  "Okay, Mom!": "",
  "Why don't you take off your clothes?": "",
  "I'm okay.": "",
  "When you've become too introverted, Honey!?": "",
  "We sleep like this all the time.": ""
}