{
  "Me <br>": "我 <br>",
  "(Damn! She is smoking... <br>": "(我去！她在抽烟……<br>",
  "Isn't it not allowed to smoke in this school?)": "学校里不是不让抽吗？)",
  "(She looks so cool...)": "(她看起来还挺酷的……)",
  "*\\n[1] hears her mumble something*": "*\\n[1] 听见她在嘟囔什么*",
  "\\C[20]Tana\\C[0] <br>": "\\C[20]塔娜\\C[0] <br>",
  "I SAID!!!": "我说！！",
  "YOU AGAIN!!!": "又是你！！",
  "WHAT THE HELL YOU LOOKIN' AT!??": "你丫到底在看什么？！",
  "I see you eyeing me up, pervert!": "我看见你打量我的样子了，变态！",
  "What? No, I-": "什么？我没-",
  "You wanna piece of this? ": "你想要这样吗？",
  "Here! I'll give you something to think about!": "来！让我好好拾掇拾掇你",
  "Wait please, what are you?": "等等，你搞什么？",
  "Hey, we're in the hallway!": "嘿！我们还在走廊里！",
  "Shut up already!": "闭嘴！",
  "Why are you pulling my pants down!?": "你脱我裤子干嘛？！",
  "This is the price you pay when you judge others!": "这就是你乱审视别人的代价！",
  "Now I will judge your dick!": "现在我也要审视你的小鸡鸡！",
  "(What the hell is this!? <br>": "(搞什么鬼？！<br>",
  "It's like a big elephant trunk!!!)": "像大象鼻子一样大！！)",
  "Ahem... <br>": "啊呃……<br>",
  "It's pretty n-normal but you're nothing but a shower.": "看起来还蛮一般的",
  "(I don't know what she just said, <br>": "(我不知道她搞什么鬼<br>",
  "but she smells so good...)": "但她闻起来还挺香的……)",
  "(What the hell!!! It's s-so BIG!!!)": "(什么鬼！！这也太大了吧！！)",
  "(Don't you think it's a little weird that something this big is attached to this small body...)": "(这小孩儿怎么会有这么大的东西，太怪了吧……)",
  "Can you let me go? <br>": "你能放我走了吗？<br>",
  "I feel a bit embarrassed...": "我感觉有点儿尴尬……",
  "Don't you get cocky! <br>": "别打岔！<br>",
  "What's the point of having a big cock if it only last a few seconds.": "不持久的话，就算再大也没用",
  "Oh.. uh.. okay...": "哦……呃……好吧……",
  "*Closes eyes, relaxes and starts enjoying*": "*闭上眼睛开始享受*",
  "(Damn... <br>": "(我去……<br>",
  "It feels weirdly good when she violently strokes my dick...)": "被她这么粗暴对待感觉好奇怪……)",
  "Faster": "更快点",
  "(What the hell is this!?)": "(搞什么鬼？！)",
  "(I need to do it faster!!)": "(我得再快点！！)",
  "Hah-hah...": "哈啊……",
  "If you keep doing it like that, <br>": "如果你在继续下去，<br>",
  "I won't be able to hold it anymore...": "我就要忍不住了……",
  "End": "结束",
  "Touch her Tit": "摸她的奶子",
  "(Shit! My arm is so sore...)": "(干！我胳膊都酸了……)",
  "How's that feel? Huh?": "感觉怎么样啊，嗯？",
  "It feels pretty good...": "感觉好舒服……",
  "Yeah yeah, whatever, you've had enough, perv!": "嗯嗯，随你怎么说吧，变态！",
  "You better let it all out. <br>": "你最好还是放手吧<br>",
  "Good luck with impotence!": "闭嘴，阳痿男！",
  "Hahaha!!!": "哈哈哈！！",
  "Huh!?": "哈？！",
  "Hey wait! <br>": "嘿等等！<br>",
  "You can't leave me like this!": "你不能就这样把我丢在这儿！",
  "(Crap, what do I do? <br>": "(我去，我该怎么办？<br>",
  "People are coming, I gotta hide!)": "有人要来了，我得躲起来！)",
  "(Oh no, the male restroom is under maintenance! <br>": "(哦不，男厕所在维护！<br>",
  "Let's try upstairs!)": "上楼试试吧！)",
  "Go to Emmi": "去找埃米",
  "Endure": "忍耐",
  "What the hell are you doin', perv!!?": "变态，你到底在搞什么鬼？！",
  "I-I'm sorry...": "对-对不起……",
  "What are you lookin' at!?": "你在看什么？！"
}