{
  "Me <br>": "我 <br>",
  "Let's take some in case I get thirsty.": "先拿点吧，以防万一我渴了",
  "It's locked.": "锁住了",
  "I must find a way to open it.": "我得找办法打开它",
  "What is this thing?": "这是什么？",
  "The door is opening!": "门打开了！",
  "Let's get out of this weird place.": "赶快离开这个鬼地方",
  "\\C[20]Auntie Daisy\\C[0] <br>": "\\C[20]黛西阿姨\\C[0] <br>",
  "Where are you going?": "你要去哪？",
  "Crap!": "干！",
  "<c:0,120,0>Ugh... How could you?": "呃……你怎么做到的？"
}