{
  "Me <br>": "我 <br>",
  "The fire is burning.": "火正在烧",
  "The fire burns weakly. ": "火势变弱了",
  "It's too hot.": "好热",
  "Use Tea\\i[212]": "喝茶\\i[212]",
  "Use Wine\\i[211]": "喝酒\\i[211]",
  "Leave": "离开",
  "It's still quite hot but I could see everything inside. ": "还是很热，但我能看见里面的东西",
  "Huh!? There seems to be a hidden path. Should I go in? ": "哈？！好像有条隐藏小路，我该进去吗？",
  "Yes": "是",
  "No": "否",
  "Let's take some in case I get thirsty.": "先带上点，免得我到时候渴了",
  "I guess it could be used on something.": "我猜这应该能放在什么东西上",
  "<c:0,120,0>Ugh... How could you?": "<c:0,120,0>呃……你怎么做到的？",
  "What is this place?": "这里是哪？",
  "Now that I wonder... Where am I?": "我……我在哪？",
  "Oh, the fly swatter is still here...": "哦，苍蝇拍还在这里",
  "Anyway, let's get out of here.": "管它呢，赶紧逃走吧",
  "I swear I'm not gonna buy weird shit again.": "我发誓再也不会买这种怪东西了",
  "Find a way to get out of here.": "找到离开这里的方法",
  "You will be hit when \\C[20]Daisy\\C[0] touch you. <br>": "\\C[20]黛西\\C[0]碰到你就会让你掉血 <br>",
  "Touch \\C[20]Daisy\\C[0]'s butt if you want to attack.": "如果你想攻击可以点\\C[20]黛西\\C[0]的屁股",
  "Your clothes will be shredded by \\C[20]Daisy\\C[0]'s attack. <br>": "\\C[20]黛西\\C[0]的攻击会撕烂你的衣服 <br>",
  "Collect \\c[17]New Clothes\\c[0]\\i[155] and use it to recover.": "捡起\\c[17]新衣服\\c[0]\\i[155]来修好你的衣服",
  "Use \\c[17]Holy Water\\c[0]\\i[228] to erase \\c[10]Horny level\\c[0].": "用\\c[17]圣水\\c[0]\\i[228]来消除\\c[10]情欲等级\\c[0]",
  "Man, can't seem to find a way out.": "老天，这该怎么出去",
  "Crap!": "我去！",
  "\\C[20]Auntie Daisy\\C[0] <br>": "\\C[20]黛西阿姨\\C[0] <br>",
  "What are you doing here?": "你在这儿干什么？",
  "Much better.": "更好了",
  "I can't wait any longer. Let's the fun begin!": "我等不及了，开始来玩吧！",
  "Hmm...": "嗯……",
  "So warm...": "好暖和……",
  "It's feel good. Auntie's pussy is cold.": "感觉好舒服，她的小穴冰冰的",
  "This weird shiver is sending through my spine.": "颤抖直戳骨髓",
  "Next": "继续",
  "So good... ": "真不错……",
  "Slow down, Auntie! You're breaking my back.": "慢点，阿姨！我的腰要断了！",
  "Cum": "射精",
  "It's so good! I can't hold it back anymore.": "太舒服了，我忍不了了",
  "Give me, shot your hot blood deep inside me!": "射出来，射进我里面！",
  "You shot out so much. ": "你射得真多",
  "My womb is filled with your semen and it's so warm...": "我肚子里全是你的精液，真暖和……",
  "End": "结束",
  "Man, such a weird dream...": "老天，真是场怪梦",
  "I better prepare myself, as there is school today!": "赶紧收拾一下，该去学校了！",
  "Let's go!": "出发！"
}