{
  "\\C[14]Ms. Emmi\\C[0] <br>": "\\C[14]埃米小姐\\C[0] <br>",
  "How do you feel, \\n[1]! Did you have fun?": "怎么样，\\n[1]！开心吗？",
  "Me <br>": "我 <br>",
  "I wish every day is outdoor class!": "我真希望每天都有外出课！",
  "Ha-ha!": "哈哈！",
  "End Class": "结束课程",
  "No": "不要",
  "Alright, everyone! That's enough for today.": "好了大家！今天就先到这里",
  "Boy <br>": "男生<br>",
  "Uurgh! Come on...": "呃啊！别吧……",
  "Just a little bit more, \\C[14]Ms. Emmi\\C[0]": "再玩一会儿嘛, \\C[14]埃米小姐\\C[0]",
  "Don't worry, we have outdoor class every week!": "没事的，我们每周都有外出课！",
  "The whole class <br>": "全班 <br>",
  "YEAH!!": "好耶！！",
  "Now, let's go back!": "现在先回去吧！",
  "It was so fun! <br>": "真好玩！ <br>",
  "I'm looking forward to next week's outdoor class!": "我已经等不及下周上外出课了！",
  "\\C[6]Ms. Betty\\C[0] <br>": "\\C[6]贝蒂小姐\\C[0] <br>",
  "I'm busy, talk to someone else.": "我很忙，去找其他人",
  "Girl <br>": "女孩 <br>",
  "Hey! Wanna go and pick some flowers?": "嘿！想来摘朵花吗？",
  "\\C[27]Mabel\\C[0] <br>": "\\C[27]梅尔\\C[0] <br>",
  "I better stay here...": "我还是呆在这儿吧……",
  "\\C[21]Brad\\C[0] <br>": "\\C[21]布拉德\\C[0] <br>",
  "You wanna eat my fist or maybe your ass wants to taste my foot!": "你是想吃我一拳还是一脚！",
  "Stay away from me!": "离我远点！",
  "Alright class, we're here!": "好了大家，我们到了！",
  "Find a spot to set your bags down.": "找个地方把背包放一下",
  "Oh, you can set the materials down here, \\n[1].": "哦你可以把材料放在这，\\n[1]",
  "Say no more...": "不用说了……",
  "Thanks for the help \\n[1]. <br>": "感谢帮忙，\\n[1]",
  "I'll take it from here.": "我会拿走的",
  "Go and set your stuff down so I can explain our activity.": "去把你们的东西都放下，然后来听我讲话",
  "(Can't... feel... my arms...)": "(我……胳膊……没知觉了……)",
  "That's all for today's lesson!": "我要说的就这么多了！",
  "Stay away from mushrooms you don't know or that are brightly colored.": "离颜色鲜艳的蘑菇远点！小心别吃了中毒！",
  "If you are bleeding or bitten by a snake, <br>": "如果你们受伤了，或是被蛇咬了 <br>",
  "come here immediately.": "赶快来这里找我",
  "Don't get any funny ideas.": "没什么好点子",
  "There's a campfire over there, <br>": "这里有片篝火 <br>",
  "you can grill mushrooms or roast marshmallows.": "你们可以在这里烤蘑菇或棉花糖吃",
  "Think of it as a picnic. <br>": "把这当成是野餐就行 <br>",
  "We will return in the afternoon.": "我们下午回去",
  "\\c[14]Work in process! <br>": "\\c[14]尚未完成！ <br>",
  "There is nothing you can do here yet. <br>": "现在你还什么都做不了 <br>",
  "Talk with Emmi to end the outdoor class.": "去和埃米说话就能结束外出课"
}