{
  "Me <br>": "我 <br>",
  "I think I've come to the right place.": "我应该是走对路",
  "There's a warning sign here. I think ahead is the entrance to the Lost Woods.": "有块警告牌在这儿，前面应该就是出口",
  "Gulp": "*咽口水*",
  "For some reason, it's a bit creepy here.": "这里总让我毛毛的",
  "Alright, let's go!": "好了，走吧！",
  "Woo-hoo! Finally got out of that weird place. ": "哦吼！总算离开这鬼地方了",
  "I don't lose any memories either.": "我也没丢掉任何记忆",
  "I'm one in a million, baby.": "宝贝，我可是万里挑一的！",
  "It also doesn't appear to be dangerous. I think the necklace that \\C[3]Elphaba\\C[0] gave me did it.": "我也没遇到什么危险，应该是\\C[3]埃尔珐芭\\C[0]给我的项链在保护我",
  "I don't know why I think like that but it's better to keep it very carefully.": "不知道为什么，但我觉得应该好好留着它",
  "Huh!?": "哈？！",
  "What is that!?": "那是什么？",
  "Anyway...": "不管怎么说……"
}