{
  "\\C[6]Ms. Betty\\C[0] <br>": "\\C[6]贝蒂小姐\\C[0] <br>",
  "Is it my imagination?": "",
  "Me <br>": "我 <br>",
  "(Safe...)": "(逃过一劫……)",
  "(This is my only chance! <br>": "(就这一次机会！<br>",
  "I must quickly hide in one of the toilet stalls!!!)": "我得赶快躲进厕所隔间里！！)",
  "What is that sound!?": "什么声音？",
  "\\C[14]Ms. Emmi\\C[0] <br>": "\\C[14]埃米小姐\\C[0] <br>",
  "What's going on, \\C[6]Betty\\C[0]!?": "你干什么，\\C[6]贝蒂\\C[0]!?",
  "Nothing!": "没什么！",
  "(Hmm... Wierd...)": "(嗯……有点奇怪……)",
  "*Phews*": "*呼……*",
  "(Hehe! Finally!)": "(嘿嘿！终于！)",
  "(Woah! It's \\C[14]Ms. Emmi\\C[0]! And she's changing)": "(哇哦，是\\C[14]埃米小姐\\C[0]! 她在换衣服)",
  "(I'll never get tired of this view...)": "(这画面我几次都看不腻……)",
  "(I just wanna grab those big pillows and stuff my face in them!)": "(我真想把脸塞进去！)",
  "Take Panties": "拿走内裤",
  "No": "不",
  "(Her back's turned... <br>": "(她转身了……<br>",
  "I can probably take her panties and she wouldn't notice...)": "我现在偷偷拿走内裤她应该注意不到……)",
  "*Sneakily reaches over and grabs them*": "*偷偷走过去抓住*",
  "*Looks at the panties in his hand for a sec, then proceeds to give them a big sniff*": "*看了看手里的内裤，狠吸一口*",
  "(Ohh!!! I'm definitely keeping this!)": "(哦！！我真想这么留着它)",
  "(Huh!? Where are my panties!? <br>": "(哈？！我内裤呢？！<br>",
  "Pretty sure I just took them out...)": "我记得刚才脱下来放在这儿了……)",
  "(Nevermind. Luckily I have a spare.)": "(不管了，还好我还有备用的)",
  "Imagine": "脑补",
  "Keep Watching": "继续看",
  "What else, \\C[14]Ms. Emmi\\C[0].": "还有什么，\\C[14]埃米小姐\\C[0].",
  "I will give you what you so desire.": "让我给你梦寐以求的东西",
  "Oohh...": "哦……",
  "S-Stop! We can't do it here! <br>": "别-别闹！我们不能能在这儿做这种事！<br>",
  "\\C[6]Betty\\C[0] will hear us!!!": "\\C[6]贝蒂\\C[0]会听见的!!!",
  "It will be okay If you keep your voice low.": "如果你小点声就没事了",
  "Mmmmm...": "嗯……",
  "Hah-hah, It's so warm...": "哈哈，好暖和……",
  "It's already so wet, \\C[14]Ms. Emmi\\C[0]!": "你已经湿的一塌糊涂了，\\C[14]埃米小姐\\C[0]!",
  "S-Stop teasing me like that...": "别-别这样摸我……",
  "Argggh! It's so tight!": "啊！好紧！",
  "Hah-hah! Your dick, It's so big and hot...": "哈啊！你的鸡巴，又硬又热……",
  "It's so hard to do it in this position, but weirdly good!": "这个姿势真麻烦，但感觉还挺好！",
  "Faster": "更快点",
  "Slow down, \\n[1]! You're too rough!!": "慢点，\\n[1]！有点疼！",
  "I can't stop... It keeps sucking me in...": "我停不下来……感觉被吸住了……",
  "It's so good, my head is spinning...": "感觉好舒服，我开始头晕了……",
  "If you do it that fast, I'll cum!!!": "再这么下去我要射了！！",
  "Cum": "射精",
  "Cumming!!!": "我要射了！！",
  "Hah-hah! That was so good...": "哈啊……真是太舒服了",
  "Leave": "离开",
  "(Never thought it would be so addictive to see a woman changing clothes...)": "(我可没想到看女人换衣服会这么爽……)",
  "(My cane is already fully erect.)": "(我的牛牛已经完全立起来了)",
  "Wank": "手冲",
  "(Sure, what the heck, I still have some time!)": "(管它呢，反正我有的是时间)",
  "*Sits back for a wank, imagines \\n[1] pushes \\C[14]Ms. Emmi\\C[0] against the wall...*": "*坐下手冲，想象着把\\C[14]埃米小姐\\n[1]按在\\C[0]墙上……*",
  "(Man what a nice big butt... <br>": "(老天，这对屁股可真不错……<br>",
  "And soft boobs too...)": "这对奶子也是……)",
  "(She must be so warm...)": "(她揉起来一定很舒服……)",
  "(Yeah, I better get out of here before someone sees me.)": "(好了，我最好赶快出去！)",
  "Hmm! What are you doing here?": "嗯！你在这儿做什么？",
  "(Shit!!!)": "(我去！！！)",
  "\\C[14]Ms. Emmi\\C[0]: \\C[10]-2\\C[0] <br>": "\\C[14]埃米小姐\\C[0]: \\C[10]-2\\C[0] <br>",
  "\\C[14]Ms. Emmi\\C[0]: \\v[83]": "\\C[14]埃米小姐\\C[0]: \\v[83]",
  "\\C[6]Ms. Betty\\C[0]: \\C[3]+3\\C[0] <br>": "\\C[6]贝蒂小姐\\C[0]: \\C[3]+3\\C[0] <br>",
  "\\C[6]Ms. Betty\\C[0]: \\v[81]": "\\C[6]贝蒂小姐\\C[0]: \\v[81]",
  "(Time is running! I must find a place to hide!!!)": "(没时间了！我得赶快找地方躲起来！！)"
}