{
  "Me  <br>": "我<br>",
  "Auntie is sleeping very well, shouldn't disturb her. ": "阿姨睡得很香，我还是别打扰了",
  "...": "",
  "Me <br>": "我 <br>",
  "A little peek won't hurt.": "偷偷看一眼应该没什么",
  "The blanket is really entangled. ": "这毯子盖着真碍事",
  "Glups...": "*咽口水*",
  "I think if I'm careful, I could move it without waking her up. ": "我试试把毯子挪开，应该弄不醒阿姨的",
  "I'm quite nervous... Maybe later. ": "我有点紧张……要不下次再说吧",
  "\\C[20]Auntie Daisy\\C[0]: \\C[3]+3\\C[0] <br>": "\\C[20]黛西阿姨\\C[0]: \\C[3]+3\\C[0] <br>",
  "\\C[20]Auntie Daisy\\C[0]: \\v[21]": "\\C[20]黛西阿姨\\C[0]: \\v[21]",
  "SHE'S WAKING UP!!!!!": "她要醒了！！！",
  "Tactical retreat! Go Go Go!": "战术性撤退！！溜！",
  "Ok, here we go...": "很好……",
  "Phews...": "呼……",
  "It's easier than I thought.": "比我想的简单多了",
  "W..wa..wait. Wha... What is this?": "等……等等……这是什么？",
  "What is this clothes? I can clearly see everything.": "这衣服跟没穿一样",
  "And where did her panties go..?": "她怎么没穿内裤……？",
  "Better get out of here before she wakes up!": "还是趁她没醒赶快溜吧！",
  "\\C[20]Auntie Daisy\\C[0]: \\C[3]+5\\C[0] <br>": "\\C[20]黛西阿姨\\C[0]: \\C[3]+5\\C[0] <br>",
  "A bit touch is okay... I guess...": "轻轻碰一下应该没事……",
  "I-I guess I can go a \"bit\" further. Auntie seems didn't mind that I did some naughty things...": "我-我觉得还能再进一步，阿姨应该对我调皮挺宽容的",
  "It should be okay if I don't wake her up...": "只要别弄醒她就好……",
  "I'm a little pussy to make any actions right now...": "我现在大气都不敢喘一口了……",
  "The tip... I managed to get the tip inside auntie's pussy...": "头头……我想把头头塞进阿姨的小穴里……",
  "Her inside is so hot... I can feel its wall still twitching because of her climax earlier.": "她里面好热……我甚至能感觉到肉壁一颤一颤的",
  "It feels so gooooood! I can't believe I put my dick inside my aunt's pussy!": "感觉太爽啦！我竟然真的插进去了！",
  "She doesn't seem to wake up...": "她看起来睡得挺沉……",
  "*Gulp*": "*咽口水*",
  "That's a good sign. ": "到目前为止还算不错",
  "She still in her good sleep. All I need is just move slowly and not too deep...": "她还睡得挺香，我就稍微动动……",
  "Start Moving": "开始晃动",
  "It's so gooood!!!": "好舒服！！",
  "Hah-hah...": "哈啊……哈啊……",
  "I-I can feel her pussy's wall is rubbing around my dickhead!": "我-我能感觉到她的肉壁在摩擦着我的龟头！",
  "My most sensitive part is being caressed...": "正在蹭着我的敏感点……",
  "I don't think I can hold it much longer!": "我要忍不住了！",
  "Cum": "射精",
  "Her pussy is so hot because of my friction...": "我抽插搞的小穴变得好热",
  "It feels like my dickhead is melted...": "感觉我的鸡鸡要融化了……",
  "It's so numb and amazing!!!": "感觉真是太舒服了！！",
  "It's bad!!! I can't hold it anymore!!!": "不行！我认不出了！！",
  "It's coming! My hot cum!!!": "要来了，我要射了！！",
  "Pull Out": "拔出来",
  "Crap! I came inside my auntie without thinking!!!": "不好！我脑子还没反应过来就射在里面了！！",
  "It's not too deep so... I guess it would be fine!": "没插多深……应该没事吧！",
  "My cum is still flowing out from her pussy!": "小穴里还在往外流精液！",
  "I wish I can do it another round but she may wake up if I did it.": "我还想再来一遍，但可能会弄醒她",
  "I hope she will not get knocked up just by I have put my tip... and came inside her.": "希望她不会意识到我插进去……还在里面射了",
  "Better get out of here...": "还是快溜吧……",
  "I made her climax with my tongue.": "我舔到她高潮了",
  "Man... She's so sexy when she moans.": "老天……她的娇喘真色啊",
  "Her pussy is so sticky and slimy now because of my saliva and her juice leaking out.": "她的小穴已经湿的一塌糊涂了",
  "I can feel my dick is throbbing and it wants something...": "我的小鸡鸡现在一跳一跳的……",
  "It should be okay if I make it light and slow...": "如果我动作轻一点应该没事……",
  "Her pussy is twitching so much. It makes me even more horny!": "她的小穴一颤一颤的，搞得我更兴奋了！"
}