{
  "Events": "事件",
  "Schedules": "日程表",
  "Back": "返回",
  "Change Name": "改名",
  "Change Gold": "修改金钱",
  "Turn Off Cheat": "禁用作弊",
  "Weird Content": "奇怪内容",
  "Useful Tips": "有用提示",
  "Lesbian": "女同",
  "Gape, Prolapse": "扩张、宫脱",
  "X-Ray": "X光透视",
  "Turn ON": "启用",
  "Turn OFF": "禁用",
  "\\c[10]Lesbian\\c[0] content \\c[3]ONLINE\\c[0].": "\\c[10]女同\\c[0]内容\\c[3]已启用\\c[0]",
  "\\c[10]Lesbian\\c[0] content \\c[7]OFFLINE\\c[0].": "\\c[10]女同\\c[0]内容\\c[3]已禁用\\c[0]",
  "\\c[10]Gape, Prolapse\\c[0] content \\c[3]ONLINE\\c[0].": "\\c[10]扩张, 宫脱\\c[0]内容\\c[3]已启用\\c[0].",
  "\\c[10]Gape, Prolapse\\c[0] content \\c[7]OFFLINE\\c[0].": "\\c[10]扩张, 宫脱\\c[0]内容\\c[3]已禁用\\c[0].",
  "\\c[10]X-Ray\\c[0] content \\c[3]ONLINE\\c[0].": "\\c[10]X-光\\c[0]内容\\c[3]已启用\\c[0].",
  "\\c[10]X-Ray\\c[0] content \\c[7]OFFLINE\\c[0].": "\\c[10]X-光\\c[0]内容\\c[3]已禁用\\c[0].",
  "- \\c[12]F3\\c[0] true game size, prevent blurry. <br>": "- \\c[12]F3\\c[0]修改窗口为标准大小<br>",
  "- \\c[12]F4\\c[0] fullscreen. <br>": "- \\c[12]F4\\c[0]启用全屏<br>",
  "- \\c[12]H\\c[0] Hide Textbox when conversation. <br>": "- \\c[12]H\\c[0]隐藏对话框<br>",
  "- \\c[12]A\\c[0] Questlog Shortcut. <br>": "- \\c[12]A\\c[0]查看任务日志 快捷键<br>",
  "- \\c[12]P\\c[0] Phone Shortcut. <br>": "- \\c[12]P\\c[0]打开手机 快捷键<br>",
  "<br>- You can: \\c[12]Edit time freely, Change Day, Teleport\\c[0] when Cheat \\c[3]ON\\c[0]. <br>": "<br>- 当\\c[3]启用\\c[0]作弊模式时你可以\\c[12]自由修改时间、修改日期、传送地点\\c[0]<br>",
  " + Only edit \\c[12]Time\\c[0] if you miss an event or you knew what you're doing.<br>": " + 最好只在错过事件时修改\\c[12]时间\\c[0]，免得出错<br>",
  " + \\c[2]Sleep\\c[0] after \\c[12]Change Day\\c[0]. <br>": " + \\c[12]修改日期\\c[0]后记得\\c[2]睡一觉\\c[0]<br>",
  "<br>- \\c[2]Touching game\\c[0]:  <br>": "<br>- \\c[2]点击小游戏\\c[0]: <br>",
  " + \\c[12]Question Mark\\c[0] top right will show \\c[2]Touch Zones\\c[0]. <br>": " + 右上角的\\c[12]问号标志\\c[0]会显示\\c[2]你能点击的区域\\c[0]<br>",
  " + \\c[12]Arrow\\c[0] bottom right to exit \\c[2]Touching game\\c[0]. <br>": " + 右下角的\\c[12]箭头标志\\c[0]可以退出\\c[2]点击小游戏\\c[0]<br>",
  "- Only edit \\c[2]Affection Point\\c[0] and \\c[12]Progress Number\\c[0] like your old save. <br>": "- 最好照着你的旧存档修改\\c[2]好感度\\c[0]和\\c[12]进度\\c[0]<br>",
  "<br>- Save often. <br>": "<br>- 保存勤快点<br>",
  "- There's no \\c[2]Offical Android Version\\c[0] - I haven't made any Android version.  <br>": "- 这游戏没有什么\\c[2]官方安卓版\\c[0] - 我可没做过手机版 <br>",
  "Turn On Cheat": "启用作弊",
  "Shop": "商店",
  "Leave": "离开",
  "Leto's Shop": "勒托商店",
  "\\c[13]Leto's Shop\\c[0] <br>": "\\c[13]勒托商店\\c[0]<br>",
  "This is \\c[13]Leto's Shop\\c[0]. How can I help you?": "这里是\\c[13]勒托商店\\c[0]，有什么能帮你的？",
  "Me <br>": "我<br>",
  "I saw your advertisement so I wanted to check it out.": "我看到你们的广告了，就打电话问问",
  "Then you came to the right place. ": "那你来对地方了",
  "Today our special item is \\c[17]Lady Box\\c[0]\\i[154]. It contains high quality and handmade...": "今天我们的特价商品是\\c[17]夫人的盒子\\c[0]\\i[154]，纯手工良心作……",
  "It's only 9000\\i[172].": "只要 9000\\i[172]",
  "It's only 9000\\i[172]!? Are you kidding me?": "只要 9000\\i[172]？！你逗我呢？",
  "It's handmade and high quality texture. The necklace is pure pearl and gold,...": "毕竟是纯手工良心作，项链是纯金镶珍珠的……",
  "Okay, okay. I know, I know.": "行了行了，我知道了",
  "Today our special item is \\c[17]Lady Box\\c[0]\\i[154]. ": "今天我们的特价商品是\\c[17]夫人的盒子\\c[0]\\i[154]",
  "Buy": "购买",
  "Later": "下次吧",
  "Thank you very much! Your order will be delivered to your home shortly.": "感谢购买！商品将很快送到",
  "Maybe later.": "下次吧",
  "Please call us anytime if you are interested. ": "如果您回心转意，随时通知我们",
  "We are currently out of stock. Please call back later.": "我们目前缺货，请下次再询问",
  "I can't call them.": "我打不了电话",
  "*WORK IN PROGRESS*": "*尚未完成*",
  "\\C[20]Auntie Daisy\\C[0] <br>": "\\C[20]黛西阿姨\\C[0]<br>",
  " <br>": "",
  "\\c[2]Affection\\c[0]: \\c[2]\\v[21]\\c[0]|\\c[1]Progress\\c[0]: \\c[1]\\v[22]\\c[0] <br>": "\\c[2]好感度\\c[0]: \\c[2]\\v[21]\\c[0]|\\c[1]进度\\c[0]: \\c[1]\\v[22]\\c[0]<br>",
  "\\c[13]Stage 0\\c[0](\\c[1]0\\c[0]): <br>": "\\c[13]阶段0\\c[0](\\c[1]0\\c[0]):<br>",
  "- Working in the Barn <br>": "- 在谷仓干活<br>",
  "- Help Daisy with the Morning Barn Work <br>": "- 早上去谷仓帮黛西干活<br>",
  "- Daisy Sleeping <br>": "- 黛西睡觉<br>",
  "- Sleep Together <br>": "- 一起睡觉<br>",
  "- Working in the Cornfield, \\c[1]Learn How to cultivate\\c[0] <br>": "- 在玉米田干活，\\c[1]学习种地\\c[0]<br>",
  "- Cooking Lunch with Apron Only (After \\c[1]Laundry Quest\\c[0]'s Task Failed Successfully on \\c[1]Friday\\c[0]) <br>": "- 只穿着围裙做午饭(在\\c[1]周五\\c[0]的\\c[1]洗衣任务\\c[0]搞错衣服后)<br>",
  "- \\c[17]Lady Box\\c[0]\\i[154]: \\c[13]Leto's Shop\\c[0] sells it on \\c[30]Halloween\\c[0] (\\c[3]Optional\\c[0]) <br>": "- \\c[17]夫人的盒子\\c[0]\\i[154]: \\c[13]勒托商店\\c[0]在\\c[30]万圣节\\c[0]出售(\\c[3]可选\\c[0])<br>",
  "\\c[13]Stage 1\\c[0](\\c[1]2\\c[0]): Daisy's Room Damaged Floor Plank <br>": "\\c[13]阶段1\\c[0](\\c[1]2\\c[0]): 黛西卧室的坏地板<br>",
  "\\c[13]Stage 2\\c[0](\\c[1]3\\c[0]): Morning Bath Peeping: \\c[10]Daisy Touching Herself Part 1\\c[0] (\\c[2]20 AP\\c[0] and After Help Daisy with the Morning Barn Work) <br>": "\\c[13]阶段2\\c[0](\\c[1]3\\c[0]): 早晨偷看洗澡: \\c[10]黛西自慰 1\\c[0] (\\c[20]20好感度\\c[0]，早晨在谷仓帮助黛西干活后)<br>",
  "- Night Shoulder Massage <br>": "- 夜间肩膀按摩<br>",
  "\\c[13]Stage 3\\c[0](\\c[1]4\\c[0]): Morning Bath Peeping: Daisy Touching Herself Part 2 (After Part 1) <br>": "\\c[13]阶段3\\c[0](\\c[1]4\\c[0]): 早晨偷看洗澡: 黛西自慰 2 (在看过1后)",
  "\\c[13]Stage 4\\c[0](\\c[1]5\\c[0]): Daisy Sleeping (\\c[2]30 AP\\c[0]) <br>": "\\c[13]阶段4\\c[0](\\c[1]5\\c[0]): 黛西睡觉 (\\c[2]30好感\\c[0])<br>",
  "- Daisy Sleeping Actions: \\c[10]Remove Blanket\\c[0] <br>": "- 黛西睡觉时对她动手动脚: \\c[10]移除毛毯\\c[0]",
  "\\c[13]Stage 5\\c[0](\\c[1]6\\c[0]): \\c[10]Daisy Self Finger\\c[0] (\\c[2]40 AP\\c[0] and After Morning Bath Peeping \\c[1]Weekday\\c[0]) <br>": "\\c[13]阶段 5\\c[0](\\c[1]6\\c[0]): \\c[10]黛西自慰\\c[0] (\\c[2]40好感度\\c[0]，且在早晨偷看洗澡后的\\c[1]周内\\c[0])<br>",
  "- Sleep Together \\c[10]Nude\\c[0] <br>": "- 一起睡，且\\c[10]光着身子\\c[0]<br>",
  "\\c[13]Stage 6\\c[0](\\c[1]7\\c[0]): Height Problem When Having Dinner (\\c[2]50 AP\\c[0] and After the first day of school) <br>": "\\c[13]阶段 6\\c[0](\\c[1]7\\c[0]): 吃晚饭时谈到身高问题 (\\c[2]50好感度\\c[0]，且在第一天去学校后)<br>",
  "\\c[13]Stage 7\\c[0](\\c[1]8\\c[0]): Drinking Milk While Sleeping Together: \\c[10]Boob Suck\\c[0] <br>": "\\c[13]阶段 7\\c[0](\\c[1]8\\c[0]): 一起睡时嘬奶: \\c[10]嘬奶子\\c[0]<br>",
  "- Peeping Under the Table While Having Meal (Depending on Daisy's Costumes) <br>": "- 吃饭时在饭桌下偷看 (看到什么取决于当日穿着)<br>",
  "- Cooking Lunch with Apron Only: \\c[10]Butt Slap\\c[0] <br>": "- 只穿着围裙做午饭: \\c[10]拍屁股\\c[0]<br>",
  "\\c[13]Stage 8\\c[0](\\c[1]9\\c[0]): Auntie's Beautiful Butt: \\c[10]Wank\\c[0] (\\c[2]60 AP\\c[0] and After Morning Bath Together) <br>": "\\c[13]阶段 8\\c[0](\\c[1]9\\c[0]): 阿姨的美臀: \\c[10]自慰\\c[0] (\\c[2]60好感度\\c[0]，且在早上一起洗澡后)<br>",
  "- Morning Bath Peeping: \\c[10]Neuron Activate\\c[0] (\\c[1]Weekday\\c[0]) <br>": "- 早晨偷看洗澡: \\c[10]脑补\\c[0] (\\c[1]周内\\c[0])<br>",
  "- \\c[10]Bathroom Wanking while fantasizing about Daisy\\c[0] (\\c[10]X-Ray\\c[0]) <br>": "- \\c[10]在浴室拿黛西当配菜自慰\\c[0] (\\c[10]透视\\c[0])<br>",
  "- Daisy Sleeping Actions: \\c[10]Undress\\c[0], \\c[10]Thigh Touch\\c[0] <br>": "- 黛西睡觉时动手动脚: \\c[10]脱衣服\\c[0], \\c[10]摸大腿\\c[0]",
  "\\c[13]Stage 9\\c[0](\\c[1]10\\c[0]): Sleep Together Daisy's Craving: \\c[10]Scrotchjob\\c[0] (\\c[2]70 AP\\c[0] and After \\c[10]Boob Suck\\c[0]) <br>": "\\c[13]阶段 9\\c[0](\\c[1]10\\c[0]): 一起睡时黛西发情: \\c[10]胯交\\c[0] (\\c[2]70好感度\\c[0]，且在\\c[10]嘬奶\\c[0]之后)<br>",
  "- Night Bath Together: \\c[10]Butt Rub\\c[0] <br>": "- 晚上一起洗澡: \\c[10]蹭屁股\\c[0]<br>",
  "- Daisy Sleeping Actions: \\c[10]Pussy Lick\\c[0], \\c[10]Light Sex\\c[0], \\c[10]Light Sex X-Ray\\c[0] <br>": "- 黛西睡觉时动手动脚: \\c[10]舔穴\\c[0], \\c[10]稍微做爱\\c[0], \\c[10]稍微做爱 透视\\c[0]<br>",
  "- Theo's Energy Drink: \\c[10]Bathroom Anal\\c[0] (\\c[3]Optional\\c[0]) <br>": "- 希奥的能量饮料: \\c[10]浴室肛交\\c[0] (\\c[3]可选\\c[0])<br>",
  "- \\c[10]Bathroom Footjob\\c[0] (\\c[2]80 AP\\c[0] and After \\c[10]Bathroom Anal\\c[0]) (\\c[3]Optional\\c[0]) <br>": "- \\c[10]浴室足交\\c[0] (\\c[2]80好感度\\c[0]，且在\\c[10]浴室肛交\\c[0]后) (\\c[3]可选\\c[0])<br>",
  "- \\c[17]Lady Box\\c[0]\\i[154]: \\c[10]Spank\\c[0], \\c[10]Blowjob\\c[0], \\c[10]Female Butter Churner\\c[0] (\\c[3]Optional\\c[0]) <br>": "- \\c[17]夫人的盒子\\c[0]\\i[154]: \\c[10]拍屁股\\c[0], \\c[10]口交\\c[0], \\c[10]女上位肛交\\c[0] (\\c[3]可选\\c[0])<br>",
  "\\c[13]Stage 10\\c[0](\\c[1]11\\c[0]): Help Wash Dishes (\\c[2]80 AP\\c[0]) <br>": "\\c[13]阶段 10\\c[0](\\c[1]11\\c[0]): 帮忙洗碗 (\\c[2]80好感度\\c[0])<br>",
  "\\c[13]Stage 11\\c[0](\\c[1]18\\c[0]): Morning Shopping with Anna (\\c[1]After Help Anna with Her Homework 2\\c[0]) (\\c[20]Go to bed on Weekends or Friday\\c[0]) <br>": "\\c[13]阶段 11\\c[0](\\c[1]18\\c[0]): 早上和安娜去购物 (在\\c[1]帮安娜做作业 2\\c[0]后) (\\c[20]周五或周末上床睡觉\\c[0])<br>",
  "\\c[13]Stage 12\\c[0](\\c[1]21\\c[0]): River Picnic (\\c[2]90 AP\\c[0]) (\\c[1]Require\\c[0] \\c[14]2 Dresses\\c[0]\\i[153]-\\c[17]3000\\c[0]\\i[172] and Dinner) <br>": "\\c[13]阶段 12\\c[0](\\c[1]21\\c[0]): 河边野餐 (\\c[2]90好感度\\c[0]) (\\c[1]需要\\c[0]\\c[14]2件裙子\\c[0]\\i[153]-\\c[17]3000\\c[0]\\i[172]，吃晚饭)<br>",
  "- \\c[10]Picnic\\c[0] (Ask on \\c[1]Saturday\\c[0] Dinner) <br>": "- \\c[10]野餐\\c[0] (在\\c[1]周六\\c[0]晚饭上问)<br>",
  "\\c[13]Stage 13\\c[0](\\c[1]22\\c[0]): Corn Harvesting Heavy Rain (\\c[2]100 AP\\c[0]) <br>": "\\c[13]阶段 13\\c[0](\\c[1]22\\c[0]): 收玉米时下大雨 (\\c[2]100好感度\\c[0])<br>",
  "- Daisy's Cornfield need to be fully grown <br>": "- 黛西的玉米必须全部成熟了",
  "\\c[13]Stage 14\\c[0](\\c[1]24\\c[0]): Daisy's Shoulder Pain (Talk with Theo at \\c[1]11 AM\\c[0]) <br>": "\\c[13]阶段 14\\c[0](\\c[1]24\\c[0]): 黛西肩膀痛 (在\\c[1]11 AM\\c[0]找希奥谈话)<br>",
  "- The Dealer (\\c[14]Horny Oil\\c[0]\\i[214], \\c[14]Adult Massage Book\\c[0]\\i[230]-\\c[17]3000\\c[0]\\i[172]) (\\c[1]Weekdays\\c[0]) (\\c[1]School Morning\\c[0]) <br>": "- 货商 (\\c[14]色情油\\c[0]\\i[214], \\c[14]成人按摩书\\c[0]\\i[230]-\\c[17]3000\\c[0]\\i[172]) (\\c[1]周内\\c[0]) (\\c[1]学校早晨\\c[0])<br>",
  "\\c[13]Stage 15\\c[0](\\c[1]25\\c[0]): New Massage Technique: \\c[10]Boobs Massage\\c[0] (\\c[2]110 AP\\c[0]) (\\c[1]Require\\c[0] \\c[14]Horny Oil\\c[0]\\i[214] \\c[1]to replay\\c[0]) <br>": "\\c[13]阶段 15\\c[0](\\c[1]25\\c[0]): 新按摩技术: \\c[10]胸部按摩\\c[0] (\\c[2]110好感度\\c[0]) (\\c[1]需要\\c[0]\\c[14]色情油\\c[0]\\i[214]\\c[1]以重复\\c[0])<br>",
  "\\c[13]Stage 16\\c[0](\\c[1]26\\c[0]): Corn Harvesting Heavy Rain: \\c[10]Handjob\\c[0] (\\c[2]120 AP\\c[0]) <br>": "\\c[13]阶段 16\\c[0](\\c[1]26\\c[0]): 收玉米时下大雨: \\c[10]手交\\c[0] (\\c[2]120好感度\\c[0])<br>",
  "\\c[13]Stage 17\\c[0](\\c[1]30\\c[0]): Daisy's Room Backup Keys (\\c[2]130 AP\\c[0]) (\\c[1]After Danesia the Blacksmith First Meeting\\c[0]) <br>": "\\c[13]阶段 17\\c[0](\\c[1]30\\c[0]): 黛西卧室备用钥匙 (\\c[2]130好感度\\c[0]) (\\c[1]在与达奈希娅首次见面后\\c[0])<br>",
  "- \\c[10]Boobs Massage\\c[0] again then talk with Danesia in the \\c[1]Morning\\c[0] <br>": "- 再次\\c[10]胸部按摩\\c[0]后与达奈希娅在\\c[1]早晨\\c[0]对话<br>",
  "\\c[13]Stage 18\\c[0](\\c[1]31\\c[0]): Help Wash Dishes: \\c[10]Thighjob\\c[0] (\\c[2]140 AP\\c[0]) <br>": "\\c[13]阶段 18\\c[0](\\c[1]31\\c[0]): 帮忙洗碗: \\c[10]股交\\c[0] (\\c[2]140好感度\\c[0])<br>",
  "\\c[13]Stage 19\\c[0](\\c[1]32\\c[0]): Corn Harvesting Heavy Rain: \\c[10]Blowjob\\c[0] (\\c[2]150 AP\\c[0]) <br>": "\\c[13]阶段 19\\c[0](\\c[1]32\\c[0]): 收玉米时下大雨: \\c[10]口交\\c[0] (\\c[2]150好感度\\c[0])<br>",
  "\\c[13]Stage 20\\c[0](\\c[1]37\\c[0]): The Pit of Glory (\\c[2]160 AP\\c[0]) (Talk with Theo at \\c[1]11 AM\\c[0] and Danesia \\c[1]Morning\\c[0]-\\c[17]500\\c[0]\\i[172]) <br>": "\\c[13]阶段 20\\c[0](\\c[1]37\\c[0]): 快乐洞 (\\c[2]160好感度\\c[0]) (与希奥和达奈希娅在\\c[1]11 AM\\c[0]交谈 \\c[1]早晨\\c[0]-\\c[17]500\\c[0]\\i[172])<br>",
  "\\c[13]Stage 21\\c[0](\\c[1]38\\c[0]): Strange Sound at Night: \\c[10]Vagina Sex\\c[0] (Only Afer Every \\c[10]Boobs Massage\\c[0]) <br>": "\\c[13]阶段 21\\c[0](\\c[1]38\\c[0]): 晚上的怪声音: \\c[10]做爱\\c[0] (仅在每晚\\c[10]胸部按摩\\c[0]后)<br>",
  "Change Affection Points": "修改好感度",
  "Change Progress": "修改进度",
  "*Please Insert the \\c[1]Blue Number\\c[0]*": "*请输入\\c[1]蓝色数字\\c[0]*",
  "\\C[20]\\C[30]Mrs. Adeera\\C[0]\\C[0] <br>": "\\C[20]\\C[30]阿黛拉女士\\C[0]\\C[0]<br>",
  "\\c[2]Affection\\c[0]: \\c[2]\\v[85]\\c[0]|\\c[1]Progress\\c[0]: \\c[1]\\v[86]\\c[0] <br>": "\\c[2]好感度\\c[0]: \\c[2]\\v[85]\\c[0]|\\c[1]进度\\c[0]: \\c[1]\\v[86]\\c[0]<br>",
  "\\c[13]Stage 1\\c[0](\\c[1]3\\c[0]): First Meet <br>": "\\c[13]阶段 1\\c[0](\\c[1]3\\c[0]): 初次见面<br>",
  "\\c[13]Stage 2\\c[0](\\c[1]4\\c[0]): After School Secrect <br>": "\\c[13]阶段 2\\c[0](\\c[1]4\\c[0]): 在发现学校秘密之后<br>",
  "- After School Office: \\c[10]Anal Toy Solo\\c[0], \\c[10]Footjob\\c[0] <br>": "- 学校办公室里: \\c[10]玩具肛交自慰\\c[0], \\c[10]足交\\c[0]<br>",
  "\\C[31]Marie\\C[0] <br>": "\\C[31]玛丽\\C[0]<br>",
  "\\c[2]Affection\\c[0]: \\c[2]\\v[101]\\c[0]|\\c[1]Progress\\c[0]: \\c[1]\\v[102]\\c[0] <br>": "\\c[2]好感度\\c[0]: \\c[2]\\v[101]\\c[0]|\\c[1]进度\\c[0]: \\c[1]\\v[102]\\c[0]<br>",
  "\\C[25]Aunt Douie\\C[0] <br>": "\\C[25]杜伊阿姨\\C[0]<br>",
  "\\c[2]Affection\\c[0]: \\c[2]\\v[35]\\c[0]|\\c[1]Progress\\c[0]: \\c[1]\\v[36]\\c[0] <br>": "\\c[2]好感度\\c[0]: \\c[2]\\v[35]\\c[0]|\\c[1]进度\\c[0]: \\c[1]\\v[36]\\c[0]<br>",
  "- Shop Items: \\i[224]\\c[14]Turnip Seed\\c[0], \\i[225]\\c[14]Potato Seeds\\c[0], \\i[226]\\c[14]Cucumber Seeds\\c[0], \\i[227]\\c[14]Corn Seeds\\c[0] <br>": "- 商店物品: \\i[224]\\c[14]芜菁种子\\c[0], \\i[225]\\c[14]土豆种子\\c[0], \\i[226]\\c[14]黄瓜种子\\c[0], \\i[227]\\c[14]玉米种子\\c[0]<br>",
  "- First Meet (After \\c[1]Learn How to Cultivate from Daisy at 3 PM\\c[0]) <br>": "- 初次见面 (在\\c[1]3 PM 找黛西学会如何种地\\c[0]后)<br>",
  "\\c[13]Stage 1\\c[0](\\c[1]3\\c[0]): Milk Delivery (\\c[2]20 AP\\c[0]) (Daisy at \\c[20]3 PM\\c[0]) <br>": "\\c[13]阶段 1\\c[0](\\c[1]3\\c[0]): 送奶 (\\c[2]20好感度\\c[0]) (\\c[20]3 PM\\c[0]找黛西)<br>",
  "\\c[13]Stage 2\\c[0](\\c[1]4\\c[0]): Morning Loading Help (\\c[2]30 AP\\c[0]) <br>": "\\c[13]阶段 2\\c[0](\\c[1]4\\c[0]): 早晨帮忙装货 (\\c[2]30好感度\\c[0])<br>",
  "\\c[13]Stage 3\\c[0](\\c[1]5\\c[0]): Baby Boy (\\c[2]40 AP\\c[0]) (\\c[20]Weekends\\c[0]) <br>": "\\c[13]阶段 3\\c[0](\\c[1]5\\c[0]): 小男孩 (\\c[2]40好感度\\c[0]) (\\c[20]周末\\c[0])<br>",
  "- \\c[10]Boob Suck\\c[0] (Require \\c[14]Bottle of Milk\\c[0]\\i[281] \"\\c[1]Help Anna milk the cow\\c[0]\") <br>": "- \\c[10]嘬奶\\c[0] (需要\\c[14]牛奶瓶\\c[0]\\i[281] \"\\c[1]帮安娜挤奶\\c[0]\")<br>",
  "\\c[13]Stage 4\\c[0](\\c[1]6\\c[0]): Night Small Talk (\\c[2]50 AP\\c[0]) (After \\c[1]Mae Wet Dream\\c[0]) (Go to Sleep) <br>": "\\c[13]阶段 4\\c[0](\\c[1]6\\c[0]): 夜晚密谈 (\\c[2]50好感度\\c[0]) (在\\c[1]与小梅有关的春梦\\c[0]后) (去睡觉)<br>",
  "\\c[13]Stage 5\\c[0](\\c[1]12\\c[0]): The Vineyard (\\c[2]60 AP\\c[0]) (\\c[1]Mae in the morning\\c[0]) <br>": "\\c[13]阶段 5\\c[0](\\c[1]12\\c[0]): 葡萄园 (\\c[2]60好感度\\c[0]) (\\c[1]早晨找小梅\\c[0])<br>",
  "- Business Work (Vineyard) (\\c[1]Weekdays\\c[0]) (\\c[20]3 PM\\c[0]) <br>": "- 干活 (葡萄园) (\\c[1]周内\\c[0]) (\\c[20]3 PM\\c[0])<br>",
  "- A Suspicious Order (\\c[1]A grape L 6/7\\c[0]) <br>": "- 可疑订单 (\\c[1]A grape L 6/7\\c[0])<br>",
  "\\c[13]Stage 6\\c[0](\\c[1]15\\c[0]): Cucumber Field 1 (\\c[2]70 AP\\c[0]) (\\c[1]Cucumber Harvest Period\\c[0]) <br>": "\\c[13]阶段 6\\c[0](\\c[1]15\\c[0]): 黄瓜田 1 (\\c[2]70好感度\\c[0]) (\\c[1]收黄瓜季\\c[0])<br>",
  "- \\c[10]Anal Solo\\c[0] <br>": "- \\c[10]肛交自慰\\c[0]",
  "\\c[13]Stage 7\\c[0](\\c[1]16\\c[0]): Plum Harvesting 1 (\\c[2]80 AP\\c[0]) (\\c[1]Plum Harvest Period\\c[0]) <br>": "\\c[13]阶段 7\\c[0](\\c[1]16\\c[0]): 收李子 1 (\\c[2]80好感度\\c[0]) (\\c[1]收李子季\\c[0])<br>",
  "\\c[13]Stage 8\\c[0](\\c[1]17\\c[0]): Cucumber Field 2 (\\c[2]90 AP\\c[0]) (\\c[1]Cucumber Harvest Period\\c[0]) <br>": "\\c[13]阶段 8\\c[0](\\c[1]17\\c[0]): 黄瓜田 2 (\\c[2]90好感度\\c[0]) (\\c[1]收黄瓜季\\c[0])<br>",
  "- \\c[10]Blowjob\\c[0] <br>": "- \\c[10]口交\\c[0]<br>",
  "\\c[13]Stage 9\\c[0](\\c[1]18\\c[0]): Plum Harvesting 2 (\\c[2]100 AP\\c[0]) (\\c[1]Plum Harvest Period\\c[0]) <br>": "\\c[13]阶段 9\\c[0](\\c[1]18\\c[0]): 收李子 2 (\\c[2]100好感度\\c[0]) (\\c[1]收李子季\\c[0])<br>",
  "- \\c[10]Vagina Lick\\c[0] <br>": "- \\c[10]舔穴\\c[0]<br>",
  "- Baby Boy: \\c[10]Nipple Lick\\c[0], \\c[10]Vagina Finger\\c[0] <br>": "- 小男孩: \\c[10]舔乳头\\c[0], \\c[10]指交\\c[0]<br>",
  "\\c[13]Stage 10\\c[0](\\c[1]19\\c[0]): Cucumber Field 3 (\\c[2]110 AP\\c[0]) (\\c[1]Cucumber Harvest Period\\c[0]) <br>": "\\c[13]阶段 10\\c[0](\\c[1]19\\c[0]): 黄瓜田 3 (\\c[2]110好感度\\c[0]) (\\c[1]收黄瓜季\\c[0])<br>",
  "- \\c[10]Anal\\c[0] <br>": "- \\c[10]肛交\\c[0]<br>",
  "\\C[10]Santie\\C[0] <br>": "\\C[10]珊迪\\C[0]<br>",
  "\\c[2]Affection\\c[0]: \\c[2]\\v[31]\\c[0]|\\c[1]Progress\\c[0]: \\c[1]\\v[32]\\c[0] <br>": "\\c[2]好感度\\c[0]: \\c[2]\\v[31]\\c[0]|\\c[1]进度\\c[0]: \\c[1]\\v[32]\\c[0]<br>",
  "- \\c[10]Christmas Night\\c[0] visit <br>": "- \\c[10]圣诞夜\\c[0]拜访<br>",
  "\\C[21]Joyce\\C[0]": "\\C[21]乔伊丝\\C[0]",
  "\\c[2]Affection\\c[0]: \\c[2]\\v[27]\\c[0]|\\c[1]Progress\\c[0]: \\c[1]\\v[28]\\c[0] <br>": "\\c[2]好感度\\c[0]: \\c[2]\\v[27]\\c[0]|\\c[1]进度\\c[0]: \\c[1]\\v[28]\\c[0]<br>",
  "\\c[13]Stage 1\\c[0](\\c[1]2\\c[0]): A Surprise (\\c[20]Weekends\\c[0]) (\\c[2]PREVIOUS\\c[0]) <br>": "\\c[13]阶段 1\\c[0](\\c[1]2\\c[0]): 惊喜 (\\c[20]周末\\c[0]) (\\c[2]上一版本\\c[0])<br>",
  "- After Daisy Stage 21, Anna Stage 8, Douie Stage 10, Mae Stage 12, Pixie Stage 6 -> Help Anna Milk the Cow <br>": "- 在黛西阶段21, 在安娜阶段8, 杜伊阶段10, 梅阶段12, 皮可茜阶段6后 -> 帮助安娜挤奶<br>",
  "\\c[13]Stage 2\\c[0](\\c[1]3\\c[0]): Dinner (\\c[2]PREVIOUS\\c[0]) <br>": "\\c[13]阶段 2\\c[0](\\c[1]3\\c[0]): 晚饭 (\\c[2]上一版本\\c[0])<br>",
  "\\c[13]Stage 3\\c[0](\\c[1]6\\c[0]): Celebration (\\c[1]Cow Barn Morning\\c[0]) (Invite Douie in the \\c[1]Morning\\c[0]) (\\c[2]PREVIOUS\\c[0]) <br>": "\\c[13]阶段 3\\c[0](\\c[1]6\\c[0]): 庆祝 (\\c[1]早晨去谷仓找牛\\c[0]) (在\\c[1]早晨\\c[0]邀请杜伊) (\\c[2]上一版本\\c[0])<br>",
  "\\c[13]Stage 4\\c[0](\\c[1]8\\c[0]): Sleep Together (\\c[2]PREVIOUS\\c[0]) <br>": "\\c[13]阶段 4\\c[0](\\c[1]8\\c[0]): 一起睡 (\\c[2]上一版本\\c[0])<br>",
  "\\C[20]Mae\\C[0] <br>": "\\C[20]梅\\C[0]<br>",
  "\\c[2]Affection\\c[0]: \\c[2]\\v[37]\\c[0]|\\c[1]Progress\\c[0]: \\c[1]\\v[38]\\c[0] <br>": "\\c[2]好感度\\c[0]: \\c[2]\\v[37]\\c[0]|\\c[1]进度\\c[0]: \\c[1]\\v[38]\\c[0]<br>",
  "- Morning Hug: \\c[10]Boob Squeeze\\c[0] (\\c[1]After Douie First Meet\\c[0]) <br>": "- 早晨拥抱: \\c[10]捏奶子\\c[0] (\\c[1]在和杜伊初次见面后\\c[0])<br>",
  "\\c[13]Stage 1\\c[0](\\c[1]2\\c[0]): Morning Talk (\\c[2]20 AP\\c[0]) <br>": "\\c[13]阶段 1\\c[0](\\c[1]2\\c[0]): 早晨交谈 (\\c[2]20好感度\\c[0])<br>",
  "\\c[13]Stage 2\\c[0](\\c[1]3\\c[0]): Vegetable Field <br>": "\\c[13]阶段 2\\c[0](\\c[1]3\\c[0]): 蔬菜田<br>",
  "- Vegetable Field: \\c[10]Butt Tease\\c[0] (\\c[2]30 AP\\c[0]) <br>": "- 蔬菜田: \\c[10]挑拨屁股\\c[0] (\\c[2]30好感度\\c[0])<br>",
  "\\c[13]Stage 3\\c[0](\\c[1]4\\c[0]): Memory 1st (\\c[2]40 AP\\c[0]) <br>": "\\c[13]阶段 3\\c[0](\\c[1]4\\c[0]): 第1段回忆 (\\c[2]40好感度\\c[0])<br>",
  "\\c[13]Stage 4\\c[0](\\c[1]5\\c[0]): Horse Ride <br>": "\\c[13]阶段 4\\c[0](\\c[1]5\\c[0]): 骑马<br>",
  "\\c[13]Stage 5\\c[0](\\c[1]6\\c[0]): Ride Horse Together (\\c[2]50 AP\\c[0]) <br>": "\\c[13]阶段 5\\c[0](\\c[1]6\\c[0]): 一起骑马 (\\c[2]50好感度\\c[0])<br>",
  "\\c[13]Stage 6\\c[0](\\c[1]7\\c[0]): Horse Bath <br>": "\\c[13]阶段 6\\c[0](\\c[1]7\\c[0]): 给马洗澡<br>",
  "\\c[13]Stage 7\\c[0](\\c[1]8\\c[0]): Horse Trip Invite (\\c[1]Horse Bath\\c[0] with \\c[2]60 AP\\c[0]) <br>": "\\c[13]阶段 7\\c[0](\\c[1]8\\c[0]): 邀请骑马出游 (\\c[1]给马洗澡后\\c[0] \\c[2]60好感度\\c[0])<br>",
  "\\c[13]Stage 8\\c[0](\\c[1]9\\c[0]): Weekend Horse Trip (\\c[20]Weekend\\c[0]) <br>": "\\c[13]阶段 8\\c[0](\\c[1]9\\c[0]): 周末骑马出游 (\\c[20]周末\\c[0])<br>",
  "- Horse Bath: \\c[10]Handjob\\c[0] (\\c[2]70 AP\\c[0]) (\\c[1]Weekday\\c[0]) <br>": "- 给马洗澡: \\c[10]手交\\c[0] (\\c[2]70好感度\\c[0]) (\\c[1]周内\\c[0])<br>",
  "\\c[13]Stage 9\\c[0](\\c[1]10\\c[0]): Memory 2nd (\\c[2]80 AP\\c[0]) <br>": "\\c[13]阶段 9\\c[0](\\c[1]10\\c[0]): 第2段回忆 (\\c[2]80好感度\\c[0])<br>",
  "\\c[13]Stage 10\\c[0](\\c[1]12\\c[0]): Night Visit (\\c[1]Mae's House\\c[0]) (\\c[20]10 PM\\c[0]) <br>": "\\c[13]阶段 10\\c[0](\\c[1]12\\c[0]): 夜晚拜访 (\\c[1]小梅的房子\\c[0]) (\\c[20]10 PM\\c[0])<br>",
  "\\c[13]Stage 11\\c[0](\\c[1]14\\c[0]): Wet Dream <br>": "\\c[13]阶段 11\\c[0](\\c[1]14\\c[0]): 春梦<br>",
  "- Wild Memory: \\c[10]Blowjob\\c[0], \\c[10]Missionary\\c[0] (\\c[10]X-Ray\\c[0]) <br>": "- 狂野回忆: \\c[10]口交\\c[0], \\c[10]传教士体位\\c[0] (\\c[10]X光透视\\c[0])<br>",
  "\\c[13]Stage 12\\c[0](\\c[1]15\\c[0]): Weekend Horse Trip (\\c[2]90 AP\\c[0]) (\\c[20]Weekend\\c[0]) <br>": "\\c[13]阶段 12\\c[0](\\c[1]15\\c[0]): 周末骑马出游 (\\c[2]90好感度\\c[0]) (\\c[20]周末\\c[0])<br>",
  "- Weekend Horse Trip: \\c[10]Handjob\\c[0], \\c[10]Boobjob\\c[0] <br>": "- 周末骑马出游: \\c[10]手交\\c[0], \\c[10]乳交\\c[0]<br>",
  "\\C[3]Elphaba\\C[0] <br>": "\\C[3]埃尔珐芭\\C[0]<br>",
  "\\c[2]Affection\\c[0]: \\c[2]\\v[39]\\c[0]|\\c[1]Progress\\c[0]: \\c[1]\\v[40]\\c[0] <br>": "\\c[2]好感度\\c[0]: \\c[2]\\v[39]\\c[0]|\\c[1]进度\\c[0]: \\c[1]\\v[40]\\c[0]<br>",
  "\\c[13]Stage 1\\c[0](\\c[1]1\\c[0]): Rumors in the forest 1 (\\c[1]After the First School Day Event\\c[0]) <br>": "\\c[13]阶段 1\\c[0](\\c[1]1\\c[0]): 森林的谣言 1 (\\c[1]在第一天去学校后\\c[0])<br>",
  "\\c[13]Stage 2\\c[0](\\c[1]2\\c[0]): Rumors in the forest 2 (\\c[1]Weekday Morning\\c[0]) <br>": "\\c[13]阶段 2\\c[0](\\c[1]2\\c[0]): 森林的谣言 2 (\\c[1]周内早晨\\c[0])<br>",
  "\\c[13]Stage 3\\c[0](\\c[1]14\\c[0]): Meet Elphaba (\\c[1]Go to the Lost Woods in the Morning\\c[0]) <br>": "\\c[13]阶段 3\\c[0](\\c[1]14\\c[0]): 遇见埃尔珐芭 (\\c[1]早晨进入迷失森林\\c[0])<br>",
  "- Received \\c[14]Elphaba's Gift\\i[146]\\c[0] <br>": "- 收到\\c[14]埃尔珐芭的礼物\\i[146]\\c[0]<br>",
  "\\c[13]Stage 4\\c[0](\\c[1]22\\c[0]): Evil Force (\\c[1]After Pixie Morning Wrath\\c[0]) (Lost Woods) (\\c[2]PREVIOUS\\c[0]) <br>": "\\c[13]阶段 4\\c[0](\\c[1]22\\c[0]): 邪恶力量 (\\c[1]在皮可茜早晨生气后\\c[0]) (迷失森林) (\\c[2]上一版本\\c[0])<br>",
  "- Special Boy: \\c[10]Elphaba Sensual Scenes\\c[0] (Only Once in This Update) (\\c[2]PREVIOUS\\c[0]) <br>": "- 特别男孩: \\c[10]埃尔珐芭色情场景\\c[0] (仅一次) (\\c[2]上一版本\\c[0])<br>",
  "\\C[2]Anna\\C[0] <br>": "\\C[2]安娜\\C[0]<br>",
  "\\c[2]Affection\\c[0]: \\c[2]\\v[23]\\c[0]|\\c[1]Progress\\c[0]: \\c[1]\\v[24]\\c[0] <br>": "\\c[2]好感度\\c[0]: \\c[2]\\v[23]\\c[0]|\\c[1]进度\\c[0]: \\c[1]\\v[24]\\c[0]<br>",
  "- Peeping Anna Changing Clothes <br>": "- 偷看安娜换衣服<br>",
  "- Peeping Anna Bathing <br>": "- 偷看安娜洗澡<br>",
  "- Anna Milking Cows <br>": "- 安娜挤牛奶<br>",
  "- Bath With Anna: \\c[10]Handjob\\c[0], \\c[10]Blowjob\\c[0] (After \\C[3]Pixie\\c[0] First Meet) (\\c[1]Require \\c[14]Tiny Miny Mini Dust\\i[317]\\c[0]\\c[1]to Repeat\\c[0]) <br>": "- 和安娜一起洗澡: \\c[10]手交\\c[0], \\c[10]口交\\c[0] (在与\\C[3]皮可茜\\c[0]初次见面后) (\\c[1]需要\\c[14]迷你粉\\i[317]\\c[0]\\c[1]以重复\\c[0])<br>",
  "- Lesbian Porn Magazine Vol.1 (\\c[12]Theo 50 FP\\c[0]) (Talk with \\c[1]Theo at 7 AM\\c[0]) (\\c[3]Optional\\c[0]) <br>": "- 女同色情杂志 Vol.1 (\\c[12]和希奥 50 友情度\\c[0]) (和\\c[1]希奥在 7 AM\\c[0]交谈) (\\c[3]可选\\c[0])<br>",
  "- Lesbian Porn Magazine Vol.2 (After Vol 1 and 2000\\i[172]) (Talk with \\c[1]Theo at 7 AM\\c[0]) (\\c[3]Optional\\c[0]) <br>": "- 女同色情杂志 Vol.2 (在 Vol.1 后，且有2000\\i[172]) (和\\c[1]希奥在 7 AM\\c[0]交谈) (\\c[3]可选\\c[0])<br>",
  "- Lesbian Porn Magazine Vol.3 (\\c[12]Theo 70 FP\\c[0]) (Talk with \\c[1]Theo at 7 AM\\c[0]) (After Vol 2, \\c[17]Lady Box\\c[0]\\i[154] and 2000\\i[172]) (\\c[3]Optional\\c[0]) <br>": "- 女同色情杂志 Vol.3 (\\c[12]和希奥 70 友情度\\c[0]) (和\\c[1]希奥在 7 AM\\c[0]交谈) (在 Vol.2, \\c[17]夫人的盒子\\c[0]\\i[154]后，且有 2000\\i[172]) (\\c[3]可选\\c[0])<br>",
  "\\c[13]Stage 1\\c[0](\\c[1]1\\c[0]): Anna Sleeping (\\c[2]20 AP\\c[0]) <br>": "\\c[13]阶段 1\\c[0](\\c[1]1\\c[0]): 安娜睡觉 (\\c[2]20好感度\\c[0])<br>",
  "- Anna Sleepping Actions: \\c[10]Undress\\c[0], \\c[10]Pussy Press\\c[0], \\c[10]Pussy Rub\\c[0] <br>": "- 安娜睡觉时动手动脚: \\c[10]脱衣服\\c[0], \\c[10]戳小穴\\c[0], \\c[10]蹭小穴\\c[0]",
  "\\c[13]Stage 2\\c[0](\\c[1]3\\c[0]): \\c[10]Sleeping Handjob\\c[0] (\\c[2]30 AP\\c[0] and After Learning \\c[1]How to Milk the Cows\\c[0]) <br>": "\\c[13]阶段 2\\c[0](\\c[1]3\\c[0]): \\c[10]梦中手交\\c[0] (\\c[2]30好感度\\c[0]，在学会\\c[1]如何挤奶\\c[0]后)<br>",
  "- Hide and Seek Game: \\c[10]Butt Knead\\c[0], \\c[10]Buttjob\\c[0] (\\c[20]Weekend\\c[0] \\c[20]4 PM\\c[0]) (\\c[2]40 AP\\c[0]) <br>": "- 捉迷藏: \\c[10]蹭屁股\\c[0], \\c[10]股交\\c[0] (\\c[20]周末\\c[0] \\c[20]4 PM\\c[0]) (\\c[2]40好感度\\c[0])<br>",
  "- Anna Sleepping Actions: \\c[10]Vigina Sex\\c[0] (\\c[1]Require \\c[14]Tiny Miny Mini Dust\\i[317]\\c[0]) (\\c[2]50 AP\\c[0]) (\\c[10]X-Ray\\c[0]) <br>": "- 安娜睡觉时动手动脚: \\c[10]做爱\\c[0] (\\c[1]需要\\c[14]迷你粉\\i[317]\\c[0]) (\\c[2]50好感度\\c[0]) (\\c[10]X光透视\\c[0])<br>",
  "\\c[13]Stage 3\\c[0](\\c[1]4\\c[0]): Morning Wake Up (\\c[2]50 AP\\c[0]) (After the First School Day Event) (\\c[1]Weekday\\c[0]) <br>": "\\c[13]阶段 3\\c[0](\\c[1]4\\c[0]): 早上起床 (\\c[2]50好感度\\c[0]) (在第一天去学校后) (\\c[1]周内\\c[0])<br>",
  "- Go to school with Anna while holding her hand (\\c[1]Weekday\\c[0]) <br>": "- 拉着安娜的手去上学 (\\c[1]周内\\c[0])<br>",
  "- Anna will appear if Pixie isn't there (\\c[1]Weekday\\c[0]) <br>": "- 如果皮可茜不在，安娜会出现 (\\c[1]周内\\c[0])<br>",
  "\\c[13]Stage 4\\c[0](\\c[1]5\\c[0]): Morning Wake Up Leg or Pee Pee (\\c[2]60 AP\\c[0]) (\\c[1]Weekday\\c[0]) <br>": "\\c[13]阶段 4\\c[0](\\c[1]5\\c[0]): 早晨起床尿尿 (\\c[2]60好感度\\c[0]) (\\c[1]周内\\c[0])<br>",
  "- Morning Wake Up: \\c[10]Handjob\\c[0], \\c[10]Lickjob\\c[0] <br>": "- 早晨起床: \\c[10]手交\\c[0], \\c[10]舔肉棒\\c[0]<br>",
  "- Go to school with Anna: \\c[10]Butt Touch\\c[0] <br>": "- 和安娜一起上学: \\c[10]摸屁股\\c[0]<br>",
  "\\c[13]Stage 5\\c[0](\\c[1]6\\c[0]): Bath with Anna Normally 1 (\\c[2]70 AP\\c[0]) <br>": "\\c[13]阶段 5\\c[0](\\c[1]6\\c[0]): 和安娜一起洗澡 1 (\\c[2]70好感度\\c[0])<br>",
  "\\c[13]Stage 6\\c[0](\\c[1]7\\c[0]): Bath with Anna Normally 2: \\c[10]Armpit Job\\c[0] <br>": "\\c[13]阶段 6\\c[0](\\c[1]7\\c[0]): 和安娜一起洗澡 2: \\c[10]腋窝交\\c[0]",
  "\\c[13]Stage 7\\c[0](\\c[1]8\\c[0]): Help Anna with Her Homework 1 (\\c[2]90 AP\\c[0]) (\\c[1]Weekday\\c[0]) <br>": "\\c[13]阶段 7\\c[0](\\c[1]8\\c[0]): 帮安娜写作业 1 (\\c[2]90好感度\\c[0]) (\\c[1]周内\\c[0])<br>",
  "- Anna Study Actions: \\c[10]Armpit Tickle\\c[0], \\c[10]Nipple Tickle\\c[0] <br>": "- 安娜学习时动手动脚: \\c[10]挠胳肢窝\\c[0], \\c[10]挠乳头\\c[0]<br>",
  "\\c[13]Stage 8\\c[0](\\c[1]9\\c[0]): Help Anna with Her Homework 2 (\\c[2]100 AP\\c[0]) (\\c[1]After passing the first training\\c[0]) (\\c[1]Weekday\\c[0]) <br>": "\\c[13]阶段 8\\c[0](\\c[1]9\\c[0]): 帮安娜写作业 2 (\\c[2]100好感度\\c[0]) (\\c[1]在通过第一阶段后\\c[0]) (\\c[1]周内\\c[0])<br>",
  "- Anna Study Actions: \\c[10]Pusssy Rub\\c[0], \\c[10]Pussy Lick\\c[0] <br>": "- 安娜学习时动手动脚: \\c[10]蹭小穴\\c[0], \\c[10]舔小穴\\c[0]<br>",
  "- \\c[10]Anna Blowjob\\c[0] after passing the focus training (\\c[1]Require\\c[0] \\c[14]Pudding\\i[286]\\c[0] \\c[1]for the focus training\\c[0]) <br>": "- \\c[10]安娜口交\\c[0]，在通过训练后 (\\c[1]需要\\c[0]\\c[14]布丁\\i[286]\\c[0]\\c[1]再次训练\\c[0])<br>",
  "\\C[6]Ms. Betty\\C[0] <br>": "\\C[6]贝蒂小姐\\C[0]<br>",
  "\\c[2]Affection\\c[0]: \\c[2]\\v[81]\\c[0]|\\c[1]Progress\\c[0]: \\c[1]\\v[82]\\c[0] <br>": "\\c[2]好感度\\c[0]: \\c[2]\\v[81]\\c[0]|\\c[1]进度\\c[0]: \\c[1]\\v[82]\\c[0]<br>",
  "\\c[13]Stage 1\\c[0](\\c[1]7\\c[0]): Caught Peeping at the Swimming Pool <br>": "\\c[13]阶段 1\\c[0](\\c[1]7\\c[0]): 在泳池偷看被逮住<br>",
  "\\C[27]Mabel\\C[0] <br>": "\\C[27]梅布尔\\C[0]<br>",
  "\\c[2]Affection\\c[0]: \\c[2]\\v[103]\\c[0]|\\c[1]Progress\\c[0]: \\c[1]\\v[104]\\c[0] <br>": "\\c[2]好感度\\c[0]: \\c[2]\\v[103]\\c[0]|\\c[1]进度\\c[0]: \\c[1]\\v[104]\\c[0]<br>",
  "\\c[13]Stage 1\\c[0](\\c[1]2\\c[0]): School Fence Stuck (Got \\c[1]F\\c[0] on the Friday Test) <br>": "\\c[13]阶段 1\\c[0](\\c[1]2\\c[0]): 卡在学校栅栏上 (在周五考试中取得\\c[1]F\\c[0]成绩)<br>",
  "\\c[13]Stage 2\\c[0](\\c[1]4\\c[0]): Test Answer Steal <br>": "\\c[13]阶段 2\\c[0](\\c[1]4\\c[0]): 偷考试答案<br>",
  "- School Fence Stuck: \\c[10]Butt Slap\\c[0] <br>": "- 卡在学校栅栏上: \\c[10]拍屁股\\c[0]<br>",
  "\\c[13]Stage 3\\c[0](\\c[1]5\\c[0]): Blackmail 1 <br>": "\\c[13]阶段 3\\c[0](\\c[1]5\\c[0]): 勒索 1<br>",
  "\\c[13]Stage 4\\c[0](\\c[1]6\\c[0]): Blackmail 2 <br>": "\\c[13]阶段 4\\c[0](\\c[1]6\\c[0]): 勒索 2<br>",
  "\\c[13]Stage 5\\c[0](\\c[1]7\\c[0]): Blackmail 3 <br>": "\\c[13]阶段 5\\c[0](\\c[1]7\\c[0]): 勒索 3<br>",
  "- After Class: \\c[10]Cheek Kiss\\c[0], \\c[10]Neck Kiss\\c[0] (\\c[2]20 AP\\c[0]), \\c[10]Tits Squeeze\\c[0] (\\c[2]30 AP\\c[0]) <br>": "- 下课后: \\c[10]亲脸颊\\c[0], \\c[10]亲脖子\\c[0] (\\c[2]20好感度\\c[0]), \\c[10]捏奶子\\c[0] (\\c[2]30好感度\\c[0])<br>",
  "\\c[13]Stage 6\\c[0](\\c[1]8\\c[0]): Thursday Night 1 (After \\c[10]Tits Squeeze \\c[0]) <br>": "\\c[13]阶段 6\\c[0](\\c[1]8\\c[0]): 周四夜晚 1 (在\\c[10]捏奶子\\c[0]后)<br>",
  "\\c[13]Stage 7\\c[0](\\c[1]9\\c[0]): Thursday Night 2 <br>": "\\c[13]阶段 7\\c[0](\\c[1]9\\c[0]): 周四夜晚 2<br>",
  "\\c[13]Stage 8\\c[0](\\c[1]10\\c[0]): Thursday Night 3 <br>": "\\c[13]阶段 8\\c[0](\\c[1]10\\c[0]): 周四夜晚 3<br>",
  "- Locker: \\c[10]Pull Pants\\c[0], \\c[10]Butt Rub\\c[0], \\c[10]Anal\\c[0] <br>": "- 储物柜: \\c[10]脱裤子\\c[0], \\c[10]蹭屁股\\c[0], \\c[10]肛交\\c[0]<br>",
  "\\C[3]Pixie\\c[0] <br>": "\\C[3]皮可茜\\c[0]<br>",
  "\\c[2]Affection\\c[0]: \\c[2]\\v[33]\\c[0]|\\c[1]Progress\\c[0]: \\c[1]\\v[34]\\c[0] <br>": "\\c[2]好感度\\c[0]: \\c[2]\\v[33]\\c[0]|\\c[1]进度\\c[0]: \\c[1]\\v[34]\\c[0]<br>",
  "\\c[13]Stage 1\\c[0](\\c[1]1\\c[0]): First Meet <br>": "\\c[13]阶段 1\\c[0](\\c[1]1\\c[0]): 初次见面<br>",
  "\\c[13]Stage 2\\c[0](\\c[1]2\\c[0]): Shop Access <br>": "\\c[13]阶段 2\\c[0](\\c[1]2\\c[0]): 允许交易<br>",
  "- Shop Item: \\c[14]Tiny Miny Mini Dust\\i[317]\\c[0] <br>": "- 商店物品: \\c[14]迷你粉\\i[317]\\c[0]<br>",
  "- Follow \\C[3]Pixie\\c[0]: \\c[10]Lift Dress\\c[0] <br>": "- 跟着\\C[3]皮可茜\\c[0]: \\c[10]掀裙子\\c[0]<br>",
  "\\c[13]Stage 3\\c[0](\\c[1]4\\c[0]): Harvest the First Vegetable (\\c[1]After Anna Mini Dust Bathroom\\c[0]) (Have Any Kind of Vegetable in Your Bag) (\\c[2]PREVIOUS\\c[0]) <br>": "\\c[13]阶段 3\\c[0](\\c[1]4\\c[0]): 第一次收菜 (\\c[1]在与安娜一起洗澡并使用迷你粉后\\c[0]) (背包里有任何蔬菜都行) (\\c[2]上一版本\\c[0])<br>",
  "\\c[13]Stage 4\\c[0](\\c[1]6\\c[0]): Dinner Salad (Talk with Daisy while She Preparing Dinner) (\\c[2]PREVIOUS\\c[0]) <br>": "\\c[13]阶段 4\\c[0](\\c[1]6\\c[0]): 沙拉晚饭 (在黛西准备晚饭时找她交谈) (\\c[2]上一版本\\c[0])<br>",
  "\\c[13]Stage 5\\c[0](\\c[1]7\\c[0]): River Peeping (\\c[10]20 AP\\c[0]) (\\c[1]Weekdays\\c[0]) (\\c[20]Afternoon\\c[0]) (\\c[2]PREVIOUS\\c[0]) <br>": "\\c[13]阶段 5\\c[0](\\c[1]7\\c[0]): 河边偷看 (\\c[10]20好感度\\c[0]) (\\c[1]周内\\c[0]) (\\c[20]下午\\c[0]) (\\c[2]上一版本\\c[0])<br>",
  "\\c[13]Stage 6\\c[0](\\c[1]8\\c[0]): Fantasy World (\\c[10]30 AP\\c[0]) (Talk with Pixie at the Cornfield) (\\c[2]PREVIOUS\\c[0]) <br>": "\\c[13]阶段 6\\c[0](\\c[1]8\\c[0]): 奇幻世界 (\\c[10]30好感度\\c[0]) (在玉米田和皮可茜交谈后) (\\c[2]上一版本\\c[0])<br>",
  "\\c[13]Stage 7\\c[0](\\c[1]9\\c[0]): Sliding Game (\\c[10]40 AP\\c[0]) (at River Peeping) (\\c[2]PREVIOUS\\c[0]) <br>": "\\c[13]阶段 7\\c[0](\\c[1]9\\c[0]): 摩擦游戏 (\\c[10]40好感度\\c[0]) (在河边偷看后) (\\c[2]上一版本\\c[0])<br>",
  "- River Peeping: \\c[10]Pixie Sensual Scenes\\c[0] <br>": "- 河边偷看: \\c[10]皮可茜色情场景\\c[0]",
  "\\c[13]Stage 8\\c[0](\\c[1]12\\c[0]): Flower Spot (\\c[1]After creating the first building learned from Ek\\c[0]) (\\c[2]PREVIOUS\\c[0]) <br>": "\\c[13]阶段 8\\c[0](\\c[1]12\\c[0]): 花儿们 (\\c[1]在向埃克学会制作第一个东西后\\c[0]) (\\c[2]上一版本\\c[0])<br>",
  "\\c[13]Stage 9\\c[0](\\c[1]14\\c[0]): Easy Money (Cosmos Flower Fully Grown) (\\c[2]PREVIOUS\\c[0]) <br>": "\\c[13]阶段 9\\c[0](\\c[1]14\\c[0]): 轻松蜂蜜 (波斯菊完全盛开时) (\\c[2]上一版本\\c[0])<br>",
  "\\c[13]Stage 10\\c[0](\\c[1]16\\c[0]): Honey Thief (\\c[10]50 AP\\c[0]) (\\c[1]Morning\\c[0]) (\\c[1]After Build 3 Bee Houses\\c[0]) (\\c[2]PREVIOUS\\c[0]) <br>": "\\c[13]阶段 10\\c[0](\\c[1]16\\c[0]): 蜂蜜小偷 (\\c[10]50好感度\\c[0]) (\\c[1]早晨\\c[0]) (\\c[1]制作三个蜂箱后\\c[0]) (\\c[2]上一版本\\c[0])<br>",
  "- Seek Help From Pixie (Talk with Pixie at the Cornfield) <br>": "- 找皮可茜帮忙 (在玉米田和皮可茜交谈)<br>",
  "- Teddy encounter: \\c[10]Teddy Sensual and Sex Scenes\\c[0] (\\c[1]Morning\\c[0]) <br>": "- 遇到泰迪: \\c[10]泰迪色情场景、泰迪做爱场景\\c[0] (\\c[1]早晨\\c[0])<br>",
  "\\c[13]Stage 11\\c[0](\\c[1]20\\c[0]): Peach on the Tree (\\c[10]60 AP\\c[0]) (\\c[1]Forest Morning\\c[0]) (\\c[1]After Elphaba First Meeting\\c[0]) (\\c[2]PREVIOUS\\c[0]) <br>": "\\c[13]阶段 11\\c[0](\\c[1]20\\c[0]): 树上的桃子 (\\c[10]60好感度\\c[0]) (\\c[1]早晨，森林\\c[0]) (\\c[1]在与埃尔珐芭初次见面后\\c[0]) (\\c[2]上一版本\\c[0])<br>",
  "- \\c[10]Pixie Sensual Scenes\\c[0] <br>": "- \\c[10]皮可茜色情场景\\c[0]<br>",
  "\\c[13]Stage 12\\c[0](\\c[1]21\\c[0]): Morning Wrath (\\c[10]70 AP\\c[0]) (Go to Sleep) (\\c[1]Weekdays\\c[0]) (\\c[2]PREVIOUS\\c[0]) <br>": "\\c[13]阶段 12\\c[0](\\c[1]21\\c[0]): 早晨生气 (\\c[10]70好感度\\c[0]) (去睡觉) (\\c[1]周内\\c[0]) (\\c[2]上一版本\\c[0])<br>",
  "- \\c[10]Pixie Sensual Scenes\\c[0] (Pixie will appear if Anna isn't there) (\\c[1]Weekdays\\c[0]) <br>": "- \\c[10]皮可茜色情场景\\c[0] (安娜不在的时候皮可茜才会出现) (\\c[1]周内\\c[0])<br>",
  "\\c[13]Stage 13\\c[0](\\c[1]23\\c[0]): I'm Special (\\c[10]80 AP\\c[0]) (\\c[20]Forest Afternoon\\c[0]) (\\c[1]After Elphaba Evil Force\\c[0]) (\\c[2]PREVIOUS\\c[0]) <br>": "\\c[13]阶段 13\\c[0](\\c[1]23\\c[0]): 我是特别的 (\\c[10]80好感度\\c[0]) (\\c[20]下午，森林\\c[0]) (\\c[1]在埃尔珐芭的邪恶力量后\\c[0]) (\\c[2]上一版本\\c[0])<br>",
  "- \\c[10]Pixie Sex Scene\\c[0] (Can be repeated at River Peeping) <br>": "- \\c[10]皮可茜做爱场景\\c[0] (在河边偷看以重复)<br>",
  "\\C[14]Ms. Emmi\\C[0] <br>": "\\C[14]埃米小姐\\C[0]<br>",
  "\\c[2]Affection\\c[0]: \\c[2]\\v[83]\\c[0]|\\c[1]Progress\\c[0]: \\c[1]\\v[84]\\c[0] <br>": "\\c[2]好感度\\c[0]: \\c[2]\\v[83]\\c[0]|\\c[1]进度\\c[0]: \\c[1]\\v[84]\\c[0]<br>",
  "- Focus (When Start Class) <br>": "- 专心听讲 (开始上课时)<br>",
  "- Look Out the Window: \\c[10]Poke\\c[0] (When Start Class) <br>": "- 看窗外: \\c[10]戳戳\\c[0] (开始上课时)<br>",
  "\\c[13]Stage 1\\c[0](\\c[1]3\\c[0]): Got F on the Friday Test: \\c[10]Handjob\\c[0] (\\c[1]After Got Caught by Ms. Betty\\c[0]) <br>": "\\c[13]阶段 1\\c[0](\\c[1]3\\c[0]): 周五考试中获得F成绩: \\c[10]手交\\c[0] (\\c[1]在被贝蒂小姐逮住后\\c[0])<br>",
  "- Focus: \\c[10]Masturbate\\c[0] When Emmi Next to (\\c[2]20 AP\\c[0]) <br>": "- 专心听讲: 当埃米在身边时\\c[10]自慰\\c[0](\\c[2]20好感度\\c[0])<br>",
  "\\c[13]Stage 2\\c[0](\\c[1]7\\c[0]): Motivation (\\c[2]30 AP\\c[0]) (\\c[1]After Friday Test\\c[0]) <br>": "\\c[13]阶段 2\\c[0](\\c[1]7\\c[0]): 作案动机 (\\c[2]30好感度\\c[0]) (\\c[1]在周五考试后\\c[0])<br>",
  "\\c[13]Stage 3\\c[0](\\c[1]9\\c[0]): First A on the test <br>": "\\c[13]阶段 3\\c[0](\\c[1]9\\c[0]): 第一次取得A成绩<br>",
  "- Hug: \\c[10]Butt Grab\\c[0] (\\c[2]40 AP\\c[0]) <br>": "- 拥抱: \\c[10]揉屁股\\c[0] (\\c[2]40好感度\\c[0])<br>",
  "\\c[13]Stage 5\\c[0](\\c[1]11\\c[0]): Outdoor Class Request (\\c[1]After Adeera (The School Principal) First Meeting\\c[0]) (\\C[3]NEW\\C[0]) <br>": "\\c[13]阶段 5\\c[0](\\c[1]11\\c[0]): 请求外出上课 (\\c[1]在与阿黛拉(校长)初次见面后\\c[0]) (\\C[3]新\\C[0])<br>",
  "\\c[13]Stage 6\\c[0](\\c[1]12\\c[0]): Outdoor Class (\\c[1]Every Thursday\\c[0]) (\\C[3]NEW\\C[0]) <br>": "\\c[13]阶段 6\\c[0](\\c[1]12\\c[0]): 外出上课 (\\c[1]每周四\\c[0]) (\\C[3]新\\C[0])<br>",
  "\\c[13]Stage 7\\c[0](\\c[1]14\\c[0]): Biology Class (\\c[2]50 AP\\c[0]) (\\c[1]Every Tuesday\\c[0]) (\\C[3]NEW\\C[0]) <br>": "\\c[13]阶段 7\\c[0](\\c[1]14\\c[0]): 生物课 (\\c[2]50好感度\\c[0]) (\\c[1]每周二\\c[0]) (\\C[3]新\\C[0])<br>",
  "- Private Tutor: \\c[10]Emmi Sensual Scenes\\c[0] (\\c[1]Every Tuesday\\c[0], \\c[1]Emmi's Office\\c[0]) (\\C[3]NEW\\C[0]) <br>": "- 私教: \\c[10]埃米色情场景\\c[0] (\\c[1]每周二\\c[0], \\c[1]埃米办公室\\c[0]) (\\C[3]新\\C[0])",
  "\\c[13]Stage 8\\c[0](\\c[1]18\\c[0]): Bookworm (\\c[2]60 AP\\c[0]) (\\c[1]Emmi's Office\\c[0]) (\\c[1]After Pixie Stage 13(23)\\c[0]) (\\C[3]NEW\\C[0]) <br>": "\\c[13]阶段 8\\c[0](\\c[1]18\\c[0]): 书呆子 (\\c[2]60好感度\\c[0]) (\\c[1]埃米办公室\\c[0]) (\\c[1]在皮可茜阶段 13(23) 后\\c[0]) (\\C[3]新\\C[0])<br>",
  "- Talk to Emmi in her office -> Talk to Pixie at \\c[2]4 PM\\c[0] -> Talk to Emmi in her office after buying a \\i[231]\\c[14]Fatasy Book\\c[0] (\\c[14]500\\c[0]\\i[172]) from Pixie (\\C[3]NEW\\C[0]) <br>": "- 在办公室和艾米交谈 -> 在\\c[2]4 PM\\c[0]与皮可茜交谈 -> 从皮可茜那里买一本\\i[231]\\c[14]奇幻书\\c[0]后和埃米交谈 (\\c[14]500\\c[0]\\i[172]) (\\C[3]新\\C[0])<br>",
  "\\c[13]Stage 9\\c[0](\\c[1]23\\c[0]): Dirty Book (\\c[2]70 AP\\c[0]) (\\c[1]Emmi's Office\\c[0]) (Hide under Emmi's desk at \\c[2]12 PM\\c[0] to repeat) (\\C[3]NEW\\C[0]) <br>": "\\c[13]阶段 9\\c[0](\\c[1]23\\c[0]): 小黄书 (\\c[2]70好感度\\c[0]) (\\c[1]埃米办公室\\c[0]) (在\\c[2]12 PM\\c[0]躲在埃米的桌子下以重复) (\\C[3]新\\C[0])<br>",
  "- Talk to Emmi when having a \\i[231]\\c[14]Fatasy Book\\c[0] in inventory -> Talk to Pixie at \\c[2]4 PM\\c[0] -> Talk to Emmi after buying a \\i[233]\\c[14]Dirty Book\\c[0] (\\c[14]3000\\c[0]\\i[172]) from Pixie (\\C[3]NEW\\C[0]) <br>": "- 背包里有\\i[231]\\c[14]奇幻书\\c[0]时和埃米交谈 -> 在\\c[2]4 PM\\c[0]和皮可茜交谈 -> 从皮可茜那里买一本\\i[233]\\c[14]小黄书\\c[0]后和埃米交谈 (\\c[14]3000\\c[0]\\i[172]) (\\C[3]新\\C[0])<br>",
  "- \\c[10]Emmi Sensual Scenes\\c[0] (\\C[3]NEW\\C[0]) <br>": "- \\c[10]埃米色情场景\\c[0] (\\C[3]新\\C[0])<br>",
  "\\c[13]Stage 10\\c[0](\\c[1]24\\c[0]): Most Beloved Student (\\c[1]6 AM every Monday, Classroom\\c[0]) (\\C[3]NEW\\C[0]) <br>": "\\c[13]阶段 10\\c[0](\\c[1]24\\c[0]): 最受喜爱的学生 (\\c[1]每周一 6 AM, 在教室\\c[0]) (\\C[3]新\\C[0])<br>",
  "\\c[13]Stage 11\\c[0](\\c[1]27\\c[0]): Bullied (\\c[2]80 AP\\c[0]) (\\c[1]Afternoon After Class, Student Toilet\\c[0]) (\\C[3]NEW\\C[0]) <br>": "\\c[13]阶段 11\\c[0](\\c[1]27\\c[0]): 受欺凌 (\\c[2]80好感度\\c[0]) (\\c[1]下午放学后, 学生卫生间\\c[0]) (\\C[3]新\\C[0])<br>",
  "- \\c[10]Tana and Emmi Sensual Scenes\\c[0] (\\C[3]NEW\\C[0]) <br>": "- \\c[10]塔娜和埃米色情场景\\c[0] (\\C[3]新\\C[0])",
  "\\c[13]Stage 12\\c[0](\\c[1]30\\c[0]): Overtime Grading (\\c[1]Every Friday, Emmi's Office\\c[0]) (\\C[3]NEW\\C[0]) <br>": "\\c[13]阶段 12\\c[0](\\c[1]30\\c[0]): 开小灶 (\\c[1]每周五在埃米办公室\\c[0]) (\\C[3]新\\C[0])<br>",
  "- After talking with Emmi after \\c[1]Friday's Test\\c[0] -> Talk to Emmi when having a \\i[239]\\c[14]Bubble Tea\\c[0] (\\c[14]200\\c[0]\\i[172]) (\\c[1]Convenient Store\\c[0]) in inventory (\\C[3]NEW\\C[0]) <br>": "-在\\c[1]周五考试\\c[0]完与埃米谈话后 -> 背包里有\\i[239]\\c[14]泡泡茶\\c[0]时与埃米交谈 (\\c[14]200\\c[0]\\i[172]) (可以在\\c[1]便利店\\c[0]买) (\\C[3]新\\C[0])<br>",
  "\\c[13]Stage 13\\c[0](\\c[1]32\\c[0]): Teacher Toilet (\\c[2]90 AP\\c[0]) (\\c[1]6 AM, every day except Monday\\c[0]) (\\C[3]NEW\\C[0]) <br>": "\\c[13]阶段 13\\c[0](\\c[1]32\\c[0]): 教师卫生间 (\\c[2]90好感度\\c[0]) (\\c[1]6 AM，除了周一\\c[0]) (\\C[3]新\\C[0])<br>",
  "- \\c[10]Emmi Sex Scenes\\c[0] (\\C[3]NEW\\C[0]) <br>": "- \\c[10]埃米做爱场景\\c[0] (\\C[3]新\\C[0])<br>",
  "\\c[13]Stage 14\\c[0](\\c[1]33\\c[0]): Skip Class (\\c[2]100 AP\\c[0]) (\\c[0]Hide under Emmi's desk, Classroom\\c[0]) (\\c[1]6 AM except Monday and Thursday\\c[0]) (\\C[3]NEW\\C[0]) <br>": "\\c[13]阶段 14\\c[0](\\c[1]33\\c[0]): 跳过上课时间 (\\c[2]100好感度\\c[0]) (\\c[0]教室里藏在埃米的桌子下\\c[0]) (\\c[1]6 AM，除了周一周四\\c[0]) (\\C[3]新\\C[0])<br>",
  "\\c[13]Stage 15\\c[0](\\c[1]34\\c[0]): Private Tutor (\\c[2]110 AP\\c[0]) (\\c[1]Every Tuesday, Emmi's Office\\c[0]) (\\C[3]NEW\\C[0]) <br>": "\\c[13]阶段 15\\c[0](\\c[1]34\\c[0]): 私教 (\\c[2]110好感度\\c[0]) (\\c[1]每周二在埃米办公室\\c[0]) (\\C[3]新\\C[0])<br>",
  "\\C[10]Korona\\c[0] <br>": "\\C[10]科罗娜\\c[0]<br>",
  "\\c[2]Affection\\c[0]: \\c[2]\\v[167]\\c[0]|\\c[1]Progress\\c[0]: \\c[1]\\v[168]\\c[0] <br>": "\\c[2]好感度\\c[0]: \\c[2]\\v[167]\\c[0]|\\c[1]进度\\c[0]: \\c[1]\\v[168]\\c[0]<br>",
  "\\c[13]Stage 1\\c[0](\\c[1]1\\c[0]): First Meeting (\\c[1]Monday Morning\\c[0]) (\\C[3]NEW\\C[0]) <br>": "\\c[13]阶段 1\\c[0](\\c[1]1\\c[0]): 初次见面 (\\c[1]周一早晨\\c[0]) (\\C[3]新\\C[0])<br>",
  "\\c[13]Stage 2\\c[0](\\c[1]2\\c[0]): Face Reveal (\\c[2]20 AP\\c[0]) (\\C[3]NEW\\C[0]) <br>": "\\c[13]阶段 2\\c[0](\\c[1]2\\c[0]): 露脸 (\\c[2]20好感度\\c[0]) (\\C[3]新\\C[0])<br>",
  "\\c[13]Stage 3\\c[0](\\c[1]17\\c[0]): Special Movie (\\c[2]30 AP\\c[0]) (\\C[3]NEW\\C[0]) <br>": "\\c[13]阶段 3\\c[0](\\c[1]17\\c[0]): 特殊电影 (\\c[2]30好感度\\c[0]) (\\C[3]新\\C[0])<br>",
  "- Talk to Theo (\\c[1]11 AM\\c[0]) -> \\c[1]Morning, Daisy's Farm\\c[0] -> Watch the movie in Callum's room on \\c[30]Halloween\\c[0] -> After 7 days, go to sleep with \\i[238]\\c[14]Coffee\\c[0] in inventory (\\c[1]Convenience Store\\c[0]) <br>": "- 和希奥在(\\c[1]11 AM\\c[0])聊天 -> \\c[1]早晨去黛西的农场\\c[0] -> 在\\c[30]万圣节\\c[0]回卧室看电影 -> 7天后，背包里装着\\i[238]\\c[14]咖啡\\c[0]睡觉 (在\\c[1]便利店\\c[0]买)<br>",
  "- \\c[10]Korona sensual scene\\c[0] <br>": "- \\c[10]科罗娜色情场景\\c[0]<br>",
  "- \\c[10]Sadoka sex scene\\c[0] (To repeat, watch the movie again and 1 \\i[238]\\c[14]Coffee\\c[0] <br>": "- \\c[10]贞子色情场景\\c[0] (带 1 个\\i[238]\\c[14]咖啡\\c[0]看电影以重复<br>",
  "\\C[10]Ms. Kate\\C[0] <br>": "\\C[10]凯特小姐\\C[0]<br>",
  "\\c[2]Affection\\c[0]: \\c[2]\\v[91]\\c[0]|\\c[1]Progress\\c[0]: \\c[1]\\v[92]\\c[0] <br>": "\\c[2]好感度\\c[0]: \\c[2]\\v[91]\\c[0]|\\c[1]进度\\c[0]: \\c[1]\\v[92]\\c[0]<br>",
  "- Peeping Kate at the Swimming Club <br>": "- 在游泳部偷看凯特<br>",
  "\\c[13]Stage 1\\c[0](\\c[1]1\\c[0]): \\c[1]First\\c[0] Caught Peeping at the Swimming Club <br>": "\\c[13]阶段1\\c[0](\\c[1]1\\c[0]): \\c[1]首次\\c[0]偷看游泳部被逮住<br>",
  "\\c[13]Stage 2\\c[0](\\c[1]2\\c[0]): \\c[1]Second\\c[0] Caught Peeping at the Swimming Club: \\c[10]Belly Rub\\c[0] (\\c[1]After Nina suggested joining the Swim Club\\c[0]) <br>": "\\c[13]阶段2\\c[0](\\c[1]2\\c[0]): \\c[1]第二次\\c[0] 偷看游泳部被逮住: \\c[10]蹭肚子\\c[0] (\\c[1]在妮娜建议加入游泳部后\\c[0])<br>",
  "\\c[13]Stage 3\\c[0](\\c[1]3\\c[0]): Join the Swimming Club <br>": "\\c[13]阶段3\\c[0](\\c[1]3\\c[0]): 加入游泳部<br>",
  "\\c[13]Stage 4\\c[0](\\c[1]4\\c[0]): Measurement (\\c[2]20 AP\\c[0]) <br>": "\\c[13]阶段 4\\c[0](\\c[1]4\\c[0]): 测量尺寸 (\\c[2]20好感度\\c[0])<br>",
  "\\c[13]Stage 5\\c[0](\\c[1]5\\c[0]): Swimming Trunks <br>": "\\c[13]阶段 5\\c[0](\\c[1]5\\c[0]): 泳裤<br>",
  "- Kate's Locker Room: \\c[10]Ball Sucking\\c[0], \\c[10]Blowjob\\c[0] (\\c[20]12 PM\\c[0]) <br>": "- 凯特的更衣室: \\c[10]吸蛋蛋\\c[0], \\c[10]口交\\c[0] (\\c[20]12 PM\\c[0])<br>",
  "\\c[13]Stage 6\\c[0](\\c[1]6\\c[0]): Leg Cramps (\\c[2]30 AP\\c[0]) <br>": "\\c[13]阶段 6\\c[0](\\c[1]6\\c[0]): 腿抽筋 (\\c[2]30好感度\\c[0])<br>",
  "\\c[13]Stage 7\\c[0](\\c[1]7\\c[0]): Cindy Useful Information (\\c[2]Cindy 20 AP\\c[0], \\c[2]Kate 40 AP\\c[0]) <br>": "\\c[13]阶段 7\\c[0](\\c[1]7\\c[0]): 辛迪的有用信息 (\\c[2]辛迪 20好感度\\c[0], \\c[2]凯特 40好感度\\c[0])<br>",
  "\\c[13]Stage 8\\c[0](\\c[1]8\\c[0]): Cindy Helping Hand <br>": "\\c[13]阶段 8\\c[0](\\c[1]8\\c[0]): 辛迪伸出援手<br>",
  "- CPR: \\c[10]Suprise Vagina Sex\\c[0] (\\c[1]Once\\c[0]), \\c[10]Pantie Buttjob\\c[0] <br>": "- CPR: \\c[10]意外做爱\\c[0] (\\c[1]仅一次\\c[0]), \\c[10]内裤股沟交\\c[0]<br>",
  "\\C[12]Nina\\C[0] <br>": "\\C[12]妮娜\\C[0]<br>",
  "\\c[2]Affection\\c[0]: \\c[2]\\v[111]\\c[0]|\\c[1]Progress\\c[0]: \\c[1]\\v[112]\\c[0] <br>": "\\c[2]好感度\\c[0]: \\c[2]\\v[111]\\c[0]|\\c[1]进度\\c[0]: \\c[1]\\v[112]\\c[0]<br>",
  "- Peeping Nina at the Swimming Pool <br>": "- 在泳池偷看妮娜<br>",
  "\\c[13]Stage 1\\c[0](\\c[1]2\\c[0]): Ask to join the Swimming Club <br>": "\\c[13]阶段1\\c[0](\\c[1]2\\c[0]): 请求加入游泳部<br>",
  "\\c[13]Stage 2\\c[0](\\c[1]3\\c[0]): Join the Swimming Club (After Kate \\c[10]Belly Rub\\c[0]) <br>": "\\c[13]阶段2\\c[0](\\c[1]3\\c[0]): 加入游泳部 (在和凯特\\c[10]蹭肚子\\c[0]之后)<br>",
  "\\C[20]Ek\\c[0] <br>": "\\C[20]埃克\\c[0]<br>",
  "\\c[2]Friendship\\c[0]: \\c[2]\\v[145]\\c[0]|\\c[1]Progress\\c[0]: \\c[1]\\v[146]\\c[0] <br>": "\\c[2]友情度\\c[0]: \\c[2]\\v[145]\\c[0]|\\c[1]进度\\c[0]: \\c[1]\\v[146]\\c[0]<br>",
  "\\c[13]Stage 1\\c[0](\\c[1]1\\c[0]): Help with the Chicken (\\c[1]10 FP\\c[0]) (\\c[1]After Maleena First Meeting\\c[0]) (\\c[2]PREVIOUS\\c[0]) <br>": "\\c[13]阶段1\\c[0](\\c[1]1\\c[0]): 帮着喂鸡 (\\c[1]10友情度\\c[0]) (\\c[1]在和玛丽娜初次见面后\\c[0]) (\\c[2]上一版本\\c[0])<br>",
  "\\c[13]Stage 2\\c[0](\\c[1]3\\c[0]): Impressions Changed (\\c[1]20 FP\\c[0]) (\\c[1]After Pixie River Sliding Game and Daisy's Room Backup Keys\\c[0]) (\\c[2]PREVIOUS\\c[0]) <br>": "\\c[13]阶段2\\c[0](\\c[1]3\\c[0]): 印象改变 (\\c[1]20友情度\\c[0]) (\\c[1]在 皮可茜摩擦游戏 和 黛西卧室备用钥匙 后\\c[0]) (\\c[2]上一版本\\c[0])<br>",
  "\\c[13]Stage 3\\c[0](\\c[1]5\\c[0]): How to Build (\\c[1]Morning Ek's House\\c[0]) (\\c[2]PREVIOUS\\c[0]) <br>": "\\c[13]阶段3\\c[0](\\c[1]5\\c[0]): 如何建造 (\\c[1]早晨去埃克的房子\\c[0]) (\\c[2]上一版本\\c[0])<br>",
  "- Shop Items: \\i[190]\\c[14]New Building Blueprint\\c[0], \\i[295]\\c[14]Wood\\c[0], \\i[305]\\c[14]Stone\\c[0] <br>": "- 商店物品: \\i[190]\\c[14]新建筑蓝图\\c[0], \\i[295]\\c[14]木材\\c[0], \\i[305]\\c[14]石材\\c[0]<br>",
  "\\c[13]Stage 4\\c[0](\\c[1]6\\c[0]): The Almighty Workbench (\\c[2]PREVIOUS\\c[0]) <br>": "\\c[13]阶段4\\c[0](\\c[1]6\\c[0]): 万能工作台 (\\c[2]上一版本\\c[0])<br>",
  "\\C[2]Danesia\\c[0] <br>": "\\C[2]达奈希娅\\c[0]<br>",
  "\\c[2]Affection\\c[0]: \\c[2]\\v[161]\\c[0]|\\c[1]Progress\\c[0]: \\c[1]\\v[162]\\c[0] <br>": "\\c[2]好感度\\c[0]: \\c[2]\\v[161]\\c[0]|\\c[1]进度\\c[0]: \\c[1]\\v[162]\\c[0]<br>",
  "\\c[13]Stage 1\\c[0](\\c[1]1\\c[0]): The First Meeting <br>": "\\c[13]阶段1\\c[0](\\c[1]1\\c[0]): 初次见面<br>",
  "- Shop Items: \\i[196]\\c[14]DIY Tools\\c[0], \\i[297]\\c[14]Nails\\c[0] <br>": "- 商店物品: \\i[196]\\c[14]DIY工具\\c[0], \\i[297]\\c[14]钉子\\c[0]<br>",
  "- \\c[10]Naked Forging\\c[0] (Go in without Ringing the Bell) <br>": "- \\c[10]裸体铁匠\\c[0] (不敲铃铛就进去)<br>",
  "\\c[13]Stage 2\\c[0](\\c[1]5\\c[0]): Customers (\\c[20]Afternoon\\c[0]) (\\c[1]After Ek How to Build\\c[0]) (\\c[2]PREVIOUS\\c[0]) <br>": "\\c[13]阶段2\\c[0](\\c[1]5\\c[0]): 顾客 (\\c[20]下午\\c[0]) (\\c[1]在询问埃克如何建造后\\c[0]) (\\c[2]上一版本\\c[0])<br>",
  "- New Tools: \\i[251]\\c[14]Axe\\c[0], \\i[252]\\c[14]Hammer\\c[0] <br>": "- 新工具: \\i[251]\\c[14]斧头\\c[0], \\i[252]\\c[14]锤子\\c[0]<br>",
  "\\C[20]Cindy\\C[0] <br>": "\\C[20]辛迪\\C[0]<br>",
  "\\c[2]Affection\\c[0]: \\c[2]\\v[113]\\c[0]|\\c[1]Progress\\c[0]: \\c[1]\\v[114]\\c[0] <br>": "\\c[2]好感度\\c[0]: \\c[2]\\v[113]\\c[0]|\\c[1]进度\\c[0]: \\c[1]\\v[114]\\c[0]<br>",
  "- Peeping Cindy at the Swimming Pool <br>": "- 在泳池偷看<br>",
  "\\C[5]Maleena\\c[0] <br>": "\\C[5]玛丽娜\\c[0]<br>",
  "\\c[2]Affection\\c[0]: \\c[2]\\v[165]\\c[0]|\\c[1]Progress\\c[0]: \\c[1]\\v[166]\\c[0] <br>": "\\c[2]好感度\\c[0]: \\c[2]\\v[165]\\c[0]|\\c[1]进度\\c[0]: \\c[1]\\v[166]\\c[0]<br>",
  "\\c[13]Stage 1\\c[0](\\c[1]4\\c[0]): The First Meeting (\\c[20]Forest Afternoon\\c[0]) (\\c[2]PREVIOUS\\c[0]) <br>": "\\c[13]阶段1\\c[0](\\c[1]4\\c[0]): 初次见面 (\\c[20]下午森林里\\c[0]) (\\c[2]上一版本\\c[0])<br>",
  "\\C[4]Swimming Club Points\\C[0] <br>": "\\C[4]游泳部点数\\C[0]<br>",
  "\\c[2]Points\\c[0]: \\c[2]\\v[125]\\c[0] <br>": "\\c[2]点数\\c[0]: \\c[2]\\v[125]\\c[0]<br>",
  "\\c[1]Tanned Girl's Progress\\c[0]: \\c[1]\\v[126]\\c[0] <br>": "\\c[1]黑肤女孩进度\\c[0]: \\c[1]\\v[126]\\c[0]<br>",
  "\\C[2]Tanned Girl\\C[0] <br>": "\\C[2]黑肤女孩\\C[0]<br>",
  "\\c[13]Stage 1\\c[0](\\c[1]1\\c[0]): Sunscreen Oil (\\c[2]20 AP\\c[0]) (\\c[1]After Swimming Trunks from Kate\\c[0]) <br>": "\\c[13]阶段1\\c[0](\\c[1]1\\c[0]): 防晒霜 (\\c[2]20好感度\\c[0]) (\\c[1]从凯特那里获得泳裤后\\c[0])<br>",
  "- Oil Massage: \\c[10]Back Rub\\c[0] <br>": "- 涂油按摩: \\c[10]蹭背\\c[0]<br>",
  "\\c[13]Stage 2\\c[0](\\c[1]2\\c[0]): Out of Sunscreen Oil (\\c[2]50 AP\\c[0]) <br>": "\\c[13]阶段2\\c[0](\\c[1]2\\c[0]): 用光防晒霜 (\\c[2]50好感度\\c[0])<br>",
  "\\c[13]Stage 3\\c[0](\\c[1]3\\c[0]): Customer Advise (\\c[1]Convenience Store\\c[0] 2000\\i[172]) <br>": "\\c[13]阶段3\\c[0](\\c[1]3\\c[0]): 顾客建议 (\\c[1]便利店\\c[0] 2000\\i[172])<br>",
  "\\c[13]Stage 4\\c[0](\\c[1]4\\c[0]): Inner Massage (\\c[1]Require \\c[14]Lover Oil\\i[213]\\c[0]) <br>": "\\c[13]阶段4\\c[0](\\c[1]4\\c[0]): 体内按摩 (\\c[1]需要\\c[14]爱之油\\i[213]\\c[0])<br>",
  "- Oil Massage: \\c[10]Back Rub\\c[0], \\c[10]Tit Rub\\c[0], \\c[10]Butt Rub\\c[0], \\c[10]Slow Push\\c[0], \\c[10]Flatiron\\c[0] (\\c[1]Require \\c[14]Lover Oil\\i[213]\\c[0]\\c[1]to Repeat\\c[0]) <br>": "- 涂油按摩: \\c[10]蹭背\\c[0], \\c[10]揉胸\\c[0], \\c[10]揉臀\\c[0], \\c[10]慢推\\c[0], \\c[10]熨斗\\c[0] (\\c[1]需要\\c[14]爱之油\\i[213]\\c[0]\\c[1]以重复\\c[0])<br>",
  "\\C[20]Ebony Girls\\C[0] <br>": "\\C[20]骨感女孩\\C[0]<br>",
  "\\c[1]Ebony Girls' Progress\\c[0]: \\c[1]\\v[131]\\c[0] <br>": "\\c[1]骨感女孩进度\\c[0]: \\c[1]\\v[131]\\c[0]<br>",
  "\\c[13]Stage 1\\c[0](\\c[1]2\\c[0]): Bum <br>": "\\c[13]阶段1\\c[0](\\c[1]2\\c[0]): 屁股<br>",
  "\\c[13]Stage 2\\c[0](\\c[1]3\\c[0]): Drinks (Require 500\\i[172]) <br>": "\\c[13]阶段2\\c[0](\\c[1]3\\c[0]): 饮料 (需要500\\i[172])<br>",
  "\\c[13]Stage 3\\c[0](\\c[1]4\\c[0]): Request <br>": "\\c[13]阶段3\\c[0](\\c[1]4\\c[0]): 请求<br>",
  "\\c[13]Stage 4\\c[0](\\c[1]6\\c[0]): Photo Shoot <br>": "\\c[13]阶段4\\c[0](\\c[1]6\\c[0]): 拍照<br>",
  "- \\c[10]Blowjob\\c[0], \\c[10]Astride\\c[0] <br>": "- \\c[10]口交\\c[0], \\c[10]骑乘位\\c[0]<br>",
  "\\c[13]Stage 5\\c[0](\\c[1]7\\c[0]): Reward (Receive 3000\\i[172]) <br>": "\\c[13]阶段5\\c[0](\\c[1]7\\c[0]): 奖励 (获得3000\\i[172])<br>",
  "Swimming Pool": "泳池",
  "School Courtyard": "学校庭院",
  "Change Tanned Girl's Progress": "修改黑肤女孩进度",
  "Change Ebony Girls' Progress": "修改骨感女孩进度",
  "\\c[1]6 AM - 8 AM\\c[0]: Barn <br>": "\\c[1]6 AM - 8 AM\\c[0]: 谷仓<br>",
  "\\c[1]9 AM - 10 AM\\c[0]: Bathroom <br>": "\\c[1]9 AM - 10 AM\\c[0]: 浴室<br>",
  "\\c[1]10 AM\\c[0]: Hanging up the Laundry (\\c[1]Friday\\c[0]) <br>": "\\c[1]10 AM\\c[0]: 晾衣服 (\\c[1]周五\\c[0])<br>",
  "\\c[1]11 AM\\c[0]: Cooking <br>": "\\c[1]11 AM\\c[0]: 做饭<br>",
  "\\c[1]12 AM -\\c[0] \\c[20]1 PM\\c[0]: Lunch <br>": "\\c[1]12 AM -\\c[0] \\c[20]1 PM\\c[0]: 午饭<br>",
  "\\c[20]3 PM - 5 PM\\c[0]: Cornfield <br>": "\\c[20]3 PM - 5 PM\\c[0]: 玉米田<br>",
  "\\c[20]5 PM\\c[0]: Cooking <br>": "\\c[20]5 PM\\c[0]: 做饭<br>",
  "\\c[20]6 PM\\c[0]: Dinner <br>": "\\c[20]6 PM\\c[0]: 晚饭<br>",
  "\\c[20]7 PM\\c[0]: Washing Dish <br>": "\\c[20]7 PM\\c[0]: 洗碗<br>",
  "\\c[20]8 PM\\c[0]: Bathroom <br>": "\\c[20]8 PM\\c[0]: 浴室<br>",
  "\\c[20]9 PM\\c[0]: Mirror <br>": "\\c[20]9 PM\\c[0]: 镜子前<br>",
  "\\c[20]10 PM -\\c[0] \\c[1]6 AM\\c[0]: Sleeping <br>": "\\c[20]10 PM -\\c[0] \\c[1]6 AM\\c[0]: 睡觉<br>",
  "\\C[6]\\C[30]Mrs. Adeera\\C[0] <br>": "\\C[6]\\C[30]阿黛拉女士\\C[0]<br>",
  "\\c[20]1 PM - 3 PM\\c[0]: Office <br>": "\\c[20]1 PM - 3 PM\\c[0]: 办公室<br>",
  "\\c[20]3 PM - 6 PM\\c[0]: Office (\\c[12]Sometime\\c[0]) <br>": "\\c[20]3 PM - 6 PM\\c[0]: 办公室 (\\c[12]有时\\c[0])<br>",
  "\\c[1]6 AM - 8 AM\\c[0]: Help \\C[2]Mr. Carter\\C[0] <br>": "\\c[1]6 AM - 8 AM\\c[0]: 帮助\\C[2]卡特先生\\C[0]<br>",
  "\\c[1]8 AM - 12 AM\\c[0]: In Front of Her House <br>": "\\c[1]8 AM - 12 AM\\c[0]: 在她房子门前<br>",
  "\\c[20]1 PM - 3 PM\\c[0]: In Front of Her House <br>": "\\c[20]1 PM - 3 PM\\c[0]: 在她房子门前<br>",
  "\\c[20]3 PM - 5 PM\\c[0]: Vegetable Field (\\c[1]Weekday\\c[0]) <br>": "\\c[20]3 PM - 5 PM\\c[0]: 蔬菜田 (\\c[1]周内\\c[0])<br>",
  "             Churning Milk (\\c[2]Weekend\\c[0]) <br>": "             搅拌牛奶 (\\c[2]周末\\c[0])<br>",
  "\\c[0]\\c[10]Chirstmas Night\\c[0] after Sleep (When make your own \\c[1]Christmas Tree\\c[0]) <br>": "\\c[0]\\c[10]圣诞夜\\c[0]睡觉后 (前提你做了一棵\\c[1]圣诞树\\c[0])<br>",
  "\\C[21]Joyce\\C[0] <br>": "\\C[21]乔伊丝\\C[0]<br>",
  "\\c[1]6 AM - 8 AM\\c[0]: Barn (\\c[20]Weekends\\c[0]) <br>": "\\c[1]6 AM - 8 AM\\c[0]: 谷仓 (\\c[20]周末\\c[0])<br>",
  "\\c[20]12 PM\\c[0]: Lunch (\\c[20]Weekends\\c[0]) <br>": "\\c[20]12 PM\\c[0]: 午饭 (\\c[20]周末\\c[0])<br>",
  "\\c[20]6 PM\\c[0]: Dinner (\\c[20]Weekends\\c[0]) <br>": "\\c[20]6 PM\\c[0]: 晚饭 (\\c[20]周末\\c[0])<br>",
  "\\c[20]9 PM - 11 PM\\c[0]: Your Room (\\c[20]Weekends\\c[0]) <br>": "\\c[20]9 PM - 11 PM\\c[0]: 你的房间 (\\c[20]周末\\c[0])<br>",
  "\\c[1]8 AM - 12 AM\\c[0]: Vegetable Field <br>": "\\c[1]8 AM - 12 AM\\c[0]: 蔬菜田<br>",
  "\\c[20]3 PM - 5 PM\\c[0]: Horse Stable <br>": "\\c[20]3 PM - 5 PM\\c[0]: 马厩<br>",
  "\\c[1]6 AM\\c[0]: Bathroom  <br>": "\\c[1]6 AM\\c[0]: 浴室 <br>",
  "\\c[1]7 AM\\c[0]: Barn (\\c[2]Weekend\\c[0]) <br>": "\\c[1]7 AM\\c[0]: 谷仓 (\\c[2]周末\\c[0])<br>",
  "\\c[1]8 AM - \\c[1]11 AM\\c[0]: Outside the Barn (\\c[2]Weekend\\c[0]) <br>": "\\c[1]8 AM - \\c[1]11 AM\\c[0]: 谷仓外 (\\c[2]周末\\c[0])<br>",
  "\\c[1]11 AM\\c[0]: Watching TV (\\c[2]Weekend\\c[0]) <br>": "\\c[1]11 AM\\c[0]: 看电视 (\\c[2]周末\\c[0])<br>",
  "\\c[1]12 AM -\\c[0] \\c[20]1 PM\\c[0]: Lunch (\\c[2]Weekend\\c[0]) <br>": "\\c[1]12 AM -\\c[0] \\c[20]1 PM\\c[0]: 午饭 (\\c[2]周末\\c[0])<br>",
  "\\c[20]3 PM\\c[0]: Changing Clothes (\\c[1]Weekday\\c[0]) <br>": "\\c[20]3 PM\\c[0]: 换衣服 (\\c[1]周内\\c[0])<br>",
  "\\c[20]4 PM - 6 PM\\c[0]: Milking Cows <br>": "\\c[20]4 PM - 6 PM\\c[0]: 给奶牛挤奶<br>",
  "\\c[20]7 PM\\c[0]: Bathroom <br>": "\\c[20]7 PM\\c[0]: 浴室<br>",
  "\\c[20]8 PM\\c[0]: Doing Homework (\\c[1]Weekday\\c[0]) <br>": "\\c[20]8 PM\\c[0]: 写作业 (\\c[1]周内\\c[0])<br>",
  "      Watching TV (\\c[2]Weekend\\c[0]) <br>": "      看电视 (\\c[2]周末\\c[0])<br>",
  "\\c[20]9 PM\\c[0]: Reading Book on Her Bed <br>": "\\c[20]9 PM\\c[0]: 在床上看书<br>",
  "\\c[1]7 AM - 12 AM\\c[0]: Classroom <br>": "\\c[1]7 AM - 12 AM\\c[0]: 教室<br>",
  "\\c[20]7 PM - 9 PM\\c[0]: School (\\c[1]Thursday\\c[0]) <br>": "\\c[20]7 PM - 9 PM\\c[0]: 学校 (\\c[1]周四\\c[0])<br>",
  "\\c[20]4 PM\\c[0]: Cornfield <br>": "\\c[20]4 PM\\c[0]: 玉米田<br>",
  "\\c[1]7 AM - 11 AM\\c[0]: Classroom <br>": "\\c[1]7 AM - 11 AM\\c[0]: 教室<br>",
  "\\c[1]6 AM - 9 AM\\c[0]: Daisy's Farm (\\c[1]Only Monday\\c[0]) <br>": "\\c[1]6 AM - 9 AM\\c[0]: 黛西的农场 (\\c[1]仅限周一\\c[0])<br>",
  "\\c[20]12 PM\\c[0]: Kate's Locker Room <br>": "\\c[20]12 PM\\c[0]: 凯特的更衣室<br>",
  "\\c[20]1 PM - 3 PM\\c[0]: Swimming Pool <br>": "\\c[20]1 PM - 3 PM\\c[0]: 泳池<br>",
  "\\c[20]1 PM\\c[0]: Shower <br>": "\\c[20]1 PM\\c[0]: 冲澡<br>",
  "\\c[20]2 PM - 5 PM\\c[0]: Swimming <br>": "\\c[20]2 PM - 5 PM\\c[0]: 游泳<br>",
  "\\c[20]5 PM - 6 PM\\c[0]: Swimming Pool <br>": "\\c[20]5 PM - 6 PM\\c[0]: 泳池<br>",
  "\\c[1]6 AM - 9 AM\\c[0]: Training <br>": "\\c[1]6 AM - 9 AM\\c[0]: 训练<br>",
  "\\c[20]1 PM - 5 PM\\c[0]: Chicken Coops <br>": "\\c[20]1 PM - 5 PM\\c[0]: 鸡舍<br>",
  "\\c[1]6 AM - 12 PM\\c[0]: Home <br>": "\\c[1]6 AM - 12 PM\\c[0]: 家里<br>",
  "\\c[20]1 PM - 3 PM\\c[0]: Home <br>": "\\c[20]1 PM - 3 PM\\c[0]: 家里<br>",
  "\\c[20]1 PM\\c[0]: Chatting <br>": "\\c[20]1 PM\\c[0]: 聊天<br>",
  "\\c[20]2 PM - 3 PM\\c[0]: Swimming <br>": "\\c[20]2 PM - 3 PM\\c[0]: 游泳<br>",
  "\\C[4]Swimming Club Mob\\C[0] <br>": "\\C[4]游泳部众人\\C[0]<br>",
  "\\c[20]2 PM - 3 PM\\c[0]: Sunbathing <br>": "\\c[20]2 PM - 3 PM\\c[0]: 日光浴<br>",
  "\\C[4]School Courtyard Mob\\C[0] <br>": "\\C[4]庭院众人\\C[0]<br>",
  "\\C[2]Ebony Girls\\C[0] <br>": "\\C[2]骨感女孩\\C[0]<br>",
  "\\c[20]12 PM\\c[0]: School Courtyard <br>": "\\c[20]12 PM\\c[0]: 学校庭院<br>",
  "Daisy's Family": "黛西的家",
  "School": "学校",
  "Neighbours": "邻居",
  "Special": "特殊",
  "(\\C[3]NEW\\C[0])": "(\\C[3]新\\C[0])",
  "(\\c[2]PREVIOUS\\c[0])": "(\\c[2]上一版本\\c[0])"
}