{
  "gameTitle": "我的乡村日常生活",
  "locale": "zh_CN",
  "Fight": "打架",
  "Escape": "离开",
  "Attack": "攻击",
  "Guard": "防守",
  "Item": "物品",
  "Skill": "技能",
  "Equip": "装备",
  "Status": "状态",
  "Formation": "形态",
  "Save": "保存",
  "Game End": "游戏结束",
  "Options": "选项",
  "Weapon": "武器",
  "Armor": "盔甲",
  "Key Item": "关键物品",
  "Optimize": "优化",
  "Clear": "清除",
  "New Game": "新游戏",
  "Continue": "继续",
  "To Title": "返回标题",
  "Cancel": "取消",
  "Buy": "购买",
  "Sell": "出售"
}